vehicle_id,timestamp,speed,rpm,engine_temp,fuel_level,idle_time,harsh_brake,distance,driver_id,route_type,failure,failure_prob,predicted_fuel,driver_score
151,2025-01-01 00:00:00,112,3429,73,77,43,0,269,7,highway,0,0.01,54.53659191691822,68.5
192,2025-01-01 01:00:00,84,3160,103,66,28,0,75,11,city,1,0.99,54.553319844990966,86.0
114,2025-01-01 02:00:00,60,866,111,19,0,0,257,17,city,0,0.0,54.77812389241778,100.0
171,2025-01-01 03:00:00,8,868,91,75,29,0,200,5,highway,0,0.0,54.75585543510856,85.5
160,2025-01-01 04:00:00,5,928,74,17,55,0,98,1,city,0,0.0,54.74748544011427,72.5
120,2025-01-01 05:00:00,114,2702,119,47,44,0,104,3,highway,0,0.0,54.61128842182501,68.0
182,2025-01-01 06:00:00,108,1066,111,71,0,0,164,16,city,0,0.0,54.77705701614975,90.0
186,2025-01-01 07:00:00,34,1227,92,37,2,0,113,15,highway,0,0.0,54.7308897500005,99.0
174,2025-01-01 08:00:00,38,1490,84,19,21,0,103,4,highway,0,0.0,54.70497202920875,89.5
174,2025-01-01 09:00:00,21,1223,100,54,7,0,37,12,highway,0,0.0,54.725872316519606,96.5
187,2025-01-01 10:00:00,40,1795,78,74,55,0,106,1,highway,0,0.0,54.67336636506829,72.5
199,2025-01-01 11:00:00,117,2368,112,76,17,0,187,17,city,0,0.02,54.6475645515684,81.5
123,2025-01-01 12:00:00,4,2853,94,18,24,1,21,15,highway,0,0.0,54.55258355417503,68.0
102,2025-01-01 13:00:00,41,3479,94,14,47,0,148,10,city,0,0.01,54.50283584962606,76.5
121,2025-01-01 14:00:00,86,2608,118,19,51,0,129,11,highway,0,0.0,54.6093192662191,74.5
152,2025-01-01 15:00:00,80,3712,90,21,19,0,187,18,highway,0,0.0,54.49594469950527,90.5
101,2025-01-01 16:00:00,75,2005,78,91,30,0,284,2,highway,0,0.01,54.66708548775989,85.0
187,2025-01-01 17:00:00,86,832,117,67,29,0,199,6,highway,0,0.01,54.79083470752007,85.5
129,2025-01-01 18:00:00,79,3281,107,30,15,0,235,16,city,1,0.96,54.53953861209731,92.5
137,2025-01-01 19:00:00,66,3722,91,30,1,0,108,7,city,0,0.0,54.49004283633613,99.5
101,2025-01-01 20:00:00,29,3016,112,74,16,0,9,19,highway,1,0.92,54.54637191646748,92.0
163,2025-01-01 21:00:00,56,3420,92,12,9,1,226,12,city,0,0.0,54.516413204542154,75.5
159,2025-01-01 22:00:00,85,2342,118,78,6,0,209,18,city,0,0.0,54.63781020100298,97.0
120,2025-01-01 23:00:00,72,3538,73,98,58,1,245,10,highway,0,0.05,54.508832654372554,51.0
132,2025-01-02 00:00:00,28,2588,98,73,41,0,288,7,city,0,0.0,54.588474438883324,79.5
175,2025-01-02 01:00:00,110,2470,84,58,50,0,66,4,highway,0,0.0,54.63303083799072,65.0
157,2025-01-02 02:00:00,36,717,70,81,51,0,153,17,highway,0,0.0,54.78155428279332,74.5
121,2025-01-02 03:00:00,86,2477,99,26,58,0,191,17,city,0,0.0,54.62235534531649,71.0
188,2025-01-02 04:00:00,12,816,98,82,8,1,218,4,city,0,0.0,54.76360882764787,76.0
148,2025-01-02 05:00:00,31,1497,89,41,53,0,154,5,highway,0,0.0,54.70014052407511,73.5
190,2025-01-02 06:00:00,45,3915,102,79,16,1,277,1,highway,1,0.96,54.461369728691494,72.0
158,2025-01-02 07:00:00,115,3298,110,30,8,0,82,19,highway,1,0.98,54.55255062465104,86.0
141,2025-01-02 08:00:00,110,3676,113,16,8,0,221,11,city,1,0.99,54.512101240232504,86.0
191,2025-01-02 09:00:00,111,2411,105,16,36,0,280,1,highway,0,0.05,54.64000522436267,72.0
159,2025-01-02 10:00:00,22,1452,91,36,23,0,111,8,highway,0,0.0,54.702330500930756,88.5
179,2025-01-02 11:00:00,44,3169,82,17,38,0,92,4,highway,0,0.0,54.535934907546,81.0
114,2025-01-02 12:00:00,16,2092,76,82,10,0,12,15,highway,0,0.0,54.63536653683126,95.0
161,2025-01-02 13:00:00,118,3393,77,37,7,0,139,17,highway,0,0.0,54.544134773891756,86.5
161,2025-01-02 14:00:00,103,3305,97,88,24,0,155,18,city,0,0.0,54.546366054335614,78.0
146,2025-01-02 15:00:00,84,2797,114,75,45,0,23,3,city,0,0.01,54.58954077200864,77.5
161,2025-01-02 16:00:00,65,1377,112,80,1,0,220,18,city,0,0.01,54.72812292601119,99.5
150,2025-01-02 17:00:00,100,805,78,56,9,0,237,7,city,0,0.0,54.80001989260175,95.5
154,2025-01-02 18:00:00,5,3987,94,91,52,0,253,17,city,0,0.03,54.436514246652514,74.0
163,2025-01-02 19:00:00,107,1357,85,95,23,1,183,18,highway,0,0.0,54.74612055315595,58.5
102,2025-01-02 20:00:00,17,2646,79,19,47,0,198,8,city,0,0.0,54.57791385748972,76.5
150,2025-01-02 21:00:00,93,2148,80,42,15,0,170,11,highway,0,0.0,54.6603835527282,92.5
106,2025-01-02 22:00:00,21,1795,100,16,18,0,123,3,city,0,0.0,54.66725113616185,91.0
120,2025-01-02 23:00:00,117,1687,81,12,58,0,34,7,city,0,0.0,54.71514365213304,61.0
172,2025-01-03 00:00:00,32,3589,100,23,30,0,3,15,highway,0,0.01,54.488730862013334,85.0
138,2025-01-03 01:00:00,29,2508,83,53,10,1,6,10,city,0,0.0,54.598279896568,75.0
117,2025-01-03 02:00:00,80,2482,113,55,5,0,102,12,city,0,0.0,54.62160582649007,97.5
103,2025-01-03 03:00:00,106,1145,101,70,5,0,192,12,highway,0,0.0,54.76801531778291,87.5
188,2025-01-03 04:00:00,31,2648,119,45,31,0,13,19,city,0,0.0,54.583986176019096,84.5
159,2025-01-03 05:00:00,41,3957,86,22,38,0,36,19,city,0,0.01,54.4545924085016,81.0
113,2025-01-03 06:00:00,114,2817,104,25,47,0,70,15,city,0,0.0,54.59947044158705,66.5
108,2025-01-03 07:00:00,77,2697,70,89,12,0,289,5,highway,0,0.0,54.598249883787936,94.0
189,2025-01-03 08:00:00,9,2897,98,14,58,0,105,13,city,0,0.0,54.548725589286995,71.0
152,2025-01-03 09:00:00,110,1473,73,98,2,0,204,9,city,0,0.0,54.736387181713305,89.0
101,2025-01-03 10:00:00,114,2261,92,47,55,0,55,10,highway,0,0.0,54.655687226646144,62.5
183,2025-01-03 11:00:00,35,2375,97,59,55,0,107,8,city,0,0.0,54.61237400236136,72.5
191,2025-01-03 12:00:00,33,1822,85,47,40,0,141,9,highway,0,0.0,54.668423520055306,80.0
159,2025-01-03 13:00:00,72,2001,81,65,55,0,225,6,highway,0,0.0,54.66526506592777,72.5
170,2025-01-03 14:00:00,105,2286,90,72,34,1,36,18,highway,0,0.01,54.65039018867558,53.0
143,2025-01-03 15:00:00,27,2386,114,57,37,0,133,10,highway,0,0.0,54.60877952955437,81.5
107,2025-01-03 16:00:00,10,1643,86,99,56,0,25,15,city,0,0.0,54.67673809959465,72.0
146,2025-01-03 17:00:00,77,1154,109,68,16,0,37,13,city,0,0.0,54.7550061354007,92.0
134,2025-01-03 18:00:00,38,1827,82,86,2,0,19,11,highway,0,0.0,54.671477061458894,99.0
177,2025-01-03 19:00:00,118,1645,101,53,33,0,35,2,city,0,0.0,54.720839148507,73.5
180,2025-01-03 20:00:00,46,1300,106,99,11,0,6,8,city,0,0.01,54.727915817986265,94.5
135,2025-01-03 21:00:00,117,3400,119,64,23,0,199,18,city,1,0.96,54.54236686541285,78.5
149,2025-01-03 22:00:00,18,1424,84,64,5,0,34,3,highway,0,0.0,54.70430830555384,97.5
103,2025-01-03 23:00:00,117,2980,81,10,41,0,56,3,city,0,0.0,54.584343666658924,69.5
101,2025-01-04 00:00:00,14,2117,118,17,10,0,256,7,highway,0,0.0,54.63202105959847,95.0
105,2025-01-04 01:00:00,27,2224,84,13,47,0,211,18,highway,0,0.0,54.624845523612336,76.5
153,2025-01-04 02:00:00,23,950,103,94,26,0,97,9,city,0,0.0,54.75366164730588,87.0
103,2025-01-04 03:00:00,71,2244,75,95,47,0,282,18,city,0,0.0,54.64047821271203,76.5
153,2025-01-04 04:00:00,106,778,86,62,23,0,241,1,highway,0,0.0,54.80460212967609,78.5
192,2025-01-04 05:00:00,8,3823,117,67,17,1,170,4,highway,1,0.98,54.455828985491856,71.5
162,2025-01-04 06:00:00,46,1597,118,46,26,0,294,4,highway,0,0.01,54.697097936421095,87.0
117,2025-01-04 07:00:00,32,3668,89,58,53,0,227,17,city,0,0.03,54.47975587114352,73.5
189,2025-01-04 08:00:00,61,1480,78,76,54,0,127,2,highway,0,0.0,54.71387392318309,73.0
143,2025-01-04 09:00:00,96,925,74,28,55,0,280,15,city,0,0.0,54.7843283726806,72.5
133,2025-01-04 10:00:00,18,1774,92,10,40,0,21,13,city,0,0.0,54.66728229916045,80.0
173,2025-01-04 11:00:00,66,1909,102,38,20,0,246,9,city,0,0.0,54.67364392266846,90.0
161,2025-01-04 12:00:00,73,1757,107,96,58,0,90,7,city,0,0.0,54.69035815092465,71.0
199,2025-01-04 13:00:00,39,1502,83,42,50,0,6,12,highway,0,0.0,54.702966872534105,75.0
113,2025-01-04 14:00:00,46,1441,86,61,33,0,266,12,highway,0,0.0,54.71267646332645,83.5
194,2025-01-04 15:00:00,105,2878,88,50,55,0,97,14,highway,0,0.0,54.589325982333776,62.5
147,2025-01-04 16:00:00,64,3770,102,32,32,0,150,15,highway,1,0.97,54.48309019713325,84.0
114,2025-01-04 17:00:00,28,3379,70,14,57,0,80,1,highway,0,0.01,54.50737688185893,71.5
171,2025-01-04 18:00:00,49,3585,82,80,47,1,17,9,highway,0,0.0,54.49526798861956,56.5
177,2025-01-04 19:00:00,97,3506,115,66,53,0,138,16,highway,1,0.98,54.522329389245854,73.5
186,2025-01-04 20:00:00,114,1403,96,15,17,0,140,9,city,0,0.0,54.74449849281876,81.5
161,2025-01-04 21:00:00,12,3244,75,58,2,0,40,16,highway,0,0.01,54.51693173718055,99.0
139,2025-01-04 22:00:00,117,2126,75,31,23,0,168,2,city,0,0.0,54.67193000570694,78.5
184,2025-01-04 23:00:00,0,3070,102,86,0,0,74,10,city,1,0.85,54.529890810922616,100.0
179,2025-01-05 00:00:00,33,3981,99,85,5,1,74,18,highway,0,0.03,54.45028946444096,77.5
181,2025-01-05 01:00:00,92,1314,115,13,18,0,50,13,highway,0,0.0,54.744675376568324,91.0
152,2025-01-05 02:00:00,47,1028,104,81,21,0,10,2,highway,0,0.0,54.75557009711171,89.5
123,2025-01-05 03:00:00,110,2095,92,73,50,1,103,13,highway,0,0.0,54.671167555110245,45.0
125,2025-01-05 04:00:00,76,2183,79,46,42,0,299,3,city,0,0.01,54.64889389279436,79.0
188,2025-01-05 05:00:00,47,832,88,40,58,0,104,15,city,0,0.0,54.77398933729682,71.0
159,2025-01-05 06:00:00,48,1534,97,46,7,0,290,3,city,0,0.0,54.70508516302356,96.5
140,2025-01-05 07:00:00,116,3398,92,54,4,0,280,10,city,0,0.0,54.542945975226644,88.0
128,2025-01-05 08:00:00,63,820,73,99,51,0,142,6,highway,0,0.0,54.78192029505958,74.5
114,2025-01-05 09:00:00,60,3353,89,17,8,0,297,14,city,0,0.04,54.52487393029092,96.0
144,2025-01-05 10:00:00,28,2175,88,49,46,0,170,9,city,0,0.0,54.63027114280214,77.0
164,2025-01-05 11:00:00,38,1664,111,14,20,0,13,18,highway,0,0.0,54.68731749923906,90.0
188,2025-01-05 12:00:00,87,828,96,37,27,0,157,8,highway,0,0.0,54.791724827429285,86.5
170,2025-01-05 13:00:00,25,3862,103,90,45,1,174,6,highway,1,0.98,54.45754312735694,57.5
108,2025-01-05 14:00:00,16,2298,73,96,3,0,162,15,city,0,0.0,54.61470311430996,98.5
187,2025-01-05 15:00:00,70,2776,107,18,55,1,132,14,highway,0,0.01,54.585646154455915,52.5
100,2025-01-05 16:00:00,12,3469,76,11,23,1,28,15,highway,0,0.01,54.493190664659735,68.5
107,2025-01-05 17:00:00,68,2247,117,72,7,0,83,6,city,0,0.0,54.64060484578851,96.5
187,2025-01-05 18:00:00,25,1032,76,60,51,0,269,12,highway,0,0.0,54.7451027785764,74.5
162,2025-01-05 19:00:00,48,1853,119,40,16,0,251,10,city,0,0.0,54.672275368029986,92.0
110,2025-01-05 20:00:00,66,2016,95,16,33,0,106,19,highway,0,0.0,54.66223045799139,83.5
180,2025-01-05 21:00:00,6,1896,95,39,19,0,261,8,highway,0,0.0,54.65091601955773,90.5
107,2025-01-05 22:00:00,57,3691,88,67,15,0,14,5,highway,0,0.01,54.48900914437358,92.5
134,2025-01-05 23:00:00,48,3795,78,12,9,0,80,10,highway,0,0.0,54.47506436972334,95.5
134,2025-01-06 00:00:00,102,3870,89,60,33,0,160,11,city,0,0.01,54.488137058199214,73.5
132,2025-01-06 01:00:00,52,2129,111,65,42,0,178,14,city,0,0.01,54.64474922696172,79.0
104,2025-01-06 02:00:00,64,1055,114,82,9,0,155,14,city,0,0.0,54.760140884875284,95.5
140,2025-01-06 03:00:00,112,838,119,19,29,0,35,2,highway,0,0.01,54.800663902568836,75.5
127,2025-01-06 04:00:00,61,2226,85,70,29,0,259,17,city,0,0.0,54.639029949937466,85.5
106,2025-01-06 05:00:00,16,1897,86,59,50,1,260,15,city,0,0.0,54.65356135878275,55.0
172,2025-01-06 06:00:00,42,728,91,56,24,0,135,3,highway,0,0.0,54.783949176923976,88.0
171,2025-01-06 07:00:00,24,1630,82,99,56,0,131,3,city,0,0.0,54.683681378428545,72.0
111,2025-01-06 08:00:00,2,3243,81,10,45,0,81,3,city,0,0.0,54.5112592966968,77.5
133,2025-01-06 09:00:00,78,1713,79,66,42,0,59,3,city,0,0.0,54.697494941009,79.0
132,2025-01-06 10:00:00,28,3402,70,47,40,1,74,18,highway,0,0.01,54.50573324502963,60.0
147,2025-01-06 11:00:00,116,1527,101,71,6,0,239,6,city,0,0.0,54.73314095562749,87.0
122,2025-01-06 12:00:00,106,1050,99,88,46,1,129,14,highway,0,0.0,54.775999441728764,47.0
161,2025-01-06 13:00:00,31,3301,77,98,19,0,138,3,highway,0,0.0,54.518068320560154,90.5
187,2025-01-06 14:00:00,25,2724,90,79,16,0,103,1,city,0,0.0,54.57446164801491,92.0
136,2025-01-06 15:00:00,15,998,91,91,2,1,9,10,city,0,0.0,54.74654979238569,79.0
198,2025-01-06 16:00:00,24,2443,87,74,46,0,232,13,city,0,0.0,54.60141004345107,77.0
143,2025-01-06 17:00:00,53,2565,71,71,45,0,99,9,highway,0,0.0,54.60068773158186,77.5
185,2025-01-06 18:00:00,27,1915,117,65,39,0,218,2,city,0,0.02,54.65659743270896,80.5
190,2025-01-06 19:00:00,72,2395,113,76,35,0,237,10,highway,0,0.01,54.62601422394951,82.5
134,2025-01-06 20:00:00,119,2811,78,26,25,0,222,12,city,0,0.0,54.60298815164588,77.5
164,2025-01-06 21:00:00,55,1454,72,17,9,0,168,19,highway,0,0.01,54.71594978544841,95.5
198,2025-01-06 22:00:00,64,1469,95,69,33,1,62,3,city,0,0.0,54.71705618660492,63.5
146,2025-01-06 23:00:00,92,1938,90,49,13,0,10,19,highway,0,0.0,54.68142041315026,93.5
177,2025-01-07 00:00:00,85,1533,99,90,7,1,234,1,highway,0,0.0,54.72004290529508,76.5
102,2025-01-07 01:00:00,79,2913,97,98,54,0,87,15,highway,0,0.0,54.575368079653714,73.0
100,2025-01-07 02:00:00,40,2606,105,71,26,0,267,13,city,0,0.0,54.59207565461701,87.0
104,2025-01-07 03:00:00,114,2264,95,50,9,1,204,7,highway,0,0.0,54.65726384450245,65.5
189,2025-01-07 04:00:00,107,1918,103,21,56,0,241,2,highway,0,0.02,54.687718100810834,62.0
113,2025-01-07 05:00:00,50,1205,77,98,49,1,56,11,highway,0,0.0,54.73762872110306,55.5
126,2025-01-07 06:00:00,117,2057,79,63,14,0,110,16,city,0,0.0,54.67931532262083,83.0
108,2025-01-07 07:00:00,104,3540,117,98,36,0,49,14,highway,1,0.99,54.522377678367924,72.0
178,2025-01-07 08:00:00,70,3580,112,20,21,1,243,15,highway,1,1.0,54.50527186325971,69.5
114,2025-01-07 09:00:00,77,2160,119,69,44,1,16,19,city,0,0.0,54.65155264594257,58.0
189,2025-01-07 10:00:00,28,3605,83,77,49,0,73,7,highway,0,0.02,54.48472040786503,75.5
141,2025-01-07 11:00:00,82,2116,109,87,30,0,202,9,city,0,0.0,54.65860762247939,85.0
176,2025-01-07 12:00:00,18,3553,84,55,1,0,93,4,city,0,0.0,54.487957077322285,99.5
150,2025-01-07 13:00:00,65,1872,86,47,44,1,137,6,city,0,0.0,54.676023468141445,58.0
162,2025-01-07 14:00:00,40,1460,87,70,30,0,33,10,city,0,0.0,54.70845783503923,85.0
195,2025-01-07 15:00:00,44,1532,101,26,13,0,88,3,highway,0,0.0,54.703437059355956,93.5
151,2025-01-07 16:00:00,14,2128,107,75,9,0,203,1,city,0,0.0,54.63094328933673,95.5
195,2025-01-07 17:00:00,2,982,92,81,29,0,39,6,highway,0,0.0,54.74185278482975,85.5
103,2025-01-07 18:00:00,10,1078,115,45,35,1,114,5,city,0,0.0,54.735056462303845,62.5
193,2025-01-07 19:00:00,52,897,92,83,46,0,247,15,highway,0,0.0,54.769877427843355,77.0
122,2025-01-07 20:00:00,45,3762,104,16,39,0,208,11,highway,1,0.98,54.47598865347963,80.5
114,2025-01-07 21:00:00,29,3771,108,25,14,0,297,13,highway,1,0.93,54.46967180621435,93.0
142,2025-01-07 22:00:00,56,1255,84,23,13,0,211,6,highway,0,0.0,54.73642555761718,93.5
128,2025-01-07 23:00:00,103,1055,93,89,30,0,59,5,highway,0,0.0,54.7749409164102,75.0
135,2025-01-08 00:00:00,17,2263,97,34,28,1,156,2,city,0,0.0,54.617641386609364,66.0
112,2025-01-08 01:00:00,50,1740,85,13,26,0,122,17,highway,0,0.0,54.68416119380916,87.0
131,2025-01-08 02:00:00,47,3386,85,38,20,0,120,12,highway,0,0.0,54.51580732663786,90.0
170,2025-01-08 03:00:00,65,1078,109,65,8,0,297,12,highway,0,0.02,54.75824425437813,96.0
158,2025-01-08 04:00:00,95,1379,108,15,19,1,62,14,city,0,0.0,54.73922864963107,70.5
185,2025-01-08 05:00:00,7,3253,75,10,34,0,158,7,city,0,0.01,54.5126998656471,83.0
127,2025-01-08 06:00:00,21,2479,71,48,57,0,40,14,city,0,0.0,54.59609439995893,71.5
165,2025-01-08 07:00:00,5,1598,82,10,14,0,242,7,city,0,0.0,54.68102501658514,93.0
141,2025-01-08 08:00:00,75,775,113,72,23,0,40,9,city,0,0.0,54.792460267328316,88.5
144,2025-01-08 09:00:00,110,930,116,66,48,1,190,14,city,0,0.0,54.78972743650912,46.0
161,2025-01-08 10:00:00,56,2439,78,76,56,0,234,17,highway,0,0.0,54.61425623815982,72.0
156,2025-01-08 11:00:00,103,1661,103,74,15,0,15,17,city,0,0.02,54.713925583151536,82.5
105,2025-01-08 12:00:00,35,3049,86,74,35,0,124,13,highway,0,0.0,54.544647744933854,82.5
127,2025-01-08 13:00:00,78,3473,96,30,10,0,228,18,highway,0,0.0,54.51981563208853,95.0
127,2025-01-08 14:00:00,91,2962,98,39,56,0,280,19,highway,0,0.01,54.57512124495149,72.0
143,2025-01-08 15:00:00,115,3929,106,42,7,0,48,17,highway,1,0.99,54.48842014875168,86.5
183,2025-01-08 16:00:00,56,2816,112,57,2,0,189,6,highway,0,0.01,54.578125090999045,99.0
129,2025-01-08 17:00:00,48,1092,91,31,18,1,47,12,highway,0,0.0,54.74958566575702,71.0
161,2025-01-08 18:00:00,44,1808,93,63,45,0,184,6,city,0,0.0,54.67405941879545,77.5
174,2025-01-08 19:00:00,81,966,76,13,40,0,105,3,highway,0,0.0,54.77474963919587,80.0
191,2025-01-08 20:00:00,65,1792,103,96,2,1,247,15,city,0,0.0,54.68587738562514,79.0
188,2025-01-08 21:00:00,76,1310,117,64,35,0,264,3,highway,0,0.01,54.737962517665,82.5
161,2025-01-08 22:00:00,44,2070,81,53,24,1,206,15,highway,0,0.0,54.64827360801704,68.0
196,2025-01-08 23:00:00,117,1708,92,98,59,0,18,1,highway,0,0.0,54.712967089200575,60.5
100,2025-01-09 00:00:00,78,1661,84,21,35,0,251,3,highway,0,0.0,54.70306957986594,82.5
126,2025-01-09 01:00:00,19,3475,102,90,10,1,238,5,city,1,0.98,54.49592286823166,75.0
161,2025-01-09 02:00:00,63,1372,82,88,50,0,66,14,city,0,0.0,54.7258239542334,75.0
176,2025-01-09 03:00:00,92,3170,92,83,15,0,150,4,city,0,0.0,54.55604677162603,92.5
102,2025-01-09 04:00:00,105,3945,107,61,54,0,193,9,city,1,0.96,54.48085521666344,63.0
169,2025-01-09 05:00:00,92,2400,101,85,53,0,147,18,highway,0,0.01,54.63279970670833,73.5
171,2025-01-09 06:00:00,66,2862,114,74,16,1,183,10,highway,0,0.0,54.57688943932376,72.0
126,2025-01-09 07:00:00,82,2967,119,74,41,0,106,8,city,0,0.01,54.571612724584696,79.5
108,2025-01-09 08:00:00,2,730,104,19,23,1,236,13,highway,0,0.0,54.76772609937668,68.5
161,2025-01-09 09:00:00,53,2066,70,27,16,0,126,2,highway,0,0.0,54.65262128626814,92.0
136,2025-01-09 10:00:00,77,2100,116,56,47,1,179,7,city,0,0.0,54.6575318003604,56.5
196,2025-01-09 11:00:00,63,1853,114,75,19,0,13,11,city,0,0.0,54.67817536839485,90.5
150,2025-01-09 12:00:00,39,1316,74,58,21,0,231,5,highway,0,0.0,54.72306898066462,89.5
143,2025-01-09 13:00:00,58,1238,82,81,5,0,28,18,city,0,0.0,54.739284705741554,97.5
123,2025-01-09 14:00:00,54,3486,74,31,6,0,261,8,highway,0,0.0,54.5090208332256,97.0
178,2025-01-09 15:00:00,61,3773,101,95,13,1,100,10,highway,1,0.96,54.48235778796062,73.5
158,2025-01-09 16:00:00,3,1570,90,35,10,0,188,2,highway,0,0.0,54.68323315580031,95.0
131,2025-01-09 17:00:00,59,800,93,99,11,0,119,3,highway,0,0.0,54.783984465406974,94.5
195,2025-01-09 18:00:00,115,3829,87,18,45,1,46,5,highway,0,0.03,54.49703548258042,47.5
187,2025-01-09 19:00:00,74,2112,90,30,4,1,68,16,highway,0,0.0,54.65686587254731,78.0
151,2025-01-09 20:00:00,94,3439,79,72,4,0,171,10,highway,0,0.01,54.52994303714854,98.0
161,2025-01-09 21:00:00,106,1640,93,15,19,1,196,11,city,0,0.0,54.7171021563524,60.5
157,2025-01-09 22:00:00,95,1040,109,23,53,0,20,19,city,0,0.0,54.772313411599065,73.5
151,2025-01-09 23:00:00,90,3608,116,42,54,0,111,16,city,1,0.98,54.5091046924287,73.0
111,2025-01-10 00:00:00,29,1743,90,80,57,0,146,12,city,0,0.0,54.674156181124815,71.5
138,2025-01-10 01:00:00,106,737,94,33,14,1,192,2,city,0,0.0,54.80913990504506,63.0
101,2025-01-10 02:00:00,1,1359,92,82,25,0,229,11,highway,0,0.0,54.703274784268245,87.5
102,2025-01-10 03:00:00,61,2733,91,84,32,0,12,1,highway,0,0.0,54.58734638807056,84.0
155,2025-01-10 04:00:00,48,2260,73,96,56,1,217,5,city,0,0.0,54.62924804676559,52.0
180,2025-01-10 05:00:00,8,2356,103,60,29,0,79,14,highway,0,0.0,54.60452894157826,85.5
158,2025-01-10 06:00:00,91,3675,75,11,23,1,36,18,city,0,0.01,54.503960557002515,68.5
101,2025-01-10 07:00:00,30,1749,97,24,22,1,264,7,highway,0,0.0,54.67537924544514,69.0
101,2025-01-10 08:00:00,97,1153,100,44,8,1,28,5,highway,0,0.0,54.76346538175137,76.0
191,2025-01-10 09:00:00,60,2404,104,45,2,0,86,8,highway,0,0.0,54.621630689724014,99.0
153,2025-01-10 10:00:00,119,2046,108,48,57,0,188,15,city,0,0.0,54.6794780378092,61.5
186,2025-01-10 11:00:00,78,3484,111,13,35,1,254,5,highway,1,0.95,54.51767428570886,62.5
195,2025-01-10 12:00:00,47,1518,92,73,47,0,80,13,city,0,0.0,54.70467454395759,76.5
196,2025-01-10 13:00:00,24,1472,75,83,6,0,186,19,highway,0,0.0,54.701794987263234,97.0
100,2025-01-10 14:00:00,35,712,85,15,21,0,5,2,city,0,0.0,54.7828884608555,89.5
118,2025-01-10 15:00:00,7,3662,71,66,13,0,46,5,city,0,0.0,54.47196446175783,93.5
101,2025-01-10 16:00:00,72,1620,93,39,47,1,102,5,city,0,0.0,54.70433922471135,56.5
152,2025-01-10 17:00:00,57,1524,86,83,28,0,2,6,highway,0,0.0,54.70885673230935,86.0
143,2025-01-10 18:00:00,100,3118,114,76,49,0,217,16,highway,1,0.99,54.563156350457824,75.5
189,2025-01-10 19:00:00,111,2014,70,99,15,0,25,2,highway,0,0.0,54.681238337802306,82.5
131,2025-01-10 20:00:00,44,3079,75,24,47,0,257,5,highway,0,0.0,54.544719558690794,76.5
169,2025-01-10 21:00:00,61,3008,74,26,33,0,223,15,city,0,0.01,54.559338555409134,83.5
131,2025-01-10 22:00:00,38,2717,114,27,9,0,69,1,highway,0,0.02,54.58067957207884,95.5
167,2025-01-10 23:00:00,95,1928,119,28,6,0,197,19,city,0,0.01,54.68392828382704,97.0
154,2025-01-11 00:00:00,57,1396,98,85,24,0,272,3,city,0,0.0,54.72203769218122,88.0
174,2025-01-11 01:00:00,115,3434,81,97,26,1,182,19,highway,0,0.01,54.537983386647895,57.0
155,2025-01-11 02:00:00,80,1649,108,78,14,0,18,15,city,0,0.0,54.70595202648769,93.0
116,2025-01-11 03:00:00,98,3134,116,33,31,0,107,3,highway,1,0.99,54.5614624763637,84.5
137,2025-01-11 04:00:00,100,3568,72,57,27,1,17,8,highway,0,0.0,54.518292238937256,66.5
123,2025-01-11 05:00:00,82,3215,117,39,8,0,125,15,highway,1,1.0,54.547741565863944,96.0
168,2025-01-11 06:00:00,63,2138,70,24,6,1,82,1,city,0,0.0,54.649723251442964,77.0
197,2025-01-11 07:00:00,43,768,96,56,58,0,4,6,highway,0,0.0,54.77889194483558,71.0
169,2025-01-11 08:00:00,28,3875,117,53,55,0,115,17,city,1,0.96,54.45701653089636,72.5
185,2025-01-11 09:00:00,58,2481,93,36,15,0,137,16,highway,0,0.0,54.61246513299168,92.5
110,2025-01-11 10:00:00,70,3932,113,93,25,0,287,13,highway,1,0.99,54.469310571028444,87.5
115,2025-01-11 11:00:00,91,2947,88,73,34,1,228,1,highway,0,0.0,54.57754666265913,63.0
196,2025-01-11 12:00:00,8,2963,77,50,16,1,16,3,city,0,0.0,54.54333009685975,72.0
172,2025-01-11 13:00:00,91,2669,113,77,22,0,298,6,city,0,0.03,54.60630956356894,89.0
158,2025-01-11 14:00:00,5,911,116,14,7,0,212,3,city,0,0.0,54.75117782976449,96.5
169,2025-01-11 15:00:00,28,1207,71,62,1,1,246,15,highway,0,0.0,54.73055552674618,79.5
179,2025-01-11 16:00:00,57,2763,99,17,30,0,286,15,highway,0,0.0,54.582771205398885,85.0
192,2025-01-11 17:00:00,16,2221,99,31,56,1,282,11,city,0,0.0,54.62036579454888,52.0
102,2025-01-11 18:00:00,15,3631,118,16,51,0,177,6,highway,1,0.96,54.47677475733587,74.5
119,2025-01-11 19:00:00,86,1031,108,31,57,0,31,6,highway,0,0.0,54.769451433303175,71.5
158,2025-01-11 20:00:00,94,3464,114,55,58,0,50,9,highway,1,1.0,54.52519162355718,71.0
135,2025-01-11 21:00:00,2,1250,101,39,56,0,143,14,highway,0,0.0,54.71349326143663,72.0
118,2025-01-11 22:00:00,20,2324,70,25,31,0,52,11,city,0,0.0,54.61251963777386,84.5
189,2025-01-11 23:00:00,63,1641,107,88,28,0,233,6,city,0,0.0,54.69936716484252,86.0
166,2025-01-12 00:00:00,89,3003,82,14,2,0,166,18,city,0,0.0,54.57235756690499,99.0
118,2025-01-12 01:00:00,35,3739,80,76,7,0,38,15,city,0,0.0,54.47562157509938,96.5
119,2025-01-12 02:00:00,105,1427,79,32,58,0,20,9,highway,0,0.0,54.736766932786985,61.0
195,2025-01-12 03:00:00,100,1579,117,70,1,1,99,11,city,0,0.0,54.721632962657175,79.5
170,2025-01-12 04:00:00,116,3562,95,83,30,0,215,2,city,0,0.0,54.525203941488435,75.0
151,2025-01-12 05:00:00,85,3943,89,14,50,0,44,6,highway,0,0.02,54.47319194533493,75.0
132,2025-01-12 06:00:00,61,1348,86,32,48,0,111,14,city,0,0.0,54.72754348825176,76.0
139,2025-01-12 07:00:00,41,1699,86,88,36,0,89,14,highway,0,0.0,54.68430810806486,82.0
138,2025-01-12 08:00:00,75,2221,73,91,19,0,118,13,highway,0,0.0,54.64556871321047,90.5
181,2025-01-12 09:00:00,41,3218,74,34,28,0,239,5,city,0,0.0,54.53015623344282,86.0
100,2025-01-12 10:00:00,60,3437,92,17,16,0,72,9,city,0,0.03,54.51600405146601,92.0
110,2025-01-12 11:00:00,12,2312,115,30,9,0,163,11,city,0,0.0,54.61142784404526,95.5
191,2025-01-12 12:00:00,10,3447,79,11,40,0,251,7,highway,0,0.0,54.49392957415189,80.0
156,2025-01-12 13:00:00,53,3254,115,31,21,1,195,2,highway,1,0.99,54.531599632564635,69.5
188,2025-01-12 14:00:00,15,3739,97,81,5,0,60,12,city,0,0.01,54.467673094398705,97.5
149,2025-01-12 15:00:00,7,1709,102,96,42,0,98,5,highway,0,0.01,54.66939418807711,79.0
122,2025-01-12 16:00:00,103,2250,112,81,33,0,73,2,city,0,0.01,54.653289190867994,73.5
130,2025-01-12 17:00:00,58,1503,95,77,30,0,222,14,highway,0,0.0,54.71131208963292,85.0
193,2025-01-12 18:00:00,56,3578,119,73,54,0,119,7,city,1,0.98,54.4985041295763,73.0
141,2025-01-12 19:00:00,39,913,117,28,11,0,182,5,highway,0,0.0,54.764462307066744,94.5
198,2025-01-12 20:00:00,108,3979,98,96,11,0,218,4,highway,0,0.02,54.480361023053796,84.5
106,2025-01-12 21:00:00,58,868,96,91,15,0,256,10,city,0,0.0,54.77650386556182,92.5
115,2025-01-12 22:00:00,1,1677,87,62,24,0,88,16,highway,0,0.0,54.67097575492465,88.0
189,2025-01-12 23:00:00,93,2028,109,96,21,0,275,6,city,0,0.0,54.67234186156385,89.5
159,2025-01-13 00:00:00,93,845,79,61,26,0,26,6,highway,0,0.0,54.7924459579681,87.0
101,2025-01-13 01:00:00,75,2498,111,56,23,0,121,9,city,0,0.0,54.617234764403115,88.5
100,2025-01-13 02:00:00,9,1215,74,91,11,0,289,1,city,0,0.0,54.721704096174165,94.5
147,2025-01-13 03:00:00,43,3861,79,63,52,0,30,16,city,0,0.0,54.464585742676284,74.0
111,2025-01-13 04:00:00,10,1152,119,53,17,0,202,17,highway,0,0.0,54.72826713872006,91.5
168,2025-01-13 05:00:00,78,759,90,16,44,0,36,13,city,0,0.0,54.79443293581355,78.0
136,2025-01-13 06:00:00,79,1227,93,10,46,0,125,6,highway,0,0.0,54.74715801401325,77.0
131,2025-01-13 07:00:00,80,3998,107,72,15,0,223,2,city,1,0.98,54.467022723677175,92.5
108,2025-01-13 08:00:00,89,1723,72,48,3,0,235,8,highway,0,0.0,54.70248998789923,98.5
198,2025-01-13 09:00:00,1,3221,109,28,11,0,124,4,city,1,0.86,54.514485966363466,94.5
118,2025-01-13 10:00:00,49,2264,100,40,48,0,171,9,highway,0,0.0,54.62957002401886,76.0
147,2025-01-13 11:00:00,11,3504,110,86,32,0,181,7,highway,1,1.0,54.48886156205227,84.0
179,2025-01-13 12:00:00,114,3529,106,33,21,0,215,1,highway,1,0.98,54.528125104134034,79.5
102,2025-01-13 13:00:00,89,1802,71,78,17,0,118,14,city,0,0.0,54.69388315799331,91.5
119,2025-01-13 14:00:00,22,1132,71,96,53,0,227,2,city,0,0.0,54.73364662965976,73.5
123,2025-01-13 15:00:00,17,1876,108,92,47,0,37,8,highway,0,0.0,54.656221249975154,76.5
153,2025-01-13 16:00:00,61,1100,118,74,32,1,96,11,highway,0,0.0,54.75341907888708,64.0
132,2025-01-13 17:00:00,95,2804,111,42,26,0,120,5,highway,0,0.0,54.59402277716049,87.0
123,2025-01-13 18:00:00,112,3750,113,68,41,0,12,18,city,1,0.99,54.504028700611435,69.5
174,2025-01-13 19:00:00,61,2933,103,42,18,0,122,12,city,0,0.0,54.56757950043954,91.0
171,2025-01-13 20:00:00,37,3145,111,41,47,0,35,19,highway,1,0.9,54.53519689349088,76.5
135,2025-01-13 21:00:00,110,1304,89,68,13,0,251,5,city,0,0.0,54.75312415438374,83.5
137,2025-01-13 22:00:00,66,3535,102,50,24,0,67,7,city,1,0.99,54.50811949014311,88.0
183,2025-01-13 23:00:00,37,2905,73,21,33,0,38,2,city,0,0.01,54.56017708728011,83.5
198,2025-01-14 00:00:00,66,2510,114,82,23,1,280,17,city,0,0.0,54.612400757043595,68.5
188,2025-01-14 01:00:00,93,2163,113,20,37,0,230,13,city,0,0.0,54.65795813502056,81.5
198,2025-01-14 02:00:00,60,3336,80,28,59,0,168,11,highway,0,0.0,54.524516549338244,70.5
124,2025-01-14 03:00:00,0,3213,111,63,53,0,246,5,highway,1,0.95,54.51317995045141,73.5
192,2025-01-14 04:00:00,93,3193,116,66,22,0,79,13,city,1,0.99,54.55382288693874,89.0
117,2025-01-14 05:00:00,44,2473,74,51,4,1,114,13,highway,0,0.0,54.60810748482792,78.0
181,2025-01-14 06:00:00,95,3548,94,80,43,0,217,8,city,0,0.01,54.51766411524131,78.5
165,2025-01-14 07:00:00,27,2253,118,40,58,0,200,11,highway,0,0.0,54.621446309643666,71.0
153,2025-01-14 08:00:00,20,1796,106,61,35,0,242,8,city,0,0.0,54.66605250838309,82.5
134,2025-01-14 09:00:00,109,1628,103,11,53,0,13,10,city,0,0.0,54.718136245129394,63.5
179,2025-01-14 10:00:00,12,2651,78,92,23,0,207,11,city,0,0.0,54.57637955693647,88.5
160,2025-01-14 11:00:00,26,2673,75,47,35,0,262,1,highway,0,0.0,54.57927252755401,82.5
140,2025-01-14 12:00:00,99,2764,87,41,4,0,97,7,highway,0,0.0,54.600596701525745,98.0
199,2025-01-14 13:00:00,6,2254,83,19,38,0,71,8,highway,0,0.0,54.61373093824605,81.0
132,2025-01-14 14:00:00,21,3478,88,17,5,0,230,6,city,0,0.01,54.49662533778836,97.5
167,2025-01-14 15:00:00,73,1025,83,99,44,0,32,14,city,0,0.0,54.76537371757471,78.0
132,2025-01-14 16:00:00,102,1694,109,84,35,0,250,7,highway,0,0.0,54.70934990185728,72.5
113,2025-01-14 17:00:00,52,1312,86,29,44,0,254,3,highway,0,0.0,54.72775460777861,78.0
120,2025-01-14 18:00:00,78,3293,104,29,3,0,259,2,city,1,1.0,54.53840760372227,98.5
147,2025-01-14 19:00:00,78,1295,98,18,9,1,182,18,city,0,0.0,54.74135459189253,75.5
119,2025-01-14 20:00:00,3,1620,111,81,51,0,166,3,city,0,0.0,54.67647108245994,74.5
107,2025-01-14 21:00:00,95,1541,86,24,0,0,4,14,highway,0,0.01,54.723530816537,100.0
106,2025-01-14 22:00:00,22,1925,112,97,20,0,145,18,city,0,0.0,54.65435010872529,90.0
166,2025-01-14 23:00:00,118,1043,77,72,39,1,165,13,city,0,0.0,54.78181585108029,50.5
116,2025-01-15 00:00:00,69,2576,70,30,38,1,105,8,city,0,0.0,54.60627963736129,61.0
132,2025-01-15 01:00:00,87,1558,114,14,36,0,36,4,city,0,0.0,54.7171171904727,82.0
147,2025-01-15 02:00:00,83,2123,105,44,2,0,169,15,highway,0,0.0,54.65944264147103,99.0
175,2025-01-15 03:00:00,100,3989,76,94,46,0,8,12,city,0,0.04,54.474700189149495,77.0
158,2025-01-15 04:00:00,83,1144,115,77,30,0,86,14,highway,0,0.0,54.75785950796562,85.0
185,2025-01-15 05:00:00,75,2488,74,57,26,0,97,7,city,0,0.0,54.618129023205,87.0
121,2025-01-15 06:00:00,32,921,93,89,16,0,30,12,highway,0,0.0,54.76063358691248,92.0
129,2025-01-15 07:00:00,27,1291,97,99,22,0,101,9,highway,0,0.0,54.7207523451499,89.0
137,2025-01-15 08:00:00,7,1730,112,71,12,0,67,10,highway,0,0.0,54.66848573513142,94.0
150,2025-01-15 09:00:00,0,1995,86,44,46,0,63,8,highway,0,0.0,54.637334355072014,77.0
153,2025-01-15 10:00:00,36,1717,106,79,26,0,32,2,city,0,0.0,54.68087903981874,87.0
107,2025-01-15 11:00:00,62,2763,89,30,50,1,87,16,highway,0,0.0,54.58396064348561,55.0
126,2025-01-15 12:00:00,21,2147,72,89,19,0,211,18,highway,0,0.0,54.63141256425188,90.5
126,2025-01-15 13:00:00,69,2745,106,48,45,0,51,10,city,0,0.0,54.58880634276306,77.5
197,2025-01-15 14:00:00,20,1223,95,43,52,0,63,6,highway,0,0.0,54.7236299969877,74.0
120,2025-01-15 15:00:00,95,3550,84,24,12,0,80,6,highway,0,0.0,54.518728829403436,94.0
129,2025-01-15 16:00:00,34,2768,117,15,43,0,232,13,city,0,0.01,54.57249608939288,78.5
196,2025-01-15 17:00:00,78,2975,77,75,23,0,101,19,highway,0,0.0,54.5699294043643,88.5
127,2025-01-15 18:00:00,4,3755,82,97,54,0,129,17,city,0,0.04,54.45962483405052,73.0
163,2025-01-15 19:00:00,59,2508,117,65,40,0,19,2,highway,0,0.0,54.609098134727326,80.0
196,2025-01-15 20:00:00,119,2011,72,58,58,1,94,18,highway,0,0.0,54.68299655796658,41.0
168,2025-01-15 21:00:00,45,3556,70,10,2,1,81,7,highway,0,0.0,54.49845197404665,79.0
160,2025-01-15 22:00:00,49,3905,78,74,42,0,103,14,city,0,0.0,54.46292919054639,79.0
147,2025-01-15 23:00:00,47,2006,100,37,9,0,154,15,highway,0,0.0,54.65660042014917,95.5
118,2025-01-16 00:00:00,5,3151,110,29,0,0,269,8,city,1,0.93,54.523660853586854,100.0
103,2025-01-16 01:00:00,88,1789,95,57,48,0,118,9,highway,0,0.0,54.69353560615428,76.0
134,2025-01-16 02:00:00,55,2372,86,81,59,0,279,11,highway,0,0.0,54.620545763251464,70.5
163,2025-01-16 03:00:00,109,1136,103,74,57,0,225,3,highway,0,0.0,54.76800799089515,61.5
148,2025-01-16 04:00:00,58,1528,78,99,12,0,268,14,highway,0,0.0,54.70950596375275,94.0
116,2025-01-16 05:00:00,119,3681,82,60,13,1,137,8,city,0,0.02,54.51500184921377,63.5
143,2025-01-16 06:00:00,103,958,74,52,32,0,226,3,city,0,0.0,54.78472380035759,74.0
191,2025-01-16 07:00:00,28,2703,110,58,1,0,229,18,city,0,0.01,54.57841544991733,99.5
129,2025-01-16 08:00:00,70,2689,82,34,1,1,108,14,highway,0,0.0,54.596702838611044,79.5
192,2025-01-16 09:00:00,103,802,70,83,38,0,7,8,city,0,0.0,54.80034323403671,71.0
145,2025-01-16 10:00:00,76,1692,94,85,40,1,128,17,city,0,0.0,54.698909381290406,60.0
105,2025-01-16 11:00:00,101,1468,116,50,55,0,267,8,highway,0,0.01,54.731113979853575,62.5
198,2025-01-16 12:00:00,17,1824,73,80,30,1,173,5,city,0,0.0,54.66220495656977,65.0
136,2025-01-16 13:00:00,1,1921,105,73,3,0,214,12,highway,0,0.01,54.64702050656797,98.5
123,2025-01-16 14:00:00,7,3560,79,70,33,0,247,2,highway,0,0.0,54.48151951333901,83.5
192,2025-01-16 15:00:00,74,2973,97,21,18,0,106,17,city,0,0.0,54.56873127520813,91.0
145,2025-01-16 16:00:00,96,3690,75,90,57,1,83,13,city,0,0.01,54.503051831571725,51.5
152,2025-01-16 17:00:00,53,3210,96,78,36,0,292,14,highway,0,0.0,54.53546073910017,82.0
194,2025-01-16 18:00:00,37,936,81,23,8,0,203,9,highway,0,0.0,54.761442945979894,96.0
198,2025-01-16 19:00:00,47,3797,117,43,23,0,41,9,highway,1,1.0,54.47388676435356,88.5
159,2025-01-16 20:00:00,26,1844,72,57,12,1,205,9,highway,0,0.0,54.66452095266288,74.0
196,2025-01-16 21:00:00,19,3253,115,70,43,0,49,6,city,1,0.98,54.51714988123213,78.5
162,2025-01-16 22:00:00,11,3953,102,90,29,0,143,12,highway,1,1.0,54.44332191974245,85.5
184,2025-01-16 23:00:00,42,3561,79,44,18,0,141,10,city,0,0.0,54.49608443196756,91.0
131,2025-01-17 00:00:00,60,1466,100,74,40,0,53,5,highway,0,0.0,54.71546887407587,80.0
186,2025-01-17 01:00:00,30,3381,84,68,9,0,107,18,city,0,0.01,54.50994004059991,95.5
132,2025-01-17 02:00:00,90,1690,76,45,50,0,33,7,highway,0,0.0,54.70432491535112,75.0
166,2025-01-17 03:00:00,95,3365,105,88,41,0,200,13,highway,1,0.96,54.53635664674317,79.5
117,2025-01-17 04:00:00,60,2459,83,28,43,0,119,1,city,0,0.0,54.61436012682205,78.5
124,2025-01-17 05:00:00,73,3020,117,51,13,1,288,6,highway,1,0.97,54.56375449248557,73.5
194,2025-01-17 06:00:00,66,2979,83,78,39,0,229,8,city,0,0.0,54.56404992778583,80.5
153,2025-01-17 07:00:00,108,3515,72,28,47,0,118,9,highway,0,0.0,54.5260762105141,66.5
157,2025-01-17 08:00:00,90,1195,118,48,48,0,176,7,highway,0,0.0,54.75474719549644,76.0
166,2025-01-17 09:00:00,34,1747,115,78,19,0,185,10,highway,0,0.0,54.677311420440724,90.5
145,2025-01-17 10:00:00,94,3880,119,61,3,1,215,8,city,1,0.99,54.485135164589735,78.5
123,2025-01-17 11:00:00,14,2426,72,21,37,0,221,2,highway,0,0.0,54.59949192180028,81.5
131,2025-01-17 12:00:00,15,3249,91,92,43,1,130,18,city,0,0.0,54.51595061403176,58.5
146,2025-01-17 13:00:00,12,2772,88,56,59,0,272,15,highway,0,0.0,54.56260146569031,70.5
185,2025-01-17 14:00:00,112,3958,104,85,49,0,246,6,city,1,0.96,54.482548280659,65.5
122,2025-01-17 15:00:00,34,3035,81,45,38,0,123,14,city,0,0.01,54.54554728067261,81.0
165,2025-01-17 16:00:00,115,1037,74,72,4,1,8,18,highway,0,0.0,54.7826532314988,68.0
126,2025-01-17 17:00:00,74,2637,79,85,41,1,67,3,highway,0,0.0,54.6019609179506,59.5
101,2025-01-17 18:00:00,58,3808,110,91,31,0,115,1,highway,1,0.97,54.476857494964435,84.5
189,2025-01-17 19:00:00,20,2517,102,60,5,0,288,1,highway,0,0.0,54.59395551681427,97.5
116,2025-01-17 20:00:00,114,836,82,52,58,0,105,14,city,0,0.0,54.800484031379064,61.0
132,2025-01-17 21:00:00,53,3255,104,43,13,0,25,1,city,1,1.0,54.531825188842454,93.5
108,2025-01-17 22:00:00,74,2974,101,58,5,0,53,1,highway,0,0.01,54.56916136535477,97.5
142,2025-01-17 23:00:00,29,1019,80,27,13,0,247,4,city,0,0.0,54.74958536768931,93.5
147,2025-01-18 00:00:00,47,2563,117,70,11,0,281,12,highway,0,0.0,54.59987286944009,94.5
138,2025-01-18 01:00:00,116,1615,107,66,26,0,33,15,highway,0,0.0,54.72337340386811,77.0
192,2025-01-18 02:00:00,34,1905,93,14,53,0,287,4,highway,0,0.0,54.65985231998629,73.5
141,2025-01-18 03:00:00,85,2597,104,98,25,1,36,10,highway,0,0.0,54.61110000466013,67.5
125,2025-01-18 04:00:00,37,2833,88,33,11,0,239,11,highway,0,0.0,54.568399285989926,94.5
198,2025-01-18 05:00:00,30,1625,75,73,7,0,217,6,city,0,0.0,54.68860338817917,96.5
149,2025-01-18 06:00:00,77,2800,109,68,9,0,177,10,highway,0,0.0,54.58789771914041,95.5
124,2025-01-18 07:00:00,23,3607,114,47,15,0,44,12,city,1,0.97,54.4839002687864,92.5
123,2025-01-18 08:00:00,113,3614,113,42,51,0,158,3,highway,1,0.99,54.51785206366153,64.5
112,2025-01-18 09:00:00,48,1958,111,19,25,1,269,15,highway,0,0.0,54.661228926272614,67.5
159,2025-01-18 10:00:00,95,2682,104,46,7,0,171,16,highway,0,0.0,54.60720715116494,96.5
106,2025-01-18 11:00:00,99,1132,73,96,40,0,221,10,highway,0,0.0,54.76509505057435,80.0
156,2025-01-18 12:00:00,31,1698,102,20,44,0,230,11,city,0,0.0,54.68006740466294,78.0
135,2025-01-18 13:00:00,54,2847,82,33,28,0,91,16,city,0,0.0,54.573105850174414,86.0
144,2025-01-18 14:00:00,78,1689,105,97,19,1,131,17,highway,0,0.0,54.70087654670128,70.5
119,2025-01-18 15:00:00,106,1298,112,80,16,0,226,14,highway,0,0.0,54.75200556268671,82.0
164,2025-01-18 16:00:00,57,3150,88,30,18,0,225,16,highway,0,0.0,54.54390499461673,91.0
107,2025-01-18 17:00:00,98,1095,112,29,16,0,143,14,highway,0,0.01,54.76943812118813,92.0
115,2025-01-18 18:00:00,2,1114,81,19,38,0,66,6,city,0,0.0,54.728060499439785,81.0
113,2025-01-18 19:00:00,79,1638,80,98,59,0,28,10,city,0,0.0,54.704828383991284,70.5
175,2025-01-18 20:00:00,68,2336,75,56,0,1,125,17,highway,0,0.0,54.631840079008505,80.0
186,2025-01-18 21:00:00,84,3424,81,56,58,0,212,10,city,0,0.03,54.52524439292582,71.0
114,2025-01-18 22:00:00,9,3210,96,24,51,0,80,10,city,0,0.0,54.517180490147595,74.5
191,2025-01-18 23:00:00,82,1240,110,53,28,0,238,14,highway,0,0.01,54.747776807218145,86.0
197,2025-01-19 00:00:00,24,2349,94,71,13,1,132,17,city,0,0.0,54.612319570743324,73.5
165,2025-01-19 01:00:00,67,2645,111,15,16,0,119,9,highway,0,0.01,54.59935940100934,92.0
131,2025-01-19 02:00:00,60,3901,72,75,12,0,46,15,city,0,0.0,54.46897984724518,94.0
186,2025-01-19 03:00:00,28,783,72,85,28,0,84,7,city,0,0.0,54.77257095867763,86.0
162,2025-01-19 04:00:00,18,970,89,13,33,0,282,2,highway,0,0.0,54.74933376808109,83.5
185,2025-01-19 05:00:00,42,2991,97,32,26,0,13,4,city,0,0.0,54.553724987799114,87.0
150,2025-01-19 06:00:00,65,1087,92,22,45,1,125,18,city,0,0.0,54.75581542253789,57.5
124,2025-01-19 07:00:00,73,913,117,90,32,0,172,11,city,0,0.0,54.77725476503961,84.0
157,2025-01-19 08:00:00,60,3565,72,40,28,0,234,5,city,0,0.0,54.50249583740401,86.0
162,2025-01-19 09:00:00,42,3937,111,25,36,1,181,8,city,1,1.0,54.457109695007915,62.0
161,2025-01-19 10:00:00,24,758,93,50,38,0,51,5,highway,0,0.0,54.77309827989829,81.0
121,2025-01-19 11:00:00,19,2325,112,99,18,0,269,2,highway,0,0.01,54.61254821320809,91.0
157,2025-01-19 12:00:00,47,3630,109,10,45,0,169,5,city,1,0.98,54.48997036668793,77.5
157,2025-01-19 13:00:00,82,1542,75,21,23,1,288,3,highway,0,0.01,54.71726857156671,68.5
185,2025-01-19 14:00:00,86,3671,89,65,13,0,274,12,city,0,0.0,54.50276884282741,93.5
148,2025-01-19 15:00:00,23,2227,80,59,46,0,207,19,city,0,0.0,54.622975277799505,77.0
151,2025-01-19 16:00:00,10,2429,101,29,36,0,148,7,highway,0,0.0,54.59762167598745,82.0
141,2025-01-19 17:00:00,109,822,96,75,4,0,37,19,city,0,0.0,54.80210919437287,88.0
169,2025-01-19 18:00:00,97,2136,90,45,52,0,161,4,highway,0,0.0,54.6616964358963,74.0
114,2025-01-19 19:00:00,54,1862,113,88,23,1,275,14,city,0,0.0,54.67348282767721,68.5
153,2025-01-19 20:00:00,27,3186,117,47,33,0,288,19,city,1,0.97,54.52758482679444,83.5
159,2025-01-19 21:00:00,68,3769,119,31,49,0,106,18,highway,1,0.98,54.484102538741176,75.5
196,2025-01-19 22:00:00,62,1261,82,70,30,0,22,7,city,0,0.0,54.7375290432637,85.0
107,2025-01-19 23:00:00,58,2865,91,59,29,0,233,15,highway,0,0.0,54.57284043982855,85.5
152,2025-01-20 00:00:00,4,2437,104,68,59,0,122,1,highway,0,0.02,54.5934581486178,70.5
159,2025-01-20 01:00:00,50,1604,116,29,55,0,129,12,city,0,0.0,54.69680581344528,72.5
104,2025-01-20 02:00:00,20,1094,91,45,8,0,217,19,city,0,0.0,54.73854892572255,96.0
167,2025-01-20 03:00:00,11,2426,97,24,26,1,148,6,highway,0,0.0,54.59873735217448,67.0
105,2025-01-20 04:00:00,49,3623,90,71,27,1,58,13,city,0,0.0,54.49222160342678,66.5
195,2025-01-20 05:00:00,3,2416,115,12,41,0,237,6,city,0,0.01,54.59592861199188,79.5
193,2025-01-20 06:00:00,117,1634,87,14,25,1,70,13,highway,0,0.0,54.72188356502023,57.5
146,2025-01-20 07:00:00,112,1801,100,65,17,0,189,15,city,0,0.0,54.70321969429108,81.5
198,2025-01-20 08:00:00,41,3699,115,40,35,1,242,16,city,1,0.99,54.480953190201134,62.5
154,2025-01-20 09:00:00,83,2135,106,95,7,0,63,8,highway,0,0.0,54.65801773265437,96.5
139,2025-01-20 10:00:00,37,774,90,44,17,1,241,13,city,0,0.0,54.77754984681163,71.5
151,2025-01-20 11:00:00,24,994,83,80,19,0,185,13,city,0,0.0,54.749874801292634,90.5
115,2025-01-20 12:00:00,13,720,94,79,57,0,259,12,city,0,0.0,54.77176891002832,71.5
112,2025-01-20 13:00:00,74,3942,96,35,31,0,229,19,city,0,0.01,54.469654210112296,84.5
129,2025-01-20 14:00:00,31,1738,109,10,28,0,223,17,city,0,0.01,54.676653996550456,86.0
118,2025-01-20 15:00:00,10,1934,92,92,48,0,99,3,city,0,0.0,54.647471261300026,76.0
116,2025-01-20 16:00:00,60,1259,100,16,47,1,247,15,highway,0,0.0,54.73623399450948,56.5
162,2025-01-20 17:00:00,17,1809,116,45,17,0,45,17,city,0,0.0,54.66426221331351,91.5
118,2025-01-20 18:00:00,26,1872,98,85,6,0,273,6,city,0,0.0,54.66191885176056,97.0
191,2025-01-20 19:00:00,54,1071,116,93,0,0,5,19,city,0,0.01,54.754866732117975,100.0
157,2025-01-20 20:00:00,53,2727,99,96,27,0,11,12,highway,0,0.0,54.58494899171402,86.5
154,2025-01-20 21:00:00,81,1517,95,34,32,1,39,4,city,0,0.0,54.71904134369837,64.0
189,2025-01-20 22:00:00,119,1874,89,68,49,0,42,12,highway,0,0.0,54.697297332918154,65.5
189,2025-01-20 23:00:00,86,1864,107,70,3,0,203,2,highway,0,0.0,54.68694603812505,98.5
161,2025-01-21 00:00:00,74,1792,88,38,54,0,94,7,highway,0,0.0,54.687363865800975,73.0
122,2025-01-21 01:00:00,20,1983,96,27,19,0,5,16,highway,0,0.0,54.64768950715975,90.5
108,2025-01-21 02:00:00,43,2711,94,50,52,0,52,12,highway,0,0.0,54.581538341842844,74.0
111,2025-01-21 03:00:00,4,1545,109,28,51,0,150,16,city,0,0.01,54.684499940596254,74.5
100,2025-01-21 04:00:00,86,2691,107,13,35,0,205,14,city,0,0.0,54.60153284787691,82.5
157,2025-01-21 05:00:00,40,1220,92,74,56,0,187,1,city,0,0.0,54.731801757877804,72.0
100,2025-01-21 06:00:00,58,1070,98,50,30,0,153,9,city,0,0.0,54.755347285666936,85.0
133,2025-01-21 07:00:00,88,2142,84,24,37,0,116,7,highway,0,0.0,54.658086217617196,81.5
195,2025-01-21 08:00:00,104,800,72,63,27,0,149,5,highway,0,0.0,54.80139811908519,76.5
147,2025-01-21 09:00:00,53,1360,79,73,2,0,220,10,highway,0,0.0,54.72499270719791,99.0
188,2025-01-21 10:00:00,73,2381,84,81,5,0,192,10,highway,0,0.0,54.629066712647386,97.5
100,2025-01-21 11:00:00,21,3715,85,24,44,1,233,18,highway,0,0.03,54.47092756839192,58.0
115,2025-01-21 12:00:00,82,942,86,88,22,0,221,7,highway,0,0.0,54.77832822573173,89.0
160,2025-01-21 13:00:00,64,3500,88,59,6,0,47,18,city,0,0.01,54.511612209577244,97.0
163,2025-01-21 14:00:00,63,1211,80,31,55,0,127,13,city,0,0.0,54.741992784247884,72.5
162,2025-01-21 15:00:00,70,3596,117,27,35,0,291,11,city,1,0.99,54.50307200182988,82.5
168,2025-01-21 16:00:00,3,3302,74,89,0,0,215,10,city,0,0.04,54.5075014394019,100.0
121,2025-01-21 17:00:00,64,3866,74,11,5,0,7,9,highway,0,0.02,54.47443168044234,97.5
192,2025-01-21 18:00:00,14,2973,83,45,23,0,184,15,highway,0,0.0,54.54443585859465,88.5
166,2025-01-21 19:00:00,103,2241,119,29,36,1,116,14,highway,0,0.0,54.654081751757566,52.0
175,2025-01-21 20:00:00,75,2961,95,25,44,1,52,3,city,0,0.0,54.569289588750436,58.0
125,2025-01-21 21:00:00,21,3465,77,76,50,0,46,14,city,0,0.02,54.496106605829006,75.0
115,2025-01-21 22:00:00,85,2814,74,39,35,0,23,16,city,0,0.0,54.588622489949294,82.5
150,2025-01-21 23:00:00,113,1095,76,64,23,0,131,3,city,0,0.0,54.77517449445792,78.5
185,2025-01-22 00:00:00,46,1311,85,75,37,0,127,8,city,0,0.0,54.72573356483283,81.5
156,2025-01-22 01:00:00,80,3783,83,35,44,1,265,2,city,0,0.01,54.48770147838648,58.0
128,2025-01-22 02:00:00,92,1960,106,66,28,0,196,2,highway,0,0.0,54.67856945747275,86.0
177,2025-01-22 03:00:00,45,2557,110,78,36,1,48,18,city,0,0.0,54.59865735814502,62.0
191,2025-01-22 04:00:00,13,1469,73,11,44,0,82,7,city,0,0.0,54.69612896176054,78.0
168,2025-01-22 05:00:00,49,2122,105,65,31,0,109,17,city,0,0.0,54.644706542722155,84.5
146,2025-01-22 06:00:00,19,1106,117,93,24,0,263,6,highway,0,0.0,54.73627252768205,88.0
193,2025-01-22 07:00:00,49,3672,86,71,9,0,31,10,city,0,0.01,54.48797472765096,95.5
161,2025-01-22 08:00:00,111,2572,116,43,34,0,56,7,city,0,0.0,54.62371367402688,73.0
168,2025-01-22 09:00:00,32,2203,105,65,54,0,189,4,highway,0,0.0,54.62870240591672,73.0
175,2025-01-22 10:00:00,118,3394,75,64,24,0,5,11,city,0,0.01,54.54333766082541,78.0
115,2025-01-22 11:00:00,58,2969,85,29,26,0,286,16,city,0,0.0,54.562386577268704,87.0
189,2025-01-22 12:00:00,42,1879,98,59,44,0,278,17,highway,0,0.0,54.66607674436977,78.0
189,2025-01-22 13:00:00,78,1353,105,34,31,0,145,6,highway,0,0.01,54.73455616395518,84.5
147,2025-01-22 14:00:00,11,3175,107,93,58,0,196,19,city,1,0.98,54.5212565990872,71.0
184,2025-01-22 15:00:00,39,1881,106,34,11,0,27,18,highway,0,0.0,54.666018727942195,94.5
138,2025-01-22 16:00:00,117,1676,117,62,3,0,127,15,highway,0,0.0,54.71851220172571,88.5
199,2025-01-22 17:00:00,19,2139,117,23,41,0,135,2,city,0,0.01,54.630523169102744,79.5
132,2025-01-22 18:00:00,93,3753,79,69,25,0,23,19,highway,0,0.0,54.496749335718945,87.5
193,2025-01-22 19:00:00,37,3118,110,52,2,0,117,6,highway,1,1.0,54.53978354194298,99.0
122,2025-01-22 20:00:00,2,2067,105,71,16,0,8,12,city,0,0.01,54.63204233802288,92.0
109,2025-01-22 21:00:00,27,3597,98,85,8,0,101,1,highway,0,0.01,54.486809654175595,96.0
168,2025-01-22 22:00:00,55,3603,83,78,28,0,261,11,city,0,0.0,54.49662374317385,86.0
199,2025-01-22 23:00:00,89,928,73,72,0,0,199,19,highway,0,0.02,54.78346254851393,100.0
133,2025-01-23 00:00:00,93,3027,113,11,17,0,86,4,highway,1,0.97,54.570909274252486,91.5
151,2025-01-23 01:00:00,12,2593,111,63,40,0,228,19,city,0,0.04,54.58158262069693,80.0
194,2025-01-23 02:00:00,76,2013,105,25,52,0,179,6,highway,0,0.02,54.66577347015089,74.0
109,2025-01-23 03:00:00,65,1770,119,64,19,0,240,8,highway,0,0.0,54.68741932454212,90.5
118,2025-01-23 04:00:00,36,1674,114,52,56,0,12,9,highway,0,0.01,54.68402484683545,72.0
157,2025-01-23 05:00:00,48,2438,82,70,40,0,234,10,highway,0,0.0,54.61180032675312,80.0
195,2025-01-23 06:00:00,101,3985,115,47,33,1,183,10,highway,1,0.95,54.47604028357014,53.5
100,2025-01-23 07:00:00,65,1457,87,54,50,0,282,10,city,0,0.0,54.71798266111113,75.0
168,2025-01-23 08:00:00,35,3795,102,60,27,0,190,4,highway,1,1.0,54.4691083565342,86.5
103,2025-01-23 09:00:00,53,1020,90,51,47,0,215,18,city,0,0.0,54.75772919256679,76.5
115,2025-01-23 10:00:00,25,3021,85,33,34,0,258,12,highway,0,0.01,54.54352104612844,83.0
123,2025-01-23 11:00:00,74,1255,84,39,15,0,26,11,highway,0,0.0,54.74357100889304,92.5
179,2025-01-23 12:00:00,71,1543,74,46,20,0,270,16,city,0,0.0,54.71287293213918,90.0
101,2025-01-23 13:00:00,107,2036,75,62,12,0,82,19,highway,0,0.0,54.67751764520295,84.0
191,2025-01-23 14:00:00,39,2086,107,72,34,0,185,11,highway,0,0.0,54.64422980012022,83.0
131,2025-01-23 15:00:00,42,1367,72,20,41,0,288,4,highway,0,0.0,54.71826879579827,79.5
190,2025-01-23 16:00:00,21,3747,117,87,53,0,62,12,highway,1,0.98,54.46730507423382,73.5
183,2025-01-23 17:00:00,19,3127,81,32,31,1,30,17,city,0,0.02,54.53045469946949,64.5
123,2025-01-23 18:00:00,7,3458,105,89,49,0,31,13,city,1,0.97,54.49123819201526,75.5
111,2025-01-23 19:00:00,28,2642,102,59,37,0,293,4,highway,0,0.01,54.58314637871318,81.5
149,2025-01-23 20:00:00,39,2704,105,94,5,0,173,6,city,0,0.0,54.58256678674646,97.5
134,2025-01-23 21:00:00,89,2630,102,64,49,1,102,7,city,0,0.01,54.60836826983286,55.5
132,2025-01-23 22:00:00,29,1445,100,64,37,0,128,8,highway,0,0.0,54.70528029447113,81.5
132,2025-01-23 23:00:00,80,1374,90,13,37,0,86,2,highway,0,0.0,54.732978096578705,81.5
160,2025-01-24 00:00:00,83,2863,96,63,53,0,28,9,city,0,0.0,54.58209994089306,73.5
150,2025-01-24 01:00:00,115,3352,96,70,59,0,122,10,city,0,0.04,54.54497269192373,60.5
142,2025-01-24 02:00:00,54,1765,77,87,12,0,251,19,city,0,0.01,54.683797499683564,94.0
111,2025-01-24 03:00:00,15,3126,106,92,45,0,61,1,city,1,0.94,54.528377643699436,77.5
166,2025-01-24 04:00:00,45,3977,101,14,52,0,171,16,city,1,0.94,54.45359181427213,74.0
164,2025-01-24 05:00:00,61,3213,95,27,38,0,272,18,city,0,0.01,54.53828594951496,81.0
132,2025-01-24 06:00:00,106,3027,71,53,12,0,113,8,highway,0,0.02,54.576333499382656,84.0
139,2025-01-24 07:00:00,6,1317,81,40,46,0,194,10,highway,0,0.0,54.70869462789859,77.0
173,2025-01-24 08:00:00,79,2865,91,30,11,0,19,11,city,0,0.0,54.58200857071697,94.5
142,2025-01-24 09:00:00,44,3056,86,56,52,0,93,17,highway,0,0.0,54.54685407680529,74.0
143,2025-01-24 10:00:00,58,2847,76,39,58,0,217,7,highway,0,0.0,54.573484705811055,71.0
128,2025-01-24 11:00:00,110,3008,112,64,32,0,179,3,city,1,0.9,54.579053683091026,74.0
112,2025-01-24 12:00:00,55,1692,73,77,27,0,191,7,city,0,0.0,54.69100936038875,86.5
111,2025-01-24 13:00:00,47,2028,106,78,56,0,163,6,city,0,0.0,54.65244044771113,72.0
194,2025-01-24 14:00:00,26,2077,107,50,2,0,100,3,highway,0,0.0,54.64123440683028,99.0
145,2025-01-24 15:00:00,52,985,101,54,17,0,187,8,city,0,0.0,54.76211430799854,91.5
101,2025-01-24 16:00:00,86,3075,80,83,25,1,295,1,highway,0,0.04,54.56288991728418,67.5
134,2025-01-24 17:00:00,87,3874,70,89,53,0,67,5,highway,0,0.0,54.48088941038844,73.5
186,2025-01-24 18:00:00,72,2810,94,39,39,0,73,19,city,0,0.0,54.58364596324217,80.5
180,2025-01-24 19:00:00,34,1386,111,86,1,0,232,13,highway,0,0.0,54.714760688715586,99.5
189,2025-01-24 20:00:00,50,2005,93,94,3,0,189,11,city,0,0.0,54.65815210284132,98.5
107,2025-01-24 21:00:00,83,2164,112,54,49,0,50,11,city,0,0.0,54.65335040869893,75.5
192,2025-01-24 22:00:00,36,1437,86,54,27,0,124,2,highway,0,0.0,54.70931354849422,86.5
125,2025-01-24 23:00:00,105,3778,77,88,27,0,157,9,city,0,0.02,54.49894325091237,76.5
173,2025-01-25 00:00:00,80,3386,114,93,24,0,261,2,city,1,0.99,54.52889368505235,88.0
189,2025-01-25 01:00:00,110,3683,96,93,25,0,195,19,city,0,0.11,54.51069393969224,77.5
133,2025-01-25 02:00:00,94,3863,87,54,44,1,256,12,city,0,0.0,54.48518685137473,58.0
106,2025-01-25 03:00:00,118,2658,96,64,46,0,200,9,city,0,0.0,54.61728737526914,67.0
167,2025-01-25 04:00:00,56,3961,91,68,1,0,68,9,city,0,0.0,54.461721888167844,99.5
157,2025-01-25 05:00:00,7,2594,85,14,41,0,80,10,highway,0,0.0,54.57943244244879,79.5
174,2025-01-25 06:00:00,78,3223,71,41,33,0,233,5,city,0,0.01,54.54429925437159,83.5
128,2025-01-25 07:00:00,94,2185,74,15,29,0,186,9,highway,0,0.0,54.656449549852084,85.5
135,2025-01-25 08:00:00,116,2800,87,35,20,0,105,18,city,0,0.0,54.60310681841299,80.0
188,2025-01-25 09:00:00,93,3501,72,46,43,1,142,10,city,0,0.0,54.52164088769547,58.5
120,2025-01-25 10:00:00,109,1185,96,22,36,0,272,17,highway,0,0.0,54.76388383544063,72.0
135,2025-01-25 11:00:00,19,2213,86,78,43,0,124,10,highway,0,0.0,54.62291571004363,78.5
109,2025-01-25 12:00:00,102,2701,85,34,22,0,223,14,city,0,0.0,54.607471892211265,79.0
172,2025-01-25 13:00:00,52,2087,75,22,32,0,174,4,city,0,0.0,54.64942960701677,84.0
123,2025-01-25 14:00:00,118,3883,76,97,59,0,191,10,highway,0,0.02,54.49217564461971,60.5
163,2025-01-25 15:00:00,11,3156,119,29,1,0,140,18,highway,1,0.97,54.52552054552596,99.5
198,2025-01-25 16:00:00,48,1730,83,81,26,1,297,5,highway,0,0.0,54.68437514350752,67.0
148,2025-01-25 17:00:00,16,2465,107,69,47,0,119,9,highway,0,0.01,54.595919664907,76.5
198,2025-01-25 18:00:00,63,1367,109,82,58,1,275,6,city,0,0.0,54.72600518960486,51.0
135,2025-01-25 19:00:00,41,1920,84,30,21,0,76,16,highway,0,0.0,54.662446471048916,89.5
181,2025-01-25 20:00:00,93,1534,116,70,33,0,109,16,city,0,0.0,54.722089748964116,83.5
195,2025-01-25 21:00:00,28,1575,116,93,15,0,119,11,highway,0,0.0,54.69255800018015,92.5
123,2025-01-25 22:00:00,18,3114,117,88,19,0,258,15,city,1,0.95,54.53186613890242,90.5
122,2025-01-25 23:00:00,109,1701,102,35,25,0,20,19,highway,0,0.0,54.71185768719559,77.5
161,2025-01-26 00:00:00,10,949,112,63,15,0,119,3,city,0,0.01,54.74899362846829,92.5
195,2025-01-26 01:00:00,97,2639,96,51,5,0,137,16,highway,0,0.0,54.612465004367,97.5
136,2025-01-26 02:00:00,49,2318,98,20,44,0,277,5,highway,0,0.0,54.62424196384871,78.0
111,2025-01-26 03:00:00,70,1963,106,46,43,0,255,9,highway,0,0.0,54.66881743845626,78.5
154,2025-01-26 04:00:00,107,3127,74,20,22,0,264,5,highway,0,0.01,54.566156155125526,79.0
112,2025-01-26 05:00:00,57,1571,98,36,41,0,167,4,city,0,0.0,54.703545142371404,79.5
122,2025-01-26 06:00:00,33,1534,101,92,36,0,165,13,highway,0,0.01,54.69787614589817,82.0
188,2025-01-26 07:00:00,19,3522,75,43,7,1,29,17,highway,0,0.0,54.49126578667398,76.5
198,2025-01-26 08:00:00,49,1618,71,47,5,0,35,12,highway,0,0.0,54.69702586664873,97.5
129,2025-01-26 09:00:00,101,2424,75,70,36,0,237,7,city,0,0.0,54.63466800437841,72.0
116,2025-01-26 10:00:00,87,3202,115,96,51,0,294,1,city,1,0.96,54.549312221014176,74.5
161,2025-01-26 11:00:00,9,3113,112,62,21,0,90,16,highway,1,0.99,54.52827239085551,89.5
183,2025-01-26 12:00:00,31,2013,73,74,5,0,203,7,city,0,0.0,54.64962792645944,97.5
188,2025-01-26 13:00:00,51,2597,98,12,53,0,228,2,city,0,0.0,54.5963031147727,73.5
185,2025-01-26 14:00:00,14,1102,94,76,31,0,68,12,city,0,0.0,54.7343853983529,84.5
112,2025-01-26 15:00:00,100,2805,78,37,16,1,131,11,highway,0,0.0,54.59633772054789,72.0
158,2025-01-26 16:00:00,83,3268,72,23,37,0,111,8,city,0,0.01,54.54156679478423,81.5
118,2025-01-26 17:00:00,2,2027,95,61,16,0,12,1,city,0,0.01,54.63611025451563,92.0
148,2025-01-26 18:00:00,36,1838,117,39,36,0,288,3,highway,0,0.0,54.6681645246905,82.0
199,2025-01-26 19:00:00,39,909,112,67,22,0,175,8,highway,0,0.0,54.764419124204586,89.0
111,2025-01-26 20:00:00,71,1764,96,63,48,0,154,8,highway,0,0.0,54.68925230385127,76.0
160,2025-01-26 21:00:00,39,1515,105,78,48,0,43,11,city,0,0.01,54.701726613221496,76.0
118,2025-01-26 22:00:00,107,2920,101,24,12,1,205,5,highway,0,0.01,54.587616690713176,64.0
175,2025-01-26 23:00:00,55,933,70,47,31,0,172,8,city,0,0.0,54.768034448743606,84.5
108,2025-01-27 00:00:00,22,1492,85,87,21,1,294,9,city,0,0.0,54.698344397985544,69.5
170,2025-01-27 01:00:00,103,2607,117,23,6,1,285,17,highway,0,0.02,54.6180875190619,67.0
127,2025-01-27 02:00:00,10,2313,80,66,21,1,52,5,highway,0,0.0,54.61003223542292,69.5
177,2025-01-27 03:00:00,109,3540,95,68,20,0,115,19,highway,0,0.02,54.52503976031024,80.0
194,2025-01-27 04:00:00,63,3810,109,17,5,0,19,19,highway,1,0.96,54.47972524881978,97.5
151,2025-01-27 05:00:00,7,2866,70,81,13,0,35,2,highway,0,0.0,54.55291599996355,93.5
182,2025-01-27 06:00:00,92,1034,95,28,15,0,48,19,highway,0,0.0,54.773273512338875,92.5
115,2025-01-27 07:00:00,93,2059,97,41,2,1,233,15,city,0,0.0,54.66996645498354,79.0
168,2025-01-27 08:00:00,55,2339,78,38,8,0,219,8,highway,0,0.0,54.62598803982008,96.0
198,2025-01-27 09:00:00,59,1797,113,50,46,0,110,8,city,0,0.01,54.68115990974336,77.0
111,2025-01-27 10:00:00,9,1914,91,84,20,0,254,1,city,0,0.0,54.65024909449946,90.0
124,2025-01-27 11:00:00,38,1023,77,54,49,0,188,14,city,0,0.0,54.751319564596145,75.5
151,2025-01-27 12:00:00,27,3758,118,22,29,0,31,11,city,1,0.97,54.46957724804318,85.5
184,2025-01-27 13:00:00,48,3918,111,36,29,0,259,7,city,1,0.98,54.4617373910328,85.5
199,2025-01-27 14:00:00,35,2490,96,28,59,0,163,18,city,0,0.0,54.60051511534964,70.5
152,2025-01-27 15:00:00,12,983,108,35,41,0,71,15,highway,0,0.0,54.745275352756344,79.5
122,2025-01-27 16:00:00,95,912,88,62,41,0,56,10,city,0,0.0,54.785821625661065,79.5
115,2025-01-27 17:00:00,35,2358,94,60,31,0,99,4,city,0,0.0,54.61508462944118,84.5
156,2025-01-27 18:00:00,100,2441,107,46,22,0,21,1,city,0,0.0,54.63311031998931,89.0
138,2025-01-27 19:00:00,25,1628,90,18,2,0,108,14,highway,0,0.0,54.68649525474899,99.0
152,2025-01-27 20:00:00,85,1451,93,61,0,0,53,9,city,0,0.0,54.72866848152158,100.0
141,2025-01-27 21:00:00,3,2117,93,63,2,1,6,13,city,0,0.0,54.62793165195208,79.0
157,2025-01-27 22:00:00,94,3086,88,12,56,0,231,17,highway,0,0.0,54.5637152479612,72.0
138,2025-01-27 23:00:00,81,2521,119,78,36,1,82,4,highway,0,0.01,54.61677301263528,62.0
113,2025-01-28 00:00:00,63,1745,116,17,6,0,217,5,highway,0,0.0,54.68969053098424,97.0
194,2025-01-28 01:00:00,37,2494,71,23,2,0,47,18,city,0,0.0,54.60324303922988,99.0
104,2025-01-28 02:00:00,87,2592,83,12,35,0,241,17,highway,0,0.0,54.61200245590888,82.5
134,2025-01-28 03:00:00,119,804,101,33,48,0,178,7,highway,0,0.0,54.80615500587298,66.0
186,2025-01-28 04:00:00,86,2189,111,22,2,0,82,10,highway,0,0.0,54.65393512339522,99.0
192,2025-01-28 05:00:00,21,2182,101,52,54,0,287,9,city,0,0.0,54.6264214002389,73.0
174,2025-01-28 06:00:00,1,2155,97,38,3,1,192,13,highway,0,0.0,54.62322319508539,78.5
117,2025-01-28 07:00:00,30,1469,117,81,30,0,143,18,city,0,0.01,54.70352740670426,85.0
175,2025-01-28 08:00:00,118,3463,108,60,1,1,279,12,city,1,0.95,54.53726136067205,69.5
108,2025-01-28 09:00:00,10,3510,109,51,13,0,41,8,highway,1,0.97,54.48862708856751,93.5
173,2025-01-28 10:00:00,91,2659,111,40,36,0,271,18,city,0,0.01,54.6067538478594,82.0
157,2025-01-28 11:00:00,45,2727,116,72,30,0,87,5,city,0,0.0,54.58161415369343,85.0
116,2025-01-28 12:00:00,95,3992,109,35,52,0,3,7,city,1,0.98,54.472142081207885,74.0
106,2025-01-28 13:00:00,61,1078,82,27,1,0,211,15,highway,0,0.0,54.75692454294485,99.5
145,2025-01-28 14:00:00,68,3993,81,91,30,0,1,3,city,0,0.01,54.462099435083346,85.0
112,2025-01-28 15:00:00,63,1412,77,66,46,1,75,18,highway,0,0.0,54.72191966483572,57.0
139,2025-01-28 16:00:00,101,2072,84,16,42,0,231,6,city,0,0.0,54.67022022887201,69.0
141,2025-01-28 17:00:00,9,924,95,57,21,0,76,6,highway,0,0.0,54.75088912092125,89.5
108,2025-01-28 18:00:00,39,2437,81,89,9,0,260,1,city,0,0.0,54.6095565022405,95.5
149,2025-01-28 19:00:00,109,1437,112,69,51,0,25,17,city,0,0.0,54.73764235992981,64.5
126,2025-01-28 20:00:00,23,935,115,42,29,0,200,11,highway,0,0.0,54.755064395669365,85.5
165,2025-01-28 21:00:00,98,882,96,12,32,0,94,2,city,0,0.0,54.790445268131755,84.0
104,2025-01-28 22:00:00,43,1411,87,13,18,0,108,9,highway,0,0.0,54.71513645816528,91.0
128,2025-01-28 23:00:00,111,2592,114,13,45,0,95,19,highway,0,0.0,54.62122974126907,67.5
136,2025-01-29 00:00:00,59,3191,105,51,24,0,91,6,city,1,0.99,54.54029296899388,88.0
137,2025-01-29 01:00:00,61,2588,118,18,57,0,44,7,highway,0,0.0,54.60106991601261,71.5
182,2025-01-29 02:00:00,86,1322,96,60,54,1,23,4,city,0,0.0,54.73998006113972,53.0
107,2025-01-29 03:00:00,16,3777,78,26,53,0,190,3,highway,0,0.0,54.46224656330221,73.5
164,2025-01-29 04:00:00,64,1959,108,26,45,0,23,2,highway,0,0.01,54.666733328283534,77.5
185,2025-01-29 05:00:00,118,1850,70,29,0,0,234,10,highway,0,0.0,54.70134100001595,90.0
116,2025-01-29 06:00:00,94,3875,76,23,31,0,186,10,city,0,0.0,54.484498264485865,84.5
170,2025-01-29 07:00:00,94,1448,95,31,24,1,63,17,city,0,0.0,54.73160544509984,68.0
188,2025-01-29 08:00:00,105,2902,76,61,40,1,103,16,city,0,0.0,54.58749883404463,50.0
144,2025-01-29 09:00:00,56,3004,76,36,16,0,189,1,city,0,0.01,54.55843318865039,92.0
103,2025-01-29 10:00:00,54,2982,77,52,13,1,189,12,highway,0,0.0,54.55999023361788,73.5
135,2025-01-29 11:00:00,105,3247,85,12,44,1,69,10,city,0,0.0,54.55224942719959,48.0
169,2025-01-29 12:00:00,52,3036,72,97,12,0,114,1,city,0,0.03,54.553736423701615,94.0
130,2025-01-29 13:00:00,55,1209,114,17,37,1,104,16,highway,0,0.0,54.73972038430104,61.5
118,2025-01-29 14:00:00,97,2275,79,95,38,0,108,11,city,0,0.0,54.64813312091673,81.0
160,2025-01-29 15:00:00,8,2523,119,98,1,0,21,4,city,0,0.0,54.58869077988649,99.5
153,2025-01-29 16:00:00,21,3456,76,19,31,0,266,3,highway,0,0.0,54.497799115741444,84.5
138,2025-01-29 17:00:00,12,1484,90,38,31,0,209,13,city,0,0.0,54.69473376642232,84.5
190,2025-01-29 18:00:00,88,3641,106,49,57,1,170,15,city,1,0.98,54.504822911576056,51.5
173,2025-01-29 19:00:00,47,3523,100,74,39,0,194,10,city,0,0.0,54.501097483948634,80.5
189,2025-01-29 20:00:00,17,3045,92,30,55,1,123,6,city,0,0.02,54.537009136284404,52.5
118,2025-01-29 21:00:00,114,836,96,33,5,0,177,11,city,0,0.0,54.80265209038869,87.5
138,2025-01-29 22:00:00,75,3123,91,82,24,0,4,1,highway,0,0.0,54.55363266243013,88.0
166,2025-01-29 23:00:00,39,2834,108,69,2,0,188,4,city,0,0.01,54.56946877846633,99.0
144,2025-01-30 00:00:00,16,2477,96,35,17,1,29,10,city,0,0.0,54.59592649317218,71.5
112,2025-01-30 01:00:00,14,1922,118,18,49,0,86,15,city,0,0.02,54.65025678832373,75.5
191,2025-01-30 02:00:00,105,3184,73,29,53,0,47,1,city,0,0.01,54.558288234711775,63.5
157,2025-01-30 03:00:00,14,2033,93,65,54,0,77,15,city,0,0.0,54.63876378618752,73.0
119,2025-01-30 04:00:00,78,2477,92,45,37,0,191,3,city,0,0.0,54.620002269866305,81.5
191,2025-01-30 05:00:00,62,2004,117,45,42,1,31,1,city,0,0.0,54.66147661312567,59.0
171,2025-01-30 06:00:00,118,1463,88,82,2,0,169,6,city,0,0.0,54.740616278535775,89.0
160,2025-01-30 07:00:00,38,1401,111,31,47,0,36,19,highway,0,0.0,54.712959567287186,76.5
138,2025-01-30 08:00:00,12,3689,72,10,4,0,245,4,city,0,0.0,54.471594352651174,98.0
100,2025-01-30 09:00:00,80,851,96,78,23,0,188,12,city,0,0.0,54.78673879955414,88.5
102,2025-01-30 10:00:00,31,2025,72,82,53,0,15,2,city,0,0.0,54.646444026370816,73.5
176,2025-01-30 11:00:00,8,2001,97,46,33,0,216,17,highway,0,0.0,54.64046807335635,83.5
191,2025-01-30 12:00:00,39,2411,86,92,46,1,158,6,city,0,0.0,54.61068709733143,57.0
161,2025-01-30 13:00:00,19,1731,100,81,47,0,155,12,highway,0,0.0,54.6717704766862,76.5
162,2025-01-30 14:00:00,89,1506,79,22,38,0,241,15,city,0,0.0,54.72312669779056,81.0
124,2025-01-30 15:00:00,90,934,118,93,47,1,296,17,city,0,0.01,54.781331257385396,56.5
155,2025-01-30 16:00:00,84,3422,91,52,23,0,45,1,city,0,0.0,54.526879525832285,88.5
132,2025-01-30 17:00:00,81,1260,99,46,35,0,175,14,city,0,0.0,54.74505498684299,82.5
137,2025-01-30 18:00:00,76,2025,118,83,27,0,56,2,highway,0,0.0,54.66557576454723,86.5
105,2025-01-30 19:00:00,79,737,90,34,47,0,54,4,highway,0,0.0,54.796949084275674,76.5
157,2025-01-30 20:00:00,72,1859,105,97,48,0,265,2,city,0,0.01,54.6799925168934,76.0
143,2025-01-30 21:00:00,62,3569,92,30,33,1,239,14,city,0,0.0,54.50268754131073,63.5
144,2025-01-30 22:00:00,75,1120,107,50,15,0,108,18,city,0,0.0,54.75770174176848,92.5
131,2025-01-30 23:00:00,43,1942,81,82,35,0,198,8,city,0,0.0,54.66043945157,82.5
144,2025-01-31 00:00:00,37,1047,94,51,6,0,214,1,highway,0,0.0,54.750236291260045,97.0
160,2025-01-31 01:00:00,82,2531,89,51,17,0,246,16,city,0,0.01,54.61693477692607,91.5
146,2025-01-31 02:00:00,59,2269,118,11,5,0,38,7,highway,0,0.01,54.634835672853335,97.5
120,2025-01-31 03:00:00,70,3850,118,77,49,0,173,6,highway,1,0.99,54.47666803726818,75.5
179,2025-01-31 04:00:00,98,3495,111,17,27,0,105,19,highway,1,0.93,54.5249131571117,86.5
184,2025-01-31 05:00:00,47,2618,76,70,38,0,40,10,city,0,0.0,54.59317500137087,81.0
174,2025-01-31 06:00:00,17,3020,98,23,33,1,130,6,city,0,0.03,54.54045153311524,63.5
135,2025-01-31 07:00:00,15,3932,117,86,50,0,181,10,highway,1,0.98,54.44620459250169,75.0
198,2025-01-31 08:00:00,54,2601,98,30,40,1,194,19,highway,0,0.0,54.59763265531963,60.0
118,2025-01-31 09:00:00,38,3055,82,33,28,0,289,3,highway,0,0.0,54.54552844901354,86.0
119,2025-01-31 10:00:00,67,2097,72,59,3,1,59,3,city,0,0.0,54.655621645018975,78.5
156,2025-01-31 11:00:00,58,3723,71,91,13,0,26,6,city,0,0.01,54.48623813943933,93.5
117,2025-01-31 12:00:00,88,3480,85,54,4,1,103,17,highway,0,0.0,54.52336433446901,78.0
146,2025-01-31 13:00:00,95,3780,99,73,24,1,21,18,city,0,0.05,54.49484742828493,68.0
148,2025-01-31 14:00:00,61,2524,107,73,38,1,80,10,city,0,0.0,54.60835581110258,61.0
113,2025-01-31 15:00:00,103,3191,75,35,7,1,199,6,city,0,0.0,54.558655031493984,66.5
114,2025-01-31 16:00:00,12,3884,114,41,14,0,37,13,highway,1,0.99,54.45135419201135,93.0
130,2025-01-31 17:00:00,108,1928,76,66,58,0,14,6,city,0,0.0,54.687020822852524,61.0
100,2025-01-31 18:00:00,80,1104,74,62,18,0,221,12,city,0,0.0,54.761213761606335,91.0
153,2025-01-31 19:00:00,112,2421,76,42,58,0,166,14,highway,0,0.0,54.63848981092902,61.0
102,2025-01-31 20:00:00,100,3600,103,61,10,1,173,17,highway,1,0.94,54.515733320897084,75.0
115,2025-01-31 21:00:00,5,1920,101,27,19,0,150,8,city,0,0.0,54.64807375494967,90.5
186,2025-01-31 22:00:00,82,3525,118,44,54,0,172,5,highway,1,0.97,54.51433350145187,73.0
156,2025-01-31 23:00:00,76,814,82,21,35,0,81,4,highway,0,0.0,54.7884046821751,82.5
174,2025-02-01 00:00:00,59,3892,99,60,17,0,225,6,city,0,0.0,54.469289079874805,91.5
111,2025-02-01 01:00:00,89,2376,94,98,13,0,35,11,highway,0,0.0,54.63567218341742,93.5
173,2025-02-01 02:00:00,13,764,90,19,57,0,188,5,highway,0,0.0,54.767294201886294,71.5
195,2025-02-01 03:00:00,94,1999,90,61,37,0,224,14,city,0,0.0,54.67503810735324,81.5
115,2025-02-01 04:00:00,53,1524,97,43,24,0,131,10,city,0,0.0,54.707414300554774,88.0
171,2025-02-01 05:00:00,3,2986,117,76,15,0,9,11,city,0,0.03,54.53902437808813,92.5
175,2025-02-01 06:00:00,38,3049,89,48,17,0,69,3,highway,0,0.01,54.54658861099889,91.5
123,2025-02-01 07:00:00,71,2115,103,17,0,1,28,8,city,0,0.01,54.655519861768184,80.0
127,2025-02-01 08:00:00,24,1668,74,38,39,0,234,5,highway,0,0.0,54.68051227291446,80.5
107,2025-02-01 09:00:00,76,1068,87,31,0,0,31,10,city,0,0.0,54.76400514952797,100.0
191,2025-02-01 10:00:00,31,932,108,93,0,0,232,8,city,0,0.01,54.759767903544834,100.0
135,2025-02-01 11:00:00,58,2942,112,79,50,0,54,9,highway,0,0.0,54.56415065833091,75.0
189,2025-02-01 12:00:00,101,1606,80,70,20,0,175,15,highway,0,0.0,54.718511405035414,80.0
107,2025-02-01 13:00:00,62,3783,86,52,59,0,298,1,city,0,0.01,54.47986061195658,70.5
157,2025-02-01 14:00:00,37,1620,117,58,24,0,279,5,highway,0,0.0,54.6912270655736,88.0
159,2025-02-01 15:00:00,119,1388,114,38,26,0,86,15,city,0,0.0,54.7476633741017,77.0
149,2025-02-01 16:00:00,91,876,91,90,9,1,65,4,highway,0,0.0,54.789185708415424,75.5
127,2025-02-01 17:00:00,52,2964,106,40,49,0,89,19,city,0,0.04,54.5595451227592,75.5
191,2025-02-01 18:00:00,93,1734,89,62,11,0,54,10,city,0,0.0,54.70265011552323,94.5
140,2025-02-01 19:00:00,66,2169,117,43,27,1,118,2,highway,0,0.0,54.64691611804922,66.5
199,2025-02-01 20:00:00,27,1329,117,47,48,0,229,5,city,0,0.0,54.71582424836385,76.0
163,2025-02-01 21:00:00,2,863,117,66,31,0,267,18,city,0,0.04,54.753873022848154,84.5
126,2025-02-01 22:00:00,108,2800,115,13,32,0,22,6,highway,0,0.0,54.5994038194285,74.0
162,2025-02-01 23:00:00,117,2965,75,11,7,0,247,10,highway,0,0.0,54.587259965651775,86.5
116,2025-02-02 00:00:00,97,3746,103,21,41,1,20,15,city,1,1.0,54.49841277157455,59.5
172,2025-02-02 01:00:00,79,1523,83,44,25,0,184,9,highway,0,0.0,54.717914474216,87.5
132,2025-02-02 02:00:00,21,3132,117,79,41,0,50,13,city,1,1.0,54.53034017159505,79.5
183,2025-02-02 03:00:00,95,755,92,81,49,1,90,18,city,0,0.0,54.801460943704974,55.5
176,2025-02-02 04:00:00,37,817,89,30,40,0,104,7,highway,0,0.0,54.77223598078529,80.0
191,2025-02-02 05:00:00,71,3647,82,70,56,0,194,2,city,0,0.01,54.49742788076493,72.0
128,2025-02-02 06:00:00,118,1497,116,44,1,1,74,16,city,0,0.0,54.7371994562907,69.5
112,2025-02-02 07:00:00,71,1479,113,57,34,0,269,2,city,0,0.0,54.71880890369484,83.0
145,2025-02-02 08:00:00,61,3763,110,24,33,0,15,4,city,1,0.92,54.48255663160848,83.5
134,2025-02-02 09:00:00,56,3550,101,80,5,0,283,2,city,1,0.95,54.503356103035784,97.5
105,2025-02-02 10:00:00,5,3592,95,24,30,1,198,17,highway,0,0.01,54.47758487104129,65.0
181,2025-02-02 11:00:00,77,3951,119,15,22,0,195,6,highway,1,1.0,54.470311634002556,89.0
168,2025-02-02 12:00:00,31,2138,83,90,11,0,36,10,city,0,0.0,54.636670246776994,94.5
146,2025-02-02 13:00:00,98,2593,105,77,53,0,205,14,highway,0,0.0,54.61558109790528,73.5
124,2025-02-02 14:00:00,9,3602,77,31,50,0,139,15,highway,0,0.0,54.47735581529241,75.0
165,2025-02-02 15:00:00,2,1407,109,41,27,0,264,12,highway,0,0.0,54.69871298564182,86.5
109,2025-02-02 16:00:00,58,1803,91,31,14,1,57,19,highway,0,0.0,54.68145722431756,73.0
155,2025-02-02 17:00:00,75,721,91,36,18,0,110,11,city,0,0.0,54.79815648846236,91.0
129,2025-02-02 18:00:00,48,2200,85,24,11,0,174,1,highway,0,0.0,54.637190726324214,94.5
104,2025-02-02 19:00:00,58,1542,96,53,49,0,206,8,highway,0,0.0,54.70656864235092,75.5
132,2025-02-02 20:00:00,30,2460,79,95,47,0,225,6,highway,0,0.0,54.602049360442344,76.5
164,2025-02-02 21:00:00,92,1816,94,18,1,1,64,12,highway,0,0.0,54.694318439738346,79.5
117,2025-02-02 22:00:00,68,891,100,43,10,0,252,16,highway,0,0.0,54.77838449457143,95.0
195,2025-02-02 23:00:00,61,1718,90,82,43,0,267,18,highway,0,0.0,54.690119794562655,78.5
148,2025-02-03 00:00:00,51,1826,96,24,36,1,93,12,city,0,0.0,54.67540762032449,62.0
110,2025-02-03 01:00:00,88,1095,86,71,58,0,183,2,highway,0,0.0,54.76370488956583,71.0
184,2025-02-03 02:00:00,40,3778,102,54,58,0,214,7,highway,1,0.96,54.47157668461891,71.0
125,2025-02-03 03:00:00,30,3387,100,93,55,0,142,9,highway,0,0.03,54.507448141532734,72.5
162,2025-02-03 04:00:00,84,1718,119,81,37,1,83,18,highway,0,0.0,54.6996000735907,61.5
188,2025-02-03 05:00:00,83,1266,111,67,24,0,99,9,city,0,0.01,54.74569780330533,88.0
185,2025-02-03 06:00:00,102,930,95,28,42,0,281,8,city,0,0.0,54.786760759452434,69.0
158,2025-02-03 07:00:00,21,1573,90,25,20,1,102,1,highway,0,0.0,54.689746259149075,70.0
126,2025-02-03 08:00:00,3,3321,105,84,41,0,71,5,highway,1,1.0,54.50389200134342,79.5
148,2025-02-03 09:00:00,12,939,70,17,35,0,266,16,highway,0,0.0,54.74999550154097,82.5
176,2025-02-03 10:00:00,44,789,73,42,8,0,130,14,highway,0,0.0,54.77920314207762,96.0
132,2025-02-03 11:00:00,41,2979,73,83,11,0,60,13,city,0,0.0,54.55515744964103,94.5
197,2025-02-03 12:00:00,113,1156,95,27,9,0,119,11,highway,0,0.0,54.76954361663921,85.5
198,2025-02-03 13:00:00,48,2980,73,44,58,0,263,13,city,0,0.0,54.55594373634856,71.0
100,2025-02-03 14:00:00,19,1053,118,52,45,0,21,15,city,0,0.0,54.74080347478584,77.5
120,2025-02-03 15:00:00,115,1704,78,59,4,0,97,16,highway,0,0.0,54.71482072398219,88.0
154,2025-02-03 16:00:00,76,2056,99,12,32,1,1,13,highway,0,0.0,54.66221859539651,64.0
105,2025-02-03 17:00:00,80,1138,114,68,4,0,203,8,city,0,0.0,54.75832872742023,98.0
191,2025-02-03 18:00:00,53,2098,73,37,15,1,128,18,highway,0,0.0,54.64940785984771,72.5
180,2025-02-03 19:00:00,35,1044,74,55,36,0,132,19,city,0,0.0,54.74851115235918,82.0
168,2025-02-03 20:00:00,96,3411,114,73,36,1,34,15,highway,1,0.96,54.53228459135776,62.0
194,2025-02-03 21:00:00,0,1356,92,79,28,0,87,10,highway,0,0.0,54.70305564297149,86.0
104,2025-02-03 22:00:00,14,2877,85,56,17,0,32,4,highway,0,0.0,54.55444429881985,91.5
102,2025-02-03 23:00:00,76,2888,91,23,28,0,259,6,highway,0,0.0,54.57776955944238,86.0
152,2025-02-04 00:00:00,16,3162,106,16,5,0,33,8,city,1,0.97,54.52675430451903,97.5
122,2025-02-04 01:00:00,23,1816,77,83,52,0,286,7,highway,0,0.0,54.664527679119914,74.0
152,2025-02-04 02:00:00,57,1325,117,88,17,1,49,12,highway,0,0.01,54.72954459137221,71.5
136,2025-02-04 03:00:00,71,983,102,40,31,0,286,18,highway,0,0.01,54.769373788526245,84.5
173,2025-02-04 04:00:00,113,2679,107,90,59,1,82,18,city,0,0.0,54.61261235748943,40.5
173,2025-02-04 05:00:00,90,2378,112,60,41,0,144,19,highway,0,0.0,54.634724912639726,79.5
182,2025-02-04 06:00:00,108,922,85,38,46,0,280,4,city,0,0.0,54.789819803930385,67.0
116,2025-02-04 07:00:00,22,1443,74,24,30,0,92,1,city,0,0.0,54.70295943472526,85.0
184,2025-02-04 08:00:00,45,1162,85,99,55,0,224,5,highway,0,0.0,54.73974871712811,72.5
177,2025-02-04 09:00:00,71,2268,76,85,53,0,217,7,city,0,0.0,54.637792022173784,73.5
172,2025-02-04 10:00:00,7,2405,70,34,10,0,156,11,highway,0,0.0,54.59992145786379,95.0
100,2025-02-04 11:00:00,58,1863,78,70,25,1,277,11,highway,0,0.0,54.674905375067006,67.5
150,2025-02-04 12:00:00,89,3104,87,50,27,0,8,10,highway,0,0.0,54.561063408416636,86.5
144,2025-02-04 13:00:00,110,2436,114,78,26,0,36,7,city,0,0.0,54.63747032957995,77.0
176,2025-02-04 14:00:00,58,1746,116,13,18,0,124,16,city,0,0.01,54.68709037822467,91.0
103,2025-02-04 15:00:00,12,3606,72,66,56,1,9,1,city,0,0.02,54.477908127137766,52.0
161,2025-02-04 16:00:00,38,1364,93,40,44,0,40,1,highway,0,0.0,54.71684511036428,78.0
164,2025-02-04 17:00:00,100,2056,97,12,26,1,179,12,highway,0,0.0,54.672100389136965,67.0
131,2025-02-04 18:00:00,112,1714,79,76,58,0,129,16,city,0,0.0,54.71039023493838,61.0
133,2025-02-04 19:00:00,27,2832,78,99,19,0,68,5,city,0,0.0,54.56415858258801,90.5
191,2025-02-04 20:00:00,88,3368,82,59,2,0,154,14,highway,0,0.02,54.53483631419624,99.0
194,2025-02-04 21:00:00,60,1754,117,26,15,0,3,18,city,0,0.0,54.68720254467223,92.5
171,2025-02-04 22:00:00,15,2464,104,69,38,0,265,9,highway,0,0.01,54.59598800907081,81.0
138,2025-02-04 23:00:00,118,2987,92,83,43,0,4,2,highway,0,0.0,54.58395148243758,68.5
125,2025-02-05 00:00:00,1,2613,116,75,28,0,262,12,city,0,0.0,54.575622881899235,86.0
133,2025-02-05 01:00:00,117,1062,86,97,14,1,282,10,highway,0,0.0,54.78050474537798,63.0
153,2025-02-05 02:00:00,81,3569,115,84,29,0,85,2,highway,1,1.0,54.5104799479416,85.5
102,2025-02-05 03:00:00,16,2112,76,33,39,0,35,15,city,0,0.0,54.632146282145655,80.5
149,2025-02-05 04:00:00,29,1367,85,96,54,0,114,4,city,0,0.0,54.712517316477964,73.0
111,2025-02-05 05:00:00,102,2580,109,41,48,0,59,19,city,0,0.01,54.6187137634839,66.0
164,2025-02-05 06:00:00,12,2094,105,96,0,0,38,4,highway,0,0.0,54.63396614989465,100.0
153,2025-02-05 07:00:00,95,798,89,28,28,0,33,9,highway,0,0.0,54.797946975724365,86.0
104,2025-02-05 08:00:00,113,2794,93,75,52,0,203,13,city,0,0.0,54.60120344498914,64.0
193,2025-02-05 09:00:00,92,3586,116,69,29,0,202,10,highway,1,0.99,54.513167745268696,85.5
193,2025-02-05 10:00:00,109,1121,74,75,39,0,100,14,city,0,0.0,54.77026978150773,70.5
156,2025-02-05 11:00:00,93,2203,114,24,45,0,118,3,highway,0,0.0,54.653562964337674,77.5
116,2025-02-05 12:00:00,81,761,75,94,31,0,243,3,highway,0,0.0,54.795965872185114,84.5
146,2025-02-05 13:00:00,12,1832,97,44,9,1,29,16,highway,0,0.0,54.66024284195826,75.5
122,2025-02-05 14:00:00,42,2402,74,78,26,0,227,9,highway,0,0.0,54.61362505815486,87.0
178,2025-02-05 15:00:00,84,3890,118,36,50,1,213,14,highway,1,0.98,54.478180419975416,55.0
184,2025-02-05 16:00:00,93,3757,108,97,7,0,187,16,city,1,0.99,54.497078865997466,96.5
113,2025-02-05 17:00:00,20,1297,107,16,50,0,113,9,city,0,0.0,54.71618616502364,75.0
165,2025-02-05 18:00:00,111,1091,71,15,35,0,299,5,highway,0,0.01,54.77428737539718,72.5
174,2025-02-05 19:00:00,54,3724,112,42,41,0,161,13,city,1,1.0,54.4833849930119,79.5
150,2025-02-05 20:00:00,80,1775,108,67,54,0,19,15,city,0,0.0,54.69150181858486,73.0
137,2025-02-05 21:00:00,39,3350,90,58,34,0,264,4,highway,0,0.0,54.51568363894932,83.0
163,2025-02-05 22:00:00,82,2012,109,26,35,0,159,14,highway,0,0.0,54.6689796714917,82.5
197,2025-02-05 23:00:00,115,2729,106,51,47,0,11,7,highway,0,0.0,54.60882137258351,66.5
137,2025-02-06 00:00:00,14,3084,87,81,55,0,8,4,city,0,0.0,54.53183837356674,72.5
149,2025-02-06 01:00:00,72,1509,117,49,35,0,153,17,city,0,0.0,54.71611857426392,82.5
197,2025-02-06 02:00:00,51,3975,115,55,24,0,113,9,city,1,0.96,54.4573496880367,88.0
181,2025-02-06 03:00:00,73,2105,81,80,19,1,148,4,highway,0,0.0,54.65656264161463,70.5
129,2025-02-06 04:00:00,107,3499,86,79,51,0,38,3,highway,0,0.0,54.527138235303724,64.5
178,2025-02-06 05:00:00,94,1859,106,77,44,0,135,19,highway,0,0.01,54.6889894676615,78.0
190,2025-02-06 06:00:00,52,2231,115,10,52,0,235,9,highway,0,0.0,54.63396697216754,74.0
150,2025-02-06 07:00:00,86,2085,107,88,16,0,255,8,highway,0,0.0,54.66393901144364,92.0
162,2025-02-06 08:00:00,51,1580,84,98,22,0,74,7,city,0,0.0,54.700998001587635,89.0
197,2025-02-06 09:00:00,29,2299,76,61,24,0,276,7,city,0,0.0,54.61896206540989,88.0
151,2025-02-06 10:00:00,32,3382,83,44,47,0,209,4,city,0,0.0,54.50908691470928,76.5
137,2025-02-06 11:00:00,56,953,119,78,59,0,267,19,highway,0,0.01,54.76525661554418,70.5
196,2025-02-06 12:00:00,51,3885,70,14,56,0,144,12,highway,0,0.01,54.46519348338486,72.0
187,2025-02-06 13:00:00,8,2767,107,26,48,0,42,6,city,0,0.02,54.56195387091369,76.0
178,2025-02-06 14:00:00,53,3275,72,62,30,0,224,12,city,0,0.0,54.52909581544204,85.0
129,2025-02-06 15:00:00,110,1868,106,61,5,1,52,4,highway,0,0.0,54.6960937860261,67.5
150,2025-02-06 16:00:00,0,1931,113,23,34,0,137,2,city,0,0.0,54.64433390274561,83.0
180,2025-02-06 17:00:00,43,3123,100,38,51,0,195,15,highway,0,0.02,54.53967970874129,74.5
104,2025-02-06 18:00:00,98,865,112,17,55,0,95,6,city,0,0.0,54.791233276844544,72.5
128,2025-02-06 19:00:00,74,2273,82,10,3,0,258,18,city,0,0.0,54.64053341543775,98.5
103,2025-02-06 20:00:00,97,3952,117,38,39,1,25,5,city,1,1.0,54.47754481518442,60.5
109,2025-02-06 21:00:00,79,3608,87,45,19,0,232,4,city,0,0.0,54.50611976767401,90.5
155,2025-02-06 22:00:00,8,1316,86,60,40,0,94,11,highway,0,0.0,54.709844795878325,80.0
116,2025-02-06 23:00:00,31,3359,86,46,53,0,221,11,highway,0,0.01,54.510779011337604,73.5
173,2025-02-07 00:00:00,14,2325,80,78,0,0,297,9,highway,0,0.0,54.611276961573836,100.0
116,2025-02-07 01:00:00,11,1202,89,62,44,1,203,3,city,0,0.0,54.72247927492483,58.0
183,2025-02-07 02:00:00,96,1612,79,61,25,0,81,11,highway,0,0.0,54.71568911013062,87.5
187,2025-02-07 03:00:00,108,2826,98,97,33,0,205,2,city,0,0.0,54.59671876693445,73.5
168,2025-02-07 04:00:00,77,1284,117,92,54,0,77,9,highway,0,0.0,54.74023094939613,73.0
133,2025-02-07 05:00:00,56,2658,103,21,9,0,38,10,city,0,0.01,54.593907013729044,95.5
105,2025-02-07 06:00:00,7,3435,86,61,22,0,195,11,highway,0,0.0,54.494681726890285,89.0
152,2025-02-07 07:00:00,71,1095,111,10,50,0,42,3,highway,0,0.0,54.75720639364498,75.0
165,2025-02-07 08:00:00,26,2331,82,16,48,0,182,17,city,0,0.0,54.613521425508054,76.0
176,2025-02-07 09:00:00,61,2580,113,26,23,0,245,11,highway,0,0.0,54.603274329619225,88.5
142,2025-02-07 10:00:00,11,3874,116,52,12,0,195,17,city,1,0.99,54.45205146996966,94.0
174,2025-02-07 11:00:00,64,1101,108,80,28,0,78,19,city,0,0.0,54.75468555220706,86.0
122,2025-02-07 12:00:00,106,1674,96,26,57,1,125,4,city,0,0.0,54.71208996993043,41.5
154,2025-02-07 13:00:00,103,923,95,68,45,0,141,2,highway,0,0.0,54.78775143922978,67.5
179,2025-02-07 14:00:00,41,1217,97,12,26,0,27,14,highway,0,0.0,54.733735569540165,87.0
194,2025-02-07 15:00:00,61,3381,82,38,30,0,281,15,highway,0,0.01,54.52152795443554,85.0
174,2025-02-07 16:00:00,114,935,81,31,42,1,293,3,highway,0,0.0,54.79107044643977,49.0
115,2025-02-07 17:00:00,10,815,113,47,9,0,242,13,highway,0,0.0,54.76286658936161,95.5
107,2025-02-07 18:00:00,102,3934,97,63,30,0,236,13,city,0,0.03,54.481751112132116,75.0
103,2025-02-07 19:00:00,42,925,71,59,38,0,203,18,highway,0,0.0,54.763341993364456,81.0
103,2025-02-07 20:00:00,94,2977,106,78,9,0,142,7,highway,0,0.0,54.57672293877097,95.5
155,2025-02-07 21:00:00,16,881,103,39,23,1,94,16,highway,0,0.0,54.7579909205903,68.5
124,2025-02-07 22:00:00,96,2041,92,32,32,0,152,16,city,0,0.0,54.67177435832951,84.0
166,2025-02-07 23:00:00,31,909,114,94,13,0,253,6,city,0,0.01,54.7615751674692,93.5
195,2025-02-08 00:00:00,92,2115,98,99,34,0,67,6,city,0,0.0,54.662560840420745,83.0
166,2025-02-08 01:00:00,84,2843,104,56,44,0,176,4,city,0,0.0,54.58490357481574,78.0
126,2025-02-08 02:00:00,84,1593,80,30,33,1,103,3,highway,0,0.0,54.712475939725614,63.5
192,2025-02-08 03:00:00,39,2581,117,29,16,0,91,1,city,0,0.02,54.59462565545024,92.0
131,2025-02-08 04:00:00,22,3503,102,32,20,0,193,3,highway,1,0.98,54.4938708030863,90.0
149,2025-02-08 05:00:00,55,1809,80,77,31,0,166,19,highway,0,0.0,54.67894707755239,84.5
160,2025-02-08 06:00:00,5,3162,78,30,2,1,90,9,highway,0,0.01,54.522460363003816,79.0
150,2025-02-08 07:00:00,85,2726,83,30,57,1,268,14,city,0,0.0,54.59667195721048,51.5
118,2025-02-08 08:00:00,49,1093,78,10,14,0,51,19,highway,0,0.0,54.750049109652174,93.0
120,2025-02-08 09:00:00,101,3443,108,24,7,1,166,19,city,1,0.95,54.53222412816484,66.5
104,2025-02-08 10:00:00,36,1543,117,26,31,1,174,13,city,0,0.0,54.69836994269337,64.5
181,2025-02-08 11:00:00,108,2224,72,60,37,0,227,16,city,0,0.0,54.657777283055275,71.5
191,2025-02-08 12:00:00,63,1303,98,72,25,1,266,8,city,0,0.0,54.73386377952756,67.5
141,2025-02-08 13:00:00,114,1281,88,23,29,0,9,16,city,0,0.0,54.75641475683645,75.5
160,2025-02-08 14:00:00,53,2742,105,68,8,0,87,9,city,0,0.0,54.584200751730805,96.0
121,2025-02-08 15:00:00,71,2639,101,92,56,0,94,9,city,0,0.01,54.59993937638223,72.0
120,2025-02-08 16:00:00,104,832,76,59,31,0,52,3,highway,0,0.0,54.79798015879592,74.5
169,2025-02-08 17:00:00,48,3538,97,43,10,0,179,7,city,0,0.0,54.50115982641549,95.0
100,2025-02-08 18:00:00,98,3396,113,15,21,1,278,18,highway,1,0.97,54.53522669107386,69.5
104,2025-02-08 19:00:00,114,2968,87,58,33,1,239,2,city,0,0.0,54.58468675165965,53.5
111,2025-02-08 20:00:00,10,1675,74,15,40,0,73,1,highway,0,0.0,54.67413827478072,80.0
189,2025-02-08 21:00:00,87,3817,92,78,17,0,72,12,highway,0,0.0,54.48815883524621,91.5
145,2025-02-08 22:00:00,48,2513,91,16,18,0,68,16,highway,0,0.0,54.60507293235208,91.0
133,2025-02-08 23:00:00,20,3963,95,86,53,0,5,12,highway,0,0.01,54.44493681046056,73.5
148,2025-02-09 00:00:00,114,2243,111,60,17,0,238,10,city,0,0.0,54.65907224647101,81.5
177,2025-02-09 01:00:00,65,3535,81,10,36,0,121,9,highway,0,0.01,54.5072270941455,82.0
189,2025-02-09 02:00:00,62,3438,109,22,17,0,211,18,city,1,1.0,54.51666447620475,91.5
144,2025-02-09 03:00:00,103,2057,88,52,11,0,262,4,city,0,0.0,54.67381683696838,84.5
126,2025-02-09 04:00:00,82,738,116,36,3,0,58,8,city,0,0.0,54.799851828546316,98.5
172,2025-02-09 05:00:00,102,2016,70,80,46,0,43,4,highway,0,0.0,54.67615319957921,67.0
125,2025-02-09 06:00:00,27,3437,72,12,42,1,197,16,city,0,0.0,54.50169048983853,59.0
146,2025-02-09 07:00:00,16,861,96,67,26,0,72,8,highway,0,0.0,54.759902158515374,87.0
185,2025-02-09 08:00:00,5,2609,87,98,50,0,91,7,city,0,0.0,54.576735783375284,75.0
155,2025-02-09 09:00:00,18,1827,119,26,4,0,37,13,highway,0,0.0,54.66336495366315,98.0
193,2025-02-09 10:00:00,55,2908,99,54,5,0,237,8,city,0,0.0,54.568244648032014,97.5
162,2025-02-09 11:00:00,101,2358,71,87,12,0,293,7,highway,0,0.0,54.64236182916185,84.0
147,2025-02-09 12:00:00,27,3825,74,67,22,0,154,5,highway,0,0.0,54.46304983533419,89.0
160,2025-02-09 13:00:00,65,2663,98,65,41,0,170,18,city,0,0.0,54.59570313981862,79.5
180,2025-02-09 14:00:00,37,1757,102,63,55,0,272,19,city,0,0.0,54.67602634159917,72.5
125,2025-02-09 15:00:00,118,2989,111,96,24,0,110,10,highway,0,0.0,54.5845253153145,78.0
135,2025-02-09 16:00:00,36,1666,89,97,45,0,151,11,highway,0,0.0,54.68528840464543,77.5
100,2025-02-09 17:00:00,114,1589,99,38,3,0,131,8,highway,0,0.0,54.726155375960204,88.5
107,2025-02-09 18:00:00,115,2860,111,63,51,0,268,6,highway,0,0.0,54.59533531897469,64.5
198,2025-02-09 19:00:00,67,3761,74,36,54,0,23,11,highway,0,0.0,54.48431007345848,73.0
151,2025-02-09 20:00:00,85,3065,119,54,31,0,139,16,highway,1,0.99,54.56325994105236,84.5
178,2025-02-09 21:00:00,89,2770,90,96,43,1,239,4,city,0,0.0,54.594376002750835,58.5
146,2025-02-09 22:00:00,48,3571,84,40,14,0,192,2,city,0,0.01,54.497640168213906,93.0
155,2025-02-09 23:00:00,42,3889,89,45,25,0,127,13,highway,0,0.0,54.46244116931065,87.5
185,2025-02-10 00:00:00,35,3448,77,90,41,1,29,7,city,0,0.0,54.50382483727608,59.5
113,2025-02-10 01:00:00,57,2366,118,70,10,0,121,17,highway,0,0.0,54.62396341206476,95.0
189,2025-02-10 02:00:00,12,3766,100,46,8,0,198,13,city,0,0.0,54.463599986307564,96.0
127,2025-02-10 03:00:00,51,3983,81,76,10,0,174,10,highway,0,0.0,54.45710879957088,95.0
186,2025-02-10 04:00:00,57,2141,90,45,1,0,144,13,highway,0,0.0,54.64721360330038,99.5
177,2025-02-10 05:00:00,31,3884,99,14,44,0,179,10,city,0,0.02,54.45775576833416,78.0
187,2025-02-10 06:00:00,80,1767,96,55,26,0,11,7,city,0,0.0,54.69346079154887,87.0
101,2025-02-10 07:00:00,104,827,113,88,53,1,139,10,city,0,0.01,54.79758869933465,43.5
125,2025-02-10 08:00:00,99,3623,95,61,57,0,253,16,highway,0,0.0,54.511070135834316,71.5
113,2025-02-10 09:00:00,118,857,102,58,25,0,19,3,city,0,0.0,54.80130435760431,77.5
158,2025-02-10 10:00:00,59,1526,95,15,7,0,160,4,highway,0,0.0,54.71031540815863,96.5
155,2025-02-10 11:00:00,109,2590,95,19,20,0,122,4,city,0,0.0,54.621652777013054,80.0
106,2025-02-10 12:00:00,82,3599,105,32,20,0,72,4,city,1,0.99,54.50819868624835,90.0
102,2025-02-10 13:00:00,57,1211,109,26,7,1,55,16,city,0,0.01,54.74154722111422,76.5
122,2025-02-10 14:00:00,98,2792,70,93,0,1,169,9,highway,0,0.0,54.59751127236348,80.0
117,2025-02-10 15:00:00,109,3879,84,53,37,0,99,6,highway,0,0.01,54.489868752880156,71.5
137,2025-02-10 16:00:00,103,2966,119,50,57,0,70,10,city,0,0.01,54.579491723077375,61.5
198,2025-02-10 17:00:00,55,1142,70,24,12,1,149,4,highway,0,0.0,54.74755681377056,74.0
114,2025-02-10 18:00:00,27,3062,80,53,8,0,117,12,highway,0,0.0,54.54121803726613,96.0
163,2025-02-10 19:00:00,0,2924,71,67,27,0,26,10,city,0,0.0,54.54363422322946,86.5
188,2025-02-10 20:00:00,41,2975,70,95,5,0,248,12,city,0,0.0,54.55580968193291,97.5
127,2025-02-10 21:00:00,81,2426,100,59,46,0,209,19,city,0,0.0,54.6260252465679,77.0
173,2025-02-10 22:00:00,47,2706,113,61,22,0,227,19,city,0,0.0,54.58488009346708,89.0
138,2025-02-10 23:00:00,39,2395,85,79,47,0,114,1,highway,0,0.0,54.61227335715476,76.5
156,2025-02-11 00:00:00,96,966,91,77,35,1,194,4,city,0,0.0,54.78097689375086,62.5
116,2025-02-11 01:00:00,62,3617,111,72,59,0,10,13,highway,1,0.97,54.496742465401496,70.5
185,2025-02-11 02:00:00,75,1537,87,67,57,0,95,8,city,0,0.0,54.713575627833364,71.5
189,2025-02-11 03:00:00,71,1188,116,32,16,0,121,14,city,0,0.0,54.749139318107396,92.0
143,2025-02-11 04:00:00,87,1401,86,53,8,0,126,16,city,0,0.0,54.73422915237221,96.0
124,2025-02-11 05:00:00,79,1386,99,92,11,0,37,2,city,0,0.0,54.732419783036406,94.5
116,2025-02-11 06:00:00,113,1695,79,53,21,0,69,8,city,0,0.0,54.71423756061421,79.5
112,2025-02-11 07:00:00,3,1056,104,61,50,0,297,13,city,0,0.0,54.73386961178148,75.0
183,2025-02-11 08:00:00,37,1571,90,76,51,1,174,1,highway,0,0.0,54.695105780385525,54.5
124,2025-02-11 09:00:00,107,2673,85,37,57,1,45,12,highway,0,0.0,54.61089527023641,41.5
167,2025-02-11 10:00:00,26,2951,75,76,11,1,123,17,highway,0,0.0,54.55198227049979,74.5
109,2025-02-11 11:00:00,8,3984,72,87,53,0,27,7,highway,0,0.0,54.43798297775294,73.5
166,2025-02-11 12:00:00,110,1251,110,27,5,0,193,16,highway,0,0.0,54.758841397926766,87.5
117,2025-02-11 13:00:00,15,2510,112,36,43,0,136,14,highway,0,0.0,54.591105371235315,78.5
199,2025-02-11 14:00:00,55,1022,90,60,8,0,195,10,highway,0,0.01,54.759924190343874,96.0
185,2025-02-11 15:00:00,75,3341,82,69,51,1,49,3,city,0,0.02,54.53035803465294,54.5
133,2025-02-11 16:00:00,30,2928,87,83,36,0,96,12,highway,0,0.0,54.554904711988605,82.0
107,2025-02-11 17:00:00,87,3246,93,58,52,0,121,8,city,0,0.01,54.54479660609839,74.0
139,2025-02-11 18:00:00,118,782,96,24,2,0,249,16,highway,0,0.0,54.80987255682484,89.0
182,2025-02-11 19:00:00,13,3050,73,92,33,1,217,1,highway,0,0.01,54.535794536896034,63.5
141,2025-02-11 20:00:00,108,961,91,82,7,0,114,17,city,0,0.0,54.78744894952685,86.5
140,2025-02-11 21:00:00,24,1483,93,77,9,0,14,6,city,0,0.0,54.70055358990643,95.5
105,2025-02-11 22:00:00,33,1923,109,24,46,1,62,1,city,0,0.0,54.65790659026851,57.0
151,2025-02-11 23:00:00,66,1613,114,60,40,0,43,15,city,0,0.0,54.70292836923948,80.0
125,2025-02-12 00:00:00,23,3439,79,57,41,0,240,13,city,0,0.01,54.49992194193802,79.5
163,2025-02-12 01:00:00,117,1643,71,81,42,0,96,6,highway,0,0.0,54.72027286865533,69.0
197,2025-02-12 02:00:00,105,3430,109,10,8,0,27,13,city,1,0.92,54.53511135310086,86.0
158,2025-02-12 03:00:00,72,2018,75,16,13,0,242,4,city,0,0.0,54.66525428591655,93.5
155,2025-02-12 04:00:00,25,2235,117,62,36,0,240,1,city,0,0.0,54.62337379166345,82.0
158,2025-02-12 05:00:00,19,1388,87,40,26,1,67,10,highway,0,0.0,54.707511902860624,67.0
169,2025-02-12 06:00:00,63,3143,86,27,40,0,281,4,city,0,0.02,54.54612601925456,80.0
132,2025-02-12 07:00:00,103,2472,107,21,31,0,192,13,city,0,0.0,54.63079406788077,74.5
152,2025-02-12 08:00:00,9,3909,114,57,3,0,119,4,city,1,1.0,54.448057174577585,98.5
121,2025-02-12 09:00:00,82,1538,92,39,1,0,152,16,highway,0,0.0,54.718575312238855,99.5
120,2025-02-12 10:00:00,66,1577,115,16,50,0,265,9,city,0,0.0,54.706180426345284,75.0
169,2025-02-12 11:00:00,23,3570,99,12,32,0,231,4,highway,0,0.0,54.48696767638816,84.0
169,2025-02-12 12:00:00,4,3900,90,72,20,0,249,8,highway,0,0.01,54.44626946707237,90.0
103,2025-02-12 13:00:00,66,748,79,15,0,0,59,4,city,0,0.0,54.79253333434586,100.0
193,2025-02-12 14:00:00,57,3536,112,24,43,1,17,9,highway,1,0.98,54.50362693111753,58.5
174,2025-02-12 15:00:00,26,992,82,80,10,0,171,11,highway,0,0.0,54.75124938750599,95.0
161,2025-02-12 16:00:00,79,2351,81,52,0,0,132,5,highway,0,0.0,54.634731272160245,100.0
161,2025-02-12 17:00:00,112,1235,78,90,45,0,136,9,highway,0,0.0,54.75963532299802,67.5
193,2025-02-12 18:00:00,14,1010,73,27,58,0,42,8,highway,0,0.0,54.74263712339453,71.0
194,2025-02-12 19:00:00,34,1236,108,31,10,0,6,4,highway,0,0.01,54.7296472145995,95.0
123,2025-02-12 20:00:00,75,2626,93,70,6,0,170,1,city,0,0.0,54.604912846780344,97.0
154,2025-02-12 21:00:00,104,3386,103,70,1,0,288,13,highway,1,0.91,54.53947089394684,89.5
108,2025-02-12 22:00:00,52,933,108,62,14,1,215,5,highway,0,0.0,54.76752531976041,73.0
102,2025-02-12 23:00:00,43,1932,110,35,7,0,69,10,city,0,0.0,54.662601820358645,96.5
130,2025-02-13 00:00:00,25,3352,74,49,53,0,27,16,highway,0,0.0,54.50908180844937,73.5
139,2025-02-13 01:00:00,46,2841,84,97,51,0,225,8,city,0,0.0,54.569563064152405,74.5
135,2025-02-13 02:00:00,33,3074,119,17,56,0,234,12,city,1,0.9,54.540443225451966,72.0
123,2025-02-13 03:00:00,86,2972,73,30,46,0,51,3,highway,0,0.0,54.572505760003914,77.0
194,2025-02-13 04:00:00,94,1666,108,52,25,0,149,4,highway,0,0.0,54.70939439344058,87.5
105,2025-02-13 05:00:00,49,1589,77,30,39,1,75,17,highway,0,0.0,54.69858427579791,60.5
165,2025-02-13 06:00:00,83,2758,118,12,41,1,92,13,city,0,0.01,54.593269102971725,59.5
183,2025-02-13 07:00:00,11,3783,114,40,50,0,68,6,highway,1,0.99,54.45975152258754,75.0
191,2025-02-13 08:00:00,86,734,93,36,34,0,235,3,city,0,0.0,54.80059656905847,83.0
174,2025-02-13 09:00:00,3,1146,97,36,51,0,144,14,highway,0,0.0,54.72467589289903,74.5
103,2025-02-13 10:00:00,86,2463,112,82,45,0,76,7,highway,0,0.0,54.624310904147926,77.5
178,2025-02-13 11:00:00,47,3991,96,66,40,1,86,3,highway,0,0.01,54.45346195420969,60.0
105,2025-02-13 12:00:00,54,3188,70,42,40,1,227,6,city,0,0.02,54.53793598078852,60.0
193,2025-02-13 13:00:00,111,3400,103,99,20,0,56,13,city,1,0.99,54.540080497459684,80.0
150,2025-02-13 14:00:00,0,2258,86,53,59,0,80,14,highway,0,0.0,54.610056016073216,70.5
161,2025-02-13 15:00:00,117,1294,106,52,56,0,24,15,city,0,0.01,54.75519274522184,62.0
156,2025-02-13 16:00:00,88,2725,107,40,37,0,227,16,highway,0,0.0,54.59879633473536,81.5
165,2025-02-13 17:00:00,65,2976,95,74,7,1,28,1,city,0,0.01,54.56526252357091,76.5
178,2025-02-13 18:00:00,29,1043,93,93,42,0,121,15,city,0,0.0,54.745958321354436,79.0
174,2025-02-13 19:00:00,2,1803,108,85,31,0,93,7,highway,0,0.0,54.65827698526853,84.5
107,2025-02-13 20:00:00,20,2119,90,26,7,0,112,9,highway,0,0.0,54.6343494723696,96.5
125,2025-02-13 21:00:00,88,2013,99,24,43,0,31,15,city,0,0.0,54.67095980766371,78.5
150,2025-02-13 22:00:00,83,2178,116,43,9,0,143,14,city,0,0.0,54.65356290887713,95.5
144,2025-02-13 23:00:00,48,3736,117,89,22,1,298,19,city,1,0.92,54.48053275849118,69.0
143,2025-02-14 00:00:00,115,1851,82,13,3,0,227,18,highway,0,0.0,54.699912037645106,88.5
104,2025-02-14 01:00:00,85,3656,106,81,47,0,250,9,highway,1,0.94,54.502501966491714,76.5
169,2025-02-14 02:00:00,84,2621,72,98,51,0,50,1,city,0,0.0,54.60719416393414,74.5
125,2025-02-14 03:00:00,61,2082,101,88,37,0,214,12,highway,0,0.0,54.65334719512123,81.5
167,2025-02-14 04:00:00,96,3274,104,37,29,0,269,10,city,1,1.0,54.54650355276179,85.5
118,2025-02-14 05:00:00,115,2822,88,82,40,0,288,7,highway,0,0.0,54.59964981415423,70.0
183,2025-02-14 06:00:00,37,2269,83,11,22,0,195,14,highway,0,0.0,54.62530693402627,89.0
196,2025-02-14 07:00:00,14,2594,117,26,4,0,254,1,city,0,0.0,54.58375659606503,98.0
119,2025-02-14 08:00:00,109,2943,91,67,20,0,79,15,highway,0,0.0,54.58575341396453,80.0
111,2025-02-14 09:00:00,51,2566,86,83,55,0,244,1,city,0,0.0,54.59937393650705,72.5
146,2025-02-14 10:00:00,78,728,73,18,5,0,91,13,highway,0,0.0,54.79918093527233,97.5
100,2025-02-14 11:00:00,45,1405,114,40,48,0,6,2,city,0,0.01,54.71532247185102,76.0
189,2025-02-14 12:00:00,24,1720,109,75,16,1,281,3,highway,0,0.0,54.67616483727052,72.0
113,2025-02-14 13:00:00,20,2763,88,97,24,0,150,4,highway,0,0.0,54.56816060168229,88.0
163,2025-02-14 14:00:00,87,2146,106,71,23,0,282,16,highway,0,0.0,54.65785060608824,88.5
137,2025-02-14 15:00:00,4,3552,71,28,21,0,191,12,city,0,0.0,54.481619433785525,89.5
136,2025-02-14 16:00:00,69,3687,84,90,12,1,274,4,city,0,0.01,54.49435683289309,74.0
110,2025-02-14 17:00:00,112,2359,71,83,16,0,73,12,highway,0,0.0,54.64651316599098,82.0
199,2025-02-14 18:00:00,106,1666,80,64,13,0,68,7,highway,0,0.0,54.71470345127471,83.5
176,2025-02-14 19:00:00,111,3848,114,37,33,0,63,3,city,1,0.96,54.49398804468192,73.5
102,2025-02-14 20:00:00,107,2976,92,59,25,1,134,5,city,0,0.0,54.58138981956436,57.5
132,2025-02-14 21:00:00,46,3709,79,74,18,1,268,12,highway,0,0.0,54.48263919979403,71.0
105,2025-02-14 22:00:00,86,3462,72,12,25,1,223,12,highway,0,0.01,54.523532825216826,67.5
149,2025-02-14 23:00:00,67,3731,74,88,59,1,126,7,city,0,0.01,54.487156476959214,50.5
109,2025-02-15 00:00:00,90,1272,72,61,2,1,265,12,city,0,0.0,54.74879816784116,79.0
104,2025-02-15 01:00:00,17,2306,107,19,1,0,7,2,city,0,0.0,54.614372859271356,99.5
122,2025-02-15 02:00:00,20,1314,82,30,27,0,206,14,highway,0,0.0,54.715398156310854,86.5
109,2025-02-15 03:00:00,91,1025,111,46,1,0,179,16,highway,0,0.0,54.774359973670066,99.5
143,2025-02-15 04:00:00,98,3622,88,24,21,0,183,7,city,0,0.01,54.51224296288982,89.5
101,2025-02-15 05:00:00,85,1058,109,96,6,0,228,4,city,0,0.01,54.76839032042025,97.0
112,2025-02-15 06:00:00,103,2510,119,87,3,0,236,5,highway,0,0.01,54.62807493687812,88.5
139,2025-02-15 07:00:00,22,3071,104,88,48,0,146,14,highway,1,0.97,54.53665891154254,76.0
101,2025-02-15 08:00:00,63,2421,93,83,37,0,58,9,highway,0,0.0,54.61967463227,81.5
183,2025-02-15 09:00:00,66,2049,93,18,38,0,296,5,highway,0,0.0,54.65866989301604,81.0
164,2025-02-15 10:00:00,39,864,86,53,19,0,241,2,city,0,0.0,54.76911825058023,90.5
162,2025-02-15 11:00:00,113,2296,109,48,5,0,287,5,highway,0,0.01,54.65377162369091,87.5
172,2025-02-15 12:00:00,9,2327,79,14,8,0,163,3,highway,0,0.01,54.608738737997015,96.0
116,2025-02-15 13:00:00,88,3545,71,34,51,1,26,10,highway,0,0.01,54.514831351801256,54.5
108,2025-02-15 14:00:00,51,3202,113,65,59,0,106,8,city,1,0.95,54.53453043717726,70.5
174,2025-02-15 15:00:00,112,1876,92,99,30,1,240,10,city,0,0.0,54.6950605628082,55.0
114,2025-02-15 16:00:00,71,1850,75,73,25,0,42,2,city,0,0.0,54.681447139188485,87.5
123,2025-02-15 17:00:00,118,892,71,81,35,0,133,14,highway,0,0.0,54.79733586293548,72.5
137,2025-02-15 18:00:00,74,3374,90,95,25,0,44,4,highway,0,0.0,54.52766406495194,87.5
134,2025-02-15 19:00:00,60,3277,104,61,27,0,35,12,highway,1,0.98,54.531825742925584,86.5
193,2025-02-15 20:00:00,63,3781,118,98,4,0,1,14,highway,1,0.97,54.482715395050796,98.0
194,2025-02-15 21:00:00,4,791,98,85,50,0,226,16,city,0,0.0,54.76122107325836,75.0
148,2025-02-15 22:00:00,108,838,76,18,9,1,299,5,highway,0,0.0,54.799875979194525,65.5
168,2025-02-15 23:00:00,52,1180,98,19,17,1,288,16,city,0,0.0,54.74228321509638,71.5
161,2025-02-16 00:00:00,54,3196,106,19,14,1,236,4,highway,1,1.0,54.5381859736079,73.0
159,2025-02-16 01:00:00,36,2056,92,82,56,1,33,3,highway,0,0.0,54.64517624432968,52.0
149,2025-02-16 02:00:00,55,3616,102,71,32,0,95,1,highway,1,0.97,54.49513804321864,84.0
177,2025-02-16 03:00:00,58,1039,77,99,4,0,205,4,highway,0,0.0,54.75956349706675,98.0
174,2025-02-16 04:00:00,108,1775,81,69,36,0,109,9,highway,0,0.0,54.70348055246016,72.0
108,2025-02-16 05:00:00,101,3213,115,28,39,0,30,1,highway,1,0.96,54.55430563123762,70.5
133,2025-02-16 06:00:00,92,3465,117,47,21,0,266,16,city,1,0.99,54.525800446849395,89.5
175,2025-02-16 07:00:00,68,1498,79,15,21,1,23,3,city,0,0.0,54.71620388728252,69.5
198,2025-02-16 08:00:00,72,1174,84,24,21,0,97,6,city,0,0.0,54.75076006972344,89.5
134,2025-02-16 09:00:00,58,3148,93,56,51,1,39,13,city,0,0.0,54.54315998161948,54.5
100,2025-02-16 10:00:00,111,2162,95,54,14,0,173,17,city,0,0.0,54.6662279535529,83.0
139,2025-02-16 11:00:00,1,1304,116,14,16,0,248,15,highway,0,0.01,54.709236330409674,92.0
163,2025-02-16 12:00:00,64,3679,111,87,50,0,162,12,highway,1,0.99,54.491608385226456,75.0
121,2025-02-16 13:00:00,103,3744,108,62,44,1,180,8,city,1,0.99,54.50090253535235,48.0
159,2025-02-16 14:00:00,59,3669,72,75,57,1,103,16,highway,0,0.0,54.490331443371225,51.5
163,2025-02-16 15:00:00,50,1520,71,71,27,0,209,3,highway,0,0.0,54.70649382774552,86.5
192,2025-02-16 16:00:00,29,3404,75,32,58,0,22,4,highway,0,0.0,54.5051950419896,71.0
171,2025-02-16 17:00:00,10,1297,90,53,21,0,5,7,highway,0,0.0,54.71335731433877,89.5
110,2025-02-16 18:00:00,91,2232,78,61,20,0,139,15,city,0,0.0,54.65083336479977,90.0
113,2025-02-16 19:00:00,107,3924,79,55,41,1,214,11,highway,0,0.0,54.48432569030592,49.5
159,2025-02-16 20:00:00,75,1213,105,28,16,0,160,16,city,0,0.0,54.74820292914907,92.0
129,2025-02-16 21:00:00,38,2226,72,97,4,0,139,14,city,0,0.0,54.63081778089618,98.0
134,2025-02-16 22:00:00,89,2577,110,93,17,0,145,13,highway,0,0.01,54.61506727594628,91.5
184,2025-02-16 23:00:00,76,2399,93,56,16,1,160,9,highway,0,0.0,54.62799071985145,72.0
136,2025-02-17 00:00:00,71,1729,91,61,3,0,83,18,highway,0,0.0,54.69465253560192,98.5
104,2025-02-17 01:00:00,62,1199,118,33,53,0,155,3,city,0,0.02,54.742893458030835,73.5
182,2025-02-17 02:00:00,63,2384,83,26,6,0,288,5,highway,0,0.0,54.624705565012555,97.0
177,2025-02-17 03:00:00,60,1416,111,98,24,0,281,2,city,0,0.0,54.72120827807207,88.0
125,2025-02-17 04:00:00,53,1841,114,55,36,0,64,17,highway,0,0.0,54.67468518106453,82.0
161,2025-02-17 05:00:00,91,2208,113,73,39,1,192,16,city,0,0.0,54.652496885993855,60.5
103,2025-02-17 06:00:00,93,3348,96,37,39,1,156,13,city,0,0.01,54.537364295375305,60.5
188,2025-02-17 07:00:00,72,1365,102,59,42,0,91,11,city,0,0.0,54.73047672622146,79.0
141,2025-02-17 08:00:00,102,3215,91,73,8,0,142,8,city,0,0.01,54.55577186011216,86.0
188,2025-02-17 09:00:00,94,2908,98,37,18,1,42,5,city,0,0.0,54.583371933757064,71.0
117,2025-02-17 10:00:00,57,3017,88,95,50,0,249,2,city,0,0.01,54.556121800194596,75.0
139,2025-02-17 11:00:00,84,1779,88,65,8,0,295,4,city,0,0.0,54.69458279737849,96.0
171,2025-02-17 12:00:00,55,927,75,68,22,0,258,3,highway,0,0.0,54.76901279718142,89.0
138,2025-02-17 13:00:00,110,3596,114,14,30,0,1,2,city,1,0.95,54.51933712419513,75.0
113,2025-02-17 14:00:00,33,848,88,63,31,0,109,3,highway,0,0.0,54.76784544761767,84.5
131,2025-02-17 15:00:00,118,1769,82,53,51,1,125,16,highway,0,0.0,54.70749228545168,44.5
150,2025-02-17 16:00:00,30,1867,95,51,30,1,64,9,highway,0,0.0,54.6630516376014,65.0
137,2025-02-17 17:00:00,51,1331,91,81,16,0,206,6,city,0,0.0,54.7265662223976,92.0
196,2025-02-17 18:00:00,88,2063,90,66,47,0,244,15,city,0,0.0,54.665711284952714,76.5
122,2025-02-17 19:00:00,75,1112,105,56,38,0,78,5,highway,0,0.0,54.7575744692704,81.0
162,2025-02-17 20:00:00,0,2455,71,85,57,0,111,9,city,0,0.0,54.590103340893954,71.5
114,2025-02-17 21:00:00,54,1219,116,34,21,0,142,6,city,0,0.0,54.7389563988457,89.5
196,2025-02-17 22:00:00,21,2067,113,53,34,0,216,3,highway,0,0.0,54.63893479563088,83.0
124,2025-02-17 23:00:00,39,3134,99,24,29,1,16,13,highway,0,0.02,54.537854921879,65.5
116,2025-02-18 00:00:00,100,3022,96,60,52,0,54,15,highway,0,0.01,54.57279662971913,74.0
196,2025-02-18 01:00:00,110,3100,76,62,50,1,141,11,highway,0,0.0,54.56896115322991,45.0
165,2025-02-18 02:00:00,0,3837,89,43,39,0,79,16,highway,0,0.01,54.45029314799724,80.5
177,2025-02-18 03:00:00,64,1802,119,86,36,0,149,15,highway,0,0.0,54.68306806148148,82.0
152,2025-02-18 04:00:00,62,1297,100,17,25,0,127,6,highway,0,0.0,54.734072452289055,87.5
150,2025-02-18 05:00:00,105,2359,92,86,57,1,158,14,city,0,0.0,54.64202538527967,41.5
138,2025-02-18 06:00:00,53,3973,82,79,5,0,279,11,city,0,0.0,54.45913334198772,97.5
150,2025-02-18 07:00:00,41,2385,86,30,33,0,38,10,city,0,0.0,54.614666060535505,83.5
169,2025-02-18 08:00:00,20,3305,73,16,55,0,157,16,highway,0,0.01,54.51177222321876,72.5
105,2025-02-18 09:00:00,78,2860,83,99,31,0,288,12,city,0,0.0,54.581297410090826,84.5
166,2025-02-18 10:00:00,80,3862,89,88,24,1,112,7,highway,0,0.0,54.48048547878863,68.0
106,2025-02-18 11:00:00,21,2888,82,65,50,0,190,7,highway,0,0.0,54.55478630123692,75.0
150,2025-02-18 12:00:00,37,2624,72,58,12,1,106,18,highway,0,0.0,54.58961324289078,74.0
171,2025-02-18 13:00:00,98,1429,95,51,37,0,91,15,city,0,0.0,54.73461197622457,81.5
141,2025-02-18 14:00:00,108,1288,95,32,37,0,49,6,highway,0,0.0,54.75296652898562,71.5
163,2025-02-18 15:00:00,79,3158,87,61,1,0,161,19,highway,0,0.02,54.552620150145245,99.5
114,2025-02-18 16:00:00,7,1076,101,88,57,0,4,8,highway,0,0.01,54.73315536496838,71.5
128,2025-02-18 17:00:00,61,2107,83,62,55,1,198,15,city,0,0.0,54.65006842538546,52.5
132,2025-02-18 18:00:00,46,2569,116,25,4,0,254,4,city,0,0.0,54.599147514670136,98.0
193,2025-02-18 19:00:00,16,3923,72,46,10,0,90,18,highway,0,0.0,54.44915765937563,95.0
126,2025-02-18 20:00:00,16,1450,70,27,10,0,20,13,highway,0,0.0,54.70065659653989,95.0
135,2025-02-18 21:00:00,117,1326,95,29,23,0,77,1,highway,0,0.0,54.75328833556193,78.5
128,2025-02-18 22:00:00,89,2329,93,55,13,0,220,8,city,0,0.0,54.640451985296394,93.5
137,2025-02-18 23:00:00,12,1694,118,11,44,0,162,19,highway,0,0.03,54.67284541677642,78.0
156,2025-02-19 00:00:00,16,2283,104,96,29,1,115,17,highway,0,0.0,54.615165006876815,65.5
196,2025-02-19 01:00:00,37,1402,83,72,39,0,94,10,city,0,0.0,54.71278360885259,80.5
126,2025-02-19 02:00:00,80,3209,72,12,46,0,133,1,city,0,0.0,54.54599426650991,77.0
154,2025-02-19 03:00:00,111,2759,82,55,43,1,172,1,city,0,0.0,54.60432800345937,48.5
132,2025-02-19 04:00:00,77,1879,116,58,34,0,114,5,city,0,0.0,54.68053882704181,83.0
167,2025-02-19 05:00:00,44,1176,119,10,20,0,9,1,city,0,0.0,54.73935516872507,90.0
185,2025-02-19 06:00:00,5,3686,83,31,54,0,299,13,city,0,0.03,54.467043504712926,73.0
165,2025-02-19 07:00:00,34,1100,90,23,4,0,260,9,highway,0,0.0,54.74372357131745,98.0
109,2025-02-19 08:00:00,109,3555,95,94,37,0,170,16,city,0,0.03,54.522818876471426,71.5
104,2025-02-19 09:00:00,13,2924,72,54,1,0,98,8,city,0,0.0,54.54991749060873,99.5
173,2025-02-19 10:00:00,110,756,109,15,39,1,169,14,highway,0,0.0,54.807791034216486,50.5
196,2025-02-19 11:00:00,71,2575,73,74,36,0,218,17,highway,0,0.0,54.607266178245965,82.0
137,2025-02-19 12:00:00,60,1147,105,30,53,0,44,4,highway,0,0.0,54.747378720046584,73.5
112,2025-02-19 13:00:00,14,902,112,13,48,0,261,7,city,0,0.01,54.75402956566262,76.0
130,2025-02-19 14:00:00,53,2356,70,12,57,1,285,17,city,0,0.0,54.621451713971275,51.5
146,2025-02-19 15:00:00,26,1437,109,39,33,1,126,16,city,0,0.01,54.705052960727514,63.5
199,2025-02-19 16:00:00,12,901,116,40,10,0,260,14,city,0,0.01,54.75488269155325,95.0
187,2025-02-19 17:00:00,112,2053,102,43,35,0,214,16,city,0,0.0,54.676855498458956,72.5
151,2025-02-19 18:00:00,30,3110,76,92,10,0,200,2,highway,0,0.0,54.537459268064524,95.0
155,2025-02-19 19:00:00,116,1591,80,29,8,0,236,15,highway,0,0.0,54.72655047569155,86.0
114,2025-02-19 20:00:00,119,3201,96,96,5,0,136,11,city,0,0.04,54.5641441013169,87.5
128,2025-02-19 21:00:00,34,3103,83,63,55,0,116,13,city,0,0.02,54.5379364074809,72.5
107,2025-02-19 22:00:00,59,915,91,34,33,0,155,4,highway,0,0.0,54.77138925646746,83.5
104,2025-02-19 23:00:00,5,3719,85,24,57,0,18,1,city,0,0.01,54.46356475328511,71.5
128,2025-02-20 00:00:00,68,3302,115,47,46,0,4,15,highway,1,0.93,54.531718184115334,77.0
146,2025-02-20 01:00:00,85,3634,81,32,36,0,165,12,highway,0,0.02,54.50518929507415,82.0
167,2025-02-20 02:00:00,57,722,118,61,31,0,127,9,highway,0,0.0,54.790295737667684,84.5
175,2025-02-20 03:00:00,48,2902,115,75,59,0,213,7,highway,0,0.01,54.56383526673565,70.5
144,2025-02-20 04:00:00,22,1909,79,66,11,0,48,3,highway,0,0.0,54.65634543628629,94.5
101,2025-02-20 05:00:00,88,2996,93,66,44,1,46,16,highway,0,0.0,54.57094985308062,58.0
126,2025-02-20 06:00:00,33,1448,115,88,31,0,46,4,highway,0,0.01,54.706826700226415,84.5
194,2025-02-20 07:00:00,25,1504,87,61,16,0,48,14,highway,0,0.0,54.69853310104378,92.0
135,2025-02-20 08:00:00,46,833,91,44,3,0,187,13,city,0,0.0,54.775735997229255,98.5
135,2025-02-20 09:00:00,4,1020,78,83,41,0,120,19,highway,0,0.0,54.738300412301264,79.5
125,2025-02-20 10:00:00,89,3137,86,23,32,0,132,2,highway,0,0.0,54.557502843441284,84.0
142,2025-02-20 11:00:00,19,1133,107,23,42,0,19,10,highway,0,0.0,54.73279036212164,79.0
126,2025-02-20 12:00:00,5,1745,109,42,47,0,275,19,highway,0,0.03,54.66472549993998,76.5
168,2025-02-20 13:00:00,69,1572,82,61,42,0,232,15,highway,0,0.0,54.708220714234244,79.0
119,2025-02-20 14:00:00,58,3896,119,10,8,0,42,7,city,1,1.0,54.468848934477016,96.0
110,2025-02-20 15:00:00,63,3850,106,43,33,0,92,15,highway,1,0.98,54.47451194266157,83.5
173,2025-02-20 16:00:00,113,3605,75,28,38,1,261,17,city,0,0.02,54.519299132931366,51.0
137,2025-02-20 17:00:00,17,2798,90,33,50,0,48,16,highway,0,0.0,54.56233305449597,75.0
105,2025-02-20 18:00:00,3,2923,105,13,29,0,282,17,highway,0,0.02,54.544858651731474,85.5
171,2025-02-20 19:00:00,16,3617,76,45,49,1,74,16,city,0,0.0,54.47868185636827,55.5
122,2025-02-20 20:00:00,13,952,105,86,19,0,216,18,city,0,0.0,54.749729451773504,90.5
146,2025-02-20 21:00:00,77,1665,94,67,38,0,221,17,highway,0,0.0,54.702138553182955,81.0
189,2025-02-20 22:00:00,12,1438,80,41,22,0,109,4,highway,0,0.0,54.69978003135288,89.0
145,2025-02-20 23:00:00,6,1829,113,18,40,0,135,2,city,0,0.0,54.656870737433984,80.0
111,2025-02-21 00:00:00,43,3964,83,89,43,0,238,17,city,0,0.0,54.45447901867136,78.5
189,2025-02-21 01:00:00,118,2039,114,76,34,0,155,17,highway,0,0.0,54.68072926427965,73.0
112,2025-02-21 02:00:00,14,1001,98,29,22,0,56,2,city,0,0.0,54.745025048460995,89.0
161,2025-02-21 03:00:00,18,3295,79,83,53,0,198,2,city,0,0.01,54.512067986464665,73.5
181,2025-02-21 04:00:00,62,2677,119,71,57,0,38,15,city,0,0.0,54.59242031652865,71.5
188,2025-02-21 05:00:00,106,3463,117,67,47,0,217,16,city,1,1.0,54.530561472529854,66.5
196,2025-02-21 06:00:00,110,3526,74,31,38,0,231,11,city,0,0.02,54.526128723867316,71.0
159,2025-02-21 07:00:00,107,3015,77,76,22,0,257,2,highway,0,0.04,54.57754632130523,79.0
142,2025-02-21 08:00:00,34,3941,115,84,57,0,209,8,highway,1,0.97,54.45263174341026,71.5
175,2025-02-21 09:00:00,80,3757,74,98,36,0,201,12,highway,0,0.02,54.4906728782969,82.0
199,2025-02-21 10:00:00,34,1250,93,57,56,0,137,14,highway,0,0.0,54.72634173223378,72.0
167,2025-02-21 11:00:00,18,2178,109,17,22,0,128,14,highway,0,0.0,54.62693266451147,89.0
104,2025-02-21 12:00:00,19,2015,95,82,38,0,53,12,highway,0,0.0,54.643256430551574,81.0
136,2025-02-21 13:00:00,99,2287,75,24,27,0,84,2,city,0,0.0,54.64816574990516,86.5
171,2025-02-21 14:00:00,34,2522,85,41,18,0,209,14,city,0,0.0,54.59853644516746,91.0
191,2025-02-21 15:00:00,31,2524,105,62,48,1,285,12,city,0,0.0,54.59590130199259,56.0
130,2025-02-21 16:00:00,47,1864,81,76,47,0,36,9,highway,0,0.0,54.669487066295304,76.5
108,2025-02-21 17:00:00,43,3917,80,13,29,0,215,8,city,0,0.01,54.459831515383065,85.5
150,2025-02-21 18:00:00,103,1013,72,39,20,0,27,16,city,0,0.0,54.77962129646525,80.0
128,2025-02-21 19:00:00,23,883,113,22,23,0,146,10,city,0,0.0,54.76059812775254,88.5
177,2025-02-21 20:00:00,60,2387,106,30,20,1,18,7,city,0,0.0,54.622623232305635,70.0
139,2025-02-21 21:00:00,16,1412,75,50,25,1,118,15,city,0,0.0,54.70390751560151,67.5
140,2025-02-21 22:00:00,70,2875,88,28,50,0,137,9,highway,0,0.0,54.575782595005194,75.0
185,2025-02-21 23:00:00,106,2010,87,57,56,0,67,4,highway,0,0.0,54.677960378165096,62.0
110,2025-02-22 00:00:00,49,3447,85,95,49,1,30,6,city,0,0.01,54.50922048697201,55.5
122,2025-02-22 01:00:00,64,3133,92,72,50,1,73,12,city,0,0.0,54.547135445352495,55.0
100,2025-02-22 02:00:00,98,970,112,29,59,0,123,15,highway,0,0.0,54.78039136895601,70.5
145,2025-02-22 03:00:00,31,2494,106,73,35,0,228,19,highway,0,0.0,54.59948402742112,82.5
120,2025-02-22 04:00:00,35,1510,78,46,25,0,273,2,city,0,0.0,54.701569899730075,87.5
189,2025-02-22 05:00:00,12,3162,72,40,32,0,246,19,city,0,0.01,54.524043762777694,84.0
135,2025-02-22 06:00:00,69,897,77,83,58,0,39,2,highway,0,0.0,54.77621229666914,71.0
153,2025-02-22 07:00:00,57,1779,107,27,35,1,170,15,highway,0,0.0,54.682637417251705,62.5
186,2025-02-22 08:00:00,13,3578,73,29,3,1,102,12,city,0,0.0,54.48332524240473,78.5
156,2025-02-22 09:00:00,36,1926,81,91,8,0,294,1,city,0,0.0,54.66036049807192,96.0
100,2025-02-22 10:00:00,111,2344,113,20,7,0,243,14,highway,0,0.0,54.64800528092725,86.5
162,2025-02-22 11:00:00,78,1327,100,95,1,0,157,4,city,0,0.0,54.738427512888464,99.5
153,2025-02-22 12:00:00,110,1303,94,53,28,0,265,11,highway,0,0.0,54.75261225068956,76.0
154,2025-02-22 13:00:00,67,1861,85,91,22,0,257,7,city,0,0.0,54.67884512362464,89.0
139,2025-02-22 14:00:00,39,2145,111,73,5,0,123,13,city,0,0.0,54.63941591973264,97.5
114,2025-02-22 15:00:00,58,1780,83,43,54,0,47,14,highway,0,0.0,54.68216000535023,73.0
120,2025-02-22 16:00:00,79,2285,82,96,42,0,10,7,city,0,0.0,54.639725249875085,79.0
146,2025-02-22 17:00:00,91,3757,110,74,35,0,144,11,city,1,0.99,54.49513044690718,82.5
172,2025-02-22 18:00:00,15,2818,76,64,45,1,299,11,highway,0,0.0,54.55970060069361,57.5
152,2025-02-22 19:00:00,61,1610,81,83,20,0,152,9,highway,0,0.0,54.70204402488971,90.0
108,2025-02-22 20:00:00,3,1293,106,10,21,0,136,4,highway,0,0.02,54.71095350300117,89.5
173,2025-02-22 21:00:00,44,2095,119,47,8,0,75,2,city,0,0.0,54.64638566858934,96.0
151,2025-02-22 22:00:00,89,1299,73,18,33,1,26,2,highway,0,0.0,54.74438269950938,63.5
156,2025-02-22 23:00:00,27,1213,71,80,58,0,7,9,highway,0,0.0,54.727212138455165,71.0
125,2025-02-23 00:00:00,95,2595,104,26,56,0,79,19,highway,0,0.01,54.61405043762211,72.0
140,2025-02-23 01:00:00,108,2831,113,61,25,0,15,15,highway,0,0.0,54.59653753156299,77.5
134,2025-02-23 02:00:00,65,3741,72,27,0,0,207,18,city,0,0.01,54.48774996806343,100.0
162,2025-02-23 03:00:00,30,1766,73,72,35,0,89,16,highway,0,0.0,54.673118592876754,82.5
124,2025-02-23 04:00:00,2,3586,107,42,43,0,97,2,city,1,0.98,54.476458726319,78.5
189,2025-02-23 05:00:00,117,2657,81,13,4,0,216,12,city,0,0.0,54.61870564296725,88.0
174,2025-02-23 06:00:00,7,3353,88,96,40,1,259,1,highway,0,0.03,54.502284633772625,60.0
137,2025-02-23 07:00:00,23,1509,79,84,21,0,287,2,highway,0,0.0,54.697017048188535,89.5
101,2025-02-23 08:00:00,14,2880,70,61,3,0,75,14,highway,0,0.0,54.55471189991563,98.5
106,2025-02-23 09:00:00,42,1788,86,18,47,0,242,7,city,0,0.0,54.675208534069476,76.5
181,2025-02-23 10:00:00,30,989,85,73,1,1,17,17,highway,0,0.0,54.75352870105649,79.5
190,2025-02-23 11:00:00,72,3123,78,39,15,0,177,15,highway,0,0.0,54.552796279256796,92.5
133,2025-02-23 12:00:00,102,1468,78,17,15,0,259,17,highway,0,0.0,54.733151765516645,82.5
190,2025-02-23 13:00:00,44,3214,78,14,52,0,123,9,city,0,0.0,54.530785806658926,74.0
116,2025-02-23 14:00:00,65,3984,81,85,55,0,111,13,highway,0,0.0,54.46078750281281,72.5
142,2025-02-23 15:00:00,7,3919,110,72,55,0,256,2,city,1,0.98,54.44411001379371,72.5
158,2025-02-23 16:00:00,70,1170,84,10,21,1,234,15,city,0,0.0,54.750363831947894,69.5
150,2025-02-23 17:00:00,119,2896,71,24,42,0,40,11,city,0,0.0,54.593648413944756,69.0
153,2025-02-23 18:00:00,107,787,80,98,0,0,122,19,highway,0,0.0,54.80502921897427,90.0
123,2025-02-23 19:00:00,114,3143,80,91,14,0,215,14,highway,0,0.0,54.56766684570544,83.0
124,2025-02-23 20:00:00,102,1489,77,47,23,0,296,4,city,0,0.0,54.73068885516782,78.5
170,2025-02-23 21:00:00,105,3853,101,51,3,1,286,11,highway,1,0.87,54.49229767005886,68.5
151,2025-02-23 22:00:00,56,2364,75,55,17,0,281,16,city,0,0.0,54.623478945760624,91.5
169,2025-02-23 23:00:00,79,2009,89,62,16,0,7,2,highway,0,0.0,54.66885744979299,92.0
187,2025-02-24 00:00:00,98,1564,108,35,6,0,92,2,highway,0,0.0,54.7221508680483,97.0
132,2025-02-24 01:00:00,29,1993,104,70,49,0,123,9,highway,0,0.0,54.64905895723526,75.5
148,2025-02-24 02:00:00,73,723,77,76,44,0,96,4,city,0,0.0,54.796086487094975,78.0
128,2025-02-24 03:00:00,101,3703,119,63,51,1,1,8,highway,1,0.98,54.50398277291624,44.5
162,2025-02-24 04:00:00,17,2586,118,31,51,0,91,18,city,0,0.0,54.58385210513378,74.5
121,2025-02-24 05:00:00,113,1010,112,35,9,0,7,15,highway,0,0.0,54.78439151183775,85.5
125,2025-02-24 06:00:00,68,2184,103,92,0,0,120,2,highway,0,0.01,54.64729816168096,100.0
127,2025-02-24 07:00:00,116,1931,88,69,1,1,129,11,highway,0,0.0,54.69225953291955,69.5
184,2025-02-24 08:00:00,92,3411,76,48,48,0,179,17,highway,0,0.0,54.53018765122291,76.0
148,2025-02-24 09:00:00,38,3185,100,45,21,0,98,7,city,0,0.02,54.53259406782847,89.5
170,2025-02-24 10:00:00,59,1405,87,30,31,0,43,8,city,0,0.0,54.721639092978805,84.5
180,2025-02-24 11:00:00,97,2059,109,50,28,0,183,10,highway,0,0.0,54.67050893771525,86.0
183,2025-02-24 12:00:00,42,1121,83,57,34,1,185,3,city,0,0.0,54.743572829645046,63.0
148,2025-02-24 13:00:00,44,2473,108,35,16,0,53,13,city,0,0.0,54.607616603542716,92.0
119,2025-02-24 14:00:00,22,3068,105,72,11,0,228,17,city,1,0.96,54.538477555908855,94.5
185,2025-02-24 15:00:00,68,3334,86,86,23,0,161,13,highway,0,0.0,54.52940470671776,88.5
191,2025-02-24 16:00:00,93,1646,106,45,29,0,235,19,highway,0,0.0,54.71086320987948,85.5
162,2025-02-24 17:00:00,5,1886,113,33,43,0,200,9,highway,0,0.0,54.65054972139811,78.5
160,2025-02-24 18:00:00,55,2534,78,99,29,1,1,16,highway,0,0.02,54.605297904668824,65.5
148,2025-02-24 19:00:00,109,2264,89,30,19,0,14,5,city,0,0.0,54.65484720320273,80.5
170,2025-02-24 20:00:00,107,3936,114,27,41,0,213,9,city,1,0.99,54.483105315358095,69.5
100,2025-02-24 21:00:00,3,1548,97,24,6,0,277,9,highway,0,0.0,54.685634136966385,97.0
195,2025-02-24 22:00:00,92,2289,119,88,41,1,34,6,highway,0,0.0,54.644579056260916,59.5
112,2025-02-24 23:00:00,22,2018,89,15,49,0,270,10,highway,0,0.0,54.64370590644042,75.5
193,2025-02-25 00:00:00,5,2789,110,52,53,0,168,18,city,0,0.02,54.558307438836614,73.5
186,2025-02-25 01:00:00,31,2647,105,40,37,0,170,11,highway,0,0.01,54.583842433288815,81.5
150,2025-02-25 02:00:00,105,2008,96,37,6,0,82,15,highway,0,0.0,54.679807597965656,87.0
155,2025-02-25 03:00:00,17,3686,77,17,59,0,137,7,highway,0,0.01,54.471657147393024,70.5
182,2025-02-25 04:00:00,14,1086,101,38,48,1,233,14,city,0,0.0,54.73531714979597,56.0
161,2025-02-25 05:00:00,39,2735,70,30,29,1,115,8,highway,0,0.0,54.578432388894186,65.5
131,2025-02-25 06:00:00,95,1861,86,90,11,0,252,19,city,0,0.0,54.69053751008357,94.5
129,2025-02-25 07:00:00,72,3958,78,97,48,0,289,15,highway,0,0.04,54.46652859893634,76.0
128,2025-02-25 08:00:00,100,2725,89,67,30,0,49,19,highway,0,0.0,54.60390085870066,85.0
148,2025-02-25 09:00:00,73,3657,114,69,17,1,4,18,highway,1,1.0,54.49880929524346,71.5
144,2025-02-25 10:00:00,83,1415,101,59,45,0,176,17,city,0,0.0,54.72968577212074,77.5
192,2025-02-25 11:00:00,5,3178,71,40,42,0,272,3,highway,0,0.01,54.51919692545605,79.0
129,2025-02-25 12:00:00,111,3301,101,56,1,1,26,3,city,1,0.96,54.55092581948081,69.5
115,2025-02-25 13:00:00,119,3547,114,43,52,0,70,7,highway,1,1.0,54.52703400528758,64.0
139,2025-02-25 14:00:00,62,1125,78,11,32,1,293,10,city,0,0.0,54.75127814579152,64.0
118,2025-02-25 15:00:00,66,2139,99,76,10,0,234,17,highway,0,0.0,54.65066247057281,95.0
117,2025-02-25 16:00:00,105,2773,89,81,33,0,231,15,highway,0,0.0,54.60090421215011,73.5
100,2025-02-25 17:00:00,10,1084,107,61,15,0,263,8,city,0,0.01,54.73526441030526,92.5
177,2025-02-25 18:00:00,42,755,70,16,53,0,286,17,city,0,0.0,54.78001703685214,73.5
146,2025-02-25 19:00:00,16,3381,74,85,34,1,74,3,highway,0,0.0,54.503296165281995,63.0
165,2025-02-25 20:00:00,95,805,104,28,51,0,121,4,highway,0,0.0,54.796294234541506,74.5
191,2025-02-25 21:00:00,3,3901,105,99,32,0,6,8,highway,1,0.96,54.44527537316244,84.0
193,2025-02-25 22:00:00,62,3596,70,24,20,0,24,13,city,0,0.0,54.50047348573709,90.0
137,2025-02-25 23:00:00,67,1369,83,87,19,0,194,1,highway,0,0.0,54.72900321680676,90.5
150,2025-02-26 00:00:00,80,1075,78,57,7,0,168,18,city,0,0.0,54.76461297557501,96.5
162,2025-02-26 01:00:00,40,1442,99,23,50,0,210,11,city,0,0.0,54.70947026198564,75.0
103,2025-02-26 02:00:00,82,1666,93,12,25,1,133,6,city,0,0.0,54.70457621689165,67.5
100,2025-02-26 03:00:00,4,1007,73,59,32,0,292,16,highway,0,0.0,54.73999064612531,84.0
107,2025-02-26 04:00:00,31,2838,119,63,25,0,174,19,highway,0,0.0,54.564909013321135,87.5
128,2025-02-26 05:00:00,85,1501,83,15,36,0,151,17,highway,0,0.0,54.722110942050044,82.0
154,2025-02-26 06:00:00,119,809,94,58,29,0,88,18,highway,0,0.0,54.80642374501295,75.5
102,2025-02-26 07:00:00,69,2364,73,32,30,1,266,11,city,0,0.0,54.628166848963,65.0
131,2025-02-26 08:00:00,34,3332,94,87,32,0,70,14,highway,0,0.01,54.51558844135654,84.0
109,2025-02-26 09:00:00,21,1039,79,87,10,0,205,12,city,0,0.0,54.74446201206496,95.0
173,2025-02-26 10:00:00,64,2288,104,29,52,0,32,7,city,0,0.0,54.632988367714304,74.0
182,2025-02-26 11:00:00,83,1678,76,86,40,0,43,17,city,0,0.0,54.703143755049744,80.0
133,2025-02-26 12:00:00,21,3103,111,69,4,0,118,5,highway,1,0.99,54.534802961681656,98.0
196,2025-02-26 13:00:00,111,2615,82,54,1,0,15,14,highway,0,0.0,54.62069058733147,89.5
186,2025-02-26 14:00:00,118,867,73,70,12,0,115,13,highway,0,0.0,54.80081916654009,84.0
154,2025-02-26 15:00:00,10,1256,119,65,17,0,20,12,city,0,0.0,54.71769055583891,91.5
191,2025-02-26 16:00:00,76,1604,112,11,25,0,178,14,city,0,0.02,54.708472399180955,87.5
131,2025-02-26 17:00:00,105,804,105,54,24,0,262,9,highway,0,0.0,54.801515562469625,78.0
149,2025-02-26 18:00:00,2,2747,83,49,43,0,79,4,city,0,0.0,54.56178327475443,78.5
106,2025-02-26 19:00:00,8,2897,87,33,13,0,120,19,city,0,0.01,54.55016487939408,93.5
192,2025-02-26 20:00:00,59,845,77,38,4,0,26,1,city,0,0.01,54.779694406768996,98.0
107,2025-02-26 21:00:00,75,3463,101,76,58,0,22,13,highway,1,0.94,54.51766454193369,71.0
164,2025-02-26 22:00:00,86,1573,96,77,55,0,201,6,highway,0,0.0,54.71441297837394,72.5
156,2025-02-26 23:00:00,13,998,111,75,41,0,64,1,highway,0,0.0,54.74415139878398,79.5
166,2025-02-27 00:00:00,96,3938,106,93,51,1,214,17,city,1,1.0,54.478076189959275,54.5
187,2025-02-27 01:00:00,17,2436,92,63,1,0,293,3,highway,0,0.0,54.601152130669924,99.5
186,2025-02-27 02:00:00,112,1345,76,62,3,0,78,17,highway,0,0.0,54.750166637141156,88.5
158,2025-02-27 03:00:00,104,3470,81,88,11,1,216,2,city,0,0.03,54.5305192015744,64.5
171,2025-02-27 04:00:00,72,3819,94,58,10,0,224,7,city,0,0.0,54.48221906615178,95.0
153,2025-02-27 05:00:00,22,1337,72,41,3,0,28,1,highway,0,0.0,54.71484389632275,98.5
166,2025-02-27 06:00:00,73,2986,95,70,42,1,201,15,highway,0,0.0,54.566025925065176,59.0
150,2025-02-27 07:00:00,82,3778,73,51,8,0,67,4,highway,0,0.01,54.49048564122849,96.0
196,2025-02-27 08:00:00,46,3211,111,10,9,1,126,6,city,1,0.97,54.53365292109267,75.5
191,2025-02-27 09:00:00,68,3200,105,72,26,1,195,13,highway,1,0.99,54.54290950664718,67.0
107,2025-02-27 10:00:00,46,1483,84,44,5,0,174,13,city,0,0.0,54.709550540674535,97.5
133,2025-02-27 11:00:00,115,1596,101,60,14,1,87,1,highway,0,0.0,54.725395030774955,63.0
134,2025-02-27 12:00:00,86,1070,98,80,41,1,154,2,highway,0,0.0,54.76613972310301,59.5
195,2025-02-27 13:00:00,29,1186,79,54,30,0,210,6,city,0,0.0,54.73190640117805,85.0
187,2025-02-27 14:00:00,24,3982,90,86,21,1,13,11,highway,0,0.0,54.44591962573668,69.5
177,2025-02-27 15:00:00,27,2737,85,74,52,0,164,18,city,0,0.0,54.572469960723986,74.0
131,2025-02-27 16:00:00,97,2912,116,23,5,0,255,13,highway,0,0.0,54.584701474303984,97.5
145,2025-02-27 17:00:00,108,3896,88,12,32,0,64,12,highway,0,0.0,54.487942907527156,74.0
115,2025-02-27 18:00:00,119,2060,98,33,28,0,76,7,highway,0,0.0,54.679240563475965,76.0
167,2025-02-27 19:00:00,111,891,87,74,20,0,22,7,highway,0,0.0,54.79524055946743,80.0
136,2025-02-27 20:00:00,110,1429,113,57,59,0,60,7,highway,0,0.0,54.738530203750635,60.5
153,2025-02-27 21:00:00,24,2961,85,19,53,0,56,2,city,0,0.0,54.54844417745359,73.5
184,2025-02-27 22:00:00,73,3321,70,22,55,0,168,11,highway,0,0.01,54.53142533637943,72.5
113,2025-02-27 23:00:00,77,1656,117,82,51,0,205,1,highway,0,0.02,54.702522046334856,74.5
194,2025-02-28 00:00:00,105,1080,71,23,29,0,259,13,city,0,0.0,54.77324240480082,75.5
154,2025-02-28 01:00:00,109,3420,84,19,20,0,191,12,highway,0,0.0,54.53724350978849,80.0
147,2025-02-28 02:00:00,57,1497,108,49,35,1,55,13,city,0,0.0,54.71131622852559,62.5
181,2025-02-28 03:00:00,93,938,97,32,54,0,284,7,highway,0,0.0,54.78184266245699,73.0
106,2025-02-28 04:00:00,118,3447,70,64,57,0,264,12,highway,0,0.0,54.53659774793822,61.5
173,2025-02-28 05:00:00,40,1805,74,72,21,0,259,17,city,0,0.0,54.673740216253165,89.5
106,2025-02-28 06:00:00,24,2086,111,80,45,0,89,8,city,0,0.0,54.63775710492263,77.5
132,2025-02-28 07:00:00,77,3252,91,51,19,0,222,3,highway,0,0.01,54.54152119503466,90.5
122,2025-02-28 08:00:00,98,2949,105,75,21,1,89,7,city,0,0.01,54.58068565788034,69.5
184,2025-02-28 09:00:00,115,3667,115,88,51,0,59,19,highway,1,0.99,54.51326510373346,64.5
118,2025-02-28 10:00:00,47,2227,82,82,59,0,152,8,city,0,0.0,54.6320798428384,70.5
118,2025-02-28 11:00:00,97,2367,70,56,39,0,28,14,city,0,0.0,54.63873600620964,80.5
135,2025-02-28 12:00:00,9,736,85,90,10,0,225,14,city,0,0.0,54.77045830294861,95.0
128,2025-02-28 13:00:00,98,3391,110,61,46,0,51,2,city,1,0.98,54.53471251129128,77.0
159,2025-02-28 14:00:00,74,2696,91,27,30,0,263,6,city,0,0.0,54.59641071563522,85.0
181,2025-02-28 15:00:00,10,2125,101,88,50,0,279,16,highway,0,0.0,54.62796514649961,75.0
101,2025-02-28 16:00:00,84,3512,85,27,39,0,46,9,highway,0,0.02,54.51707220534333,80.5
100,2025-02-28 17:00:00,20,3453,84,33,12,0,106,15,city,0,0.01,54.49847992346755,94.0
146,2025-02-28 18:00:00,85,3947,115,32,17,1,284,19,highway,1,0.97,54.474135077219955,71.5
168,2025-02-28 19:00:00,44,3292,111,21,21,0,24,15,city,1,0.98,54.524121479484826,89.5
119,2025-02-28 20:00:00,6,2190,81,32,55,1,7,12,highway,0,0.0,54.61954418948042,52.5
110,2025-02-28 21:00:00,118,1924,70,30,16,0,3,9,city,0,0.0,54.6931608461241,82.0
101,2025-02-28 22:00:00,80,3287,86,73,37,0,258,16,city,0,0.03,54.53842999031294,81.5
166,2025-02-28 23:00:00,63,3764,110,99,24,0,263,6,highway,1,0.99,54.483626124084886,88.0
186,2025-03-01 00:00:00,63,2722,119,81,31,0,121,15,city,0,0.0,54.589309001304656,84.5
111,2025-03-01 01:00:00,1,3141,97,43,14,0,208,13,highway,0,0.07,54.52249907902767,93.0
119,2025-03-01 02:00:00,75,1532,76,11,12,0,21,10,city,0,0.0,54.715924922214455,94.0
104,2025-03-01 03:00:00,41,3813,78,78,57,0,140,14,city,0,0.02,54.46845967917393,71.5
136,2025-03-01 04:00:00,81,1296,91,40,25,0,280,3,city,0,0.0,54.74180292973718,87.5
137,2025-03-01 05:00:00,53,3140,95,77,49,0,289,12,highway,0,0.0,54.54204780490351,75.5
193,2025-03-01 06:00:00,74,1399,81,79,10,0,206,1,city,0,0.0,54.72913104338797,95.0
108,2025-03-01 07:00:00,15,2346,76,96,12,0,43,16,highway,0,0.0,54.609051938842356,94.0
197,2025-03-01 08:00:00,112,2718,115,28,32,0,118,10,highway,0,0.02,54.609349107088285,74.0
152,2025-03-01 09:00:00,114,1140,116,81,49,0,5,9,highway,0,0.0,54.76993602699806,65.5
143,2025-03-01 10:00:00,17,2560,84,22,36,0,207,18,highway,0,0.0,54.587109852460564,82.0
198,2025-03-01 11:00:00,98,2340,107,74,37,0,123,1,city,0,0.02,54.64196517810219,81.5
185,2025-03-01 12:00:00,116,2229,90,15,0,0,142,10,city,0,0.0,54.661994461822324,90.0
123,2025-03-01 13:00:00,58,3665,83,80,38,0,232,7,city,0,0.01,54.49111394900965,81.0
180,2025-03-01 14:00:00,89,3067,71,36,26,1,164,10,city,0,0.0,54.564867137946194,67.0
173,2025-03-01 15:00:00,15,3300,77,88,35,0,35,12,highway,0,0.01,54.511091274693634,82.5
129,2025-03-01 16:00:00,5,3986,114,61,31,0,11,11,highway,1,0.93,54.43747498681393,84.5
158,2025-03-01 17:00:00,56,1794,75,96,40,0,75,9,highway,0,0.0,54.680505899985675,80.0
186,2025-03-01 18:00:00,107,1267,106,57,14,1,198,5,city,0,0.0,54.75564152622854,63.0
195,2025-03-01 19:00:00,106,3666,106,97,30,0,264,4,highway,1,0.98,54.51061221148318,75.0
180,2025-03-01 20:00:00,46,935,102,88,5,1,224,13,highway,0,0.01,54.76528099662521,77.5
180,2025-03-01 21:00:00,110,2004,110,77,24,0,122,8,city,0,0.0,54.68148564124918,78.0
113,2025-03-01 22:00:00,47,3734,75,53,48,0,74,16,city,0,0.0,54.47927106348548,76.0
108,2025-03-01 23:00:00,41,1885,95,26,51,0,28,1,city,0,0.0,54.66477869476708,74.5
139,2025-03-02 00:00:00,75,3962,108,47,17,0,171,17,city,1,0.98,54.468594461411065,91.5
165,2025-03-02 01:00:00,59,1732,110,19,21,0,216,15,city,0,0.0,54.688792943388236,89.5
124,2025-03-02 02:00:00,76,2807,106,63,30,0,101,15,city,0,0.0,54.585925276792665,85.0
172,2025-03-02 03:00:00,3,3640,83,15,35,0,246,18,city,0,0.01,54.47169580795634,82.5
121,2025-03-02 04:00:00,102,2540,106,15,8,0,93,6,highway,0,0.0,54.62441795092732,86.0
103,2025-03-02 05:00:00,117,924,77,61,45,0,63,2,highway,0,0.0,54.793270947291205,67.5
125,2025-03-02 06:00:00,1,2542,108,24,2,0,266,5,highway,0,0.03,54.583907009791794,99.0
157,2025-03-02 07:00:00,89,3447,82,77,32,0,206,19,city,0,0.04,54.52597649062247,84.0
128,2025-03-02 08:00:00,58,1281,82,66,26,0,80,7,city,0,0.0,54.73405265326275,87.0
197,2025-03-02 09:00:00,26,3741,109,65,42,0,37,9,highway,1,0.98,54.47037280978122,79.0
186,2025-03-02 10:00:00,26,868,112,16,0,0,11,2,city,0,0.0,54.76426899637118,100.0
136,2025-03-02 11:00:00,78,3833,97,60,43,0,115,7,highway,0,0.02,54.481854460119486,78.5
174,2025-03-02 12:00:00,71,2165,87,67,56,0,90,14,city,0,0.0,54.64814418682132,72.0
169,2025-03-02 13:00:00,6,713,88,73,8,0,232,15,highway,0,0.0,54.77167462434224,96.0
117,2025-03-02 14:00:00,62,2911,107,35,4,0,19,12,highway,0,0.0,54.5707910640557,98.0
184,2025-03-02 15:00:00,110,2143,101,67,14,0,52,4,city,0,0.0,54.66775869917454,83.0
141,2025-03-02 16:00:00,118,3504,91,40,49,1,274,13,city,0,0.0,54.53112822112618,45.5
199,2025-03-02 17:00:00,45,2570,71,75,8,0,94,9,city,0,0.0,54.598480674950345,96.0
140,2025-03-02 18:00:00,62,2243,82,22,44,0,32,12,city,0,0.0,54.637088998533955,78.0
137,2025-03-02 19:00:00,103,2389,92,27,27,1,151,10,highway,0,0.0,54.63939862169829,56.5
133,2025-03-02 20:00:00,11,2271,94,84,12,0,140,9,highway,0,0.0,54.615073223416616,94.0
116,2025-03-02 21:00:00,12,1751,97,22,23,1,58,7,highway,0,0.0,54.66790767802335,68.5
136,2025-03-02 22:00:00,42,2431,80,33,44,0,21,12,highway,0,0.0,54.60993949676982,78.0
124,2025-03-02 23:00:00,16,1145,102,66,58,0,149,16,highway,0,0.01,54.72971093465632,71.0
175,2025-03-03 00:00:00,62,3979,93,38,9,0,221,15,highway,0,0.01,54.46197315983044,95.5
186,2025-03-03 01:00:00,80,1415,71,65,41,1,221,7,city,0,0.0,54.72864485507857,59.5
185,2025-03-03 02:00:00,119,3723,99,63,21,0,242,8,highway,0,0.0,54.51040328270625,79.5
184,2025-03-03 03:00:00,35,1518,86,14,38,0,219,7,city,0,0.0,54.70022452837256,81.0
126,2025-03-03 04:00:00,84,2851,109,44,59,0,29,11,highway,0,0.03,54.58347638991069,70.5
156,2025-03-03 05:00:00,7,3489,103,28,21,0,47,4,city,1,0.99,54.48923094639884,89.5
130,2025-03-03 06:00:00,68,1125,107,64,36,0,58,18,city,0,0.0,54.753523606970916,82.0
105,2025-03-03 07:00:00,89,1824,91,86,51,0,275,19,highway,0,0.0,54.69025497361424,74.5
190,2025-03-03 08:00:00,79,2264,74,78,38,0,140,7,city,0,0.0,54.64202453312885,81.0
139,2025-03-03 09:00:00,35,3386,117,53,19,0,23,13,highway,1,0.99,54.5110300568627,90.5
197,2025-03-03 10:00:00,27,1549,109,87,9,1,63,9,city,0,0.0,54.695046071830625,75.5
111,2025-03-03 11:00:00,117,2245,85,47,9,0,52,18,highway,0,0.0,54.66040064897374,85.5
152,2025-03-03 12:00:00,92,1829,82,71,25,0,266,7,city,0,0.0,54.69201460430781,87.5
170,2025-03-03 13:00:00,46,2402,95,31,24,0,167,16,highway,0,0.0,54.61531293055204,88.0
109,2025-03-03 14:00:00,75,2701,100,82,52,0,151,5,highway,0,0.0,54.595403791763175,74.0
144,2025-03-03 15:00:00,100,3516,108,49,55,0,11,7,highway,1,0.94,54.52243514071236,72.5
116,2025-03-03 16:00:00,29,976,117,35,27,0,95,6,city,0,0.0,54.75338568308629,86.5
125,2025-03-03 17:00:00,22,3836,92,14,12,0,72,2,highway,0,0.02,54.46033265247429,94.0
184,2025-03-03 18:00:00,15,2506,117,63,14,0,48,7,highway,0,0.01,54.59269845932382,93.0
191,2025-03-03 19:00:00,13,3647,81,95,59,0,272,9,highway,0,0.04,54.47401730712381,70.5
161,2025-03-03 20:00:00,73,2935,83,58,59,0,95,13,highway,0,0.0,54.5705171034394,70.5
145,2025-03-03 21:00:00,70,2639,87,12,5,0,233,17,city,0,0.0,54.60162410713191,97.5
163,2025-03-03 22:00:00,108,3909,96,47,51,0,48,17,city,0,0.01,54.48584360596545,64.5
101,2025-03-03 23:00:00,51,2852,97,23,11,0,208,15,city,0,0.0,54.57208823162962,94.5
153,2025-03-04 00:00:00,36,1245,87,56,18,0,227,18,highway,0,0.0,54.72920770862332,91.0
164,2025-03-04 01:00:00,28,3127,85,23,31,0,77,15,city,0,0.02,54.53406833188119,84.5
150,2025-03-04 02:00:00,66,809,85,84,10,0,219,11,city,0,0.0,54.78592069395675,95.0
152,2025-03-04 03:00:00,14,1244,82,82,37,0,81,12,city,0,0.0,54.71969885416104,81.5
135,2025-03-04 04:00:00,99,3101,98,47,32,0,37,17,city,0,0.02,54.56517911540887,84.0
125,2025-03-04 05:00:00,46,1442,78,73,1,1,102,12,city,0,0.0,54.71388378217467,79.5
128,2025-03-04 06:00:00,45,3064,95,53,54,0,191,7,city,0,0.0,54.546360194671614,73.0
120,2025-03-04 07:00:00,51,1989,97,79,14,0,29,7,highway,0,0.0,54.6597308096394,93.0
110,2025-03-04 08:00:00,18,2575,110,74,35,1,253,10,highway,0,0.0,54.58602680526196,62.5
139,2025-03-04 09:00:00,76,1788,82,34,4,0,251,16,city,0,0.0,54.6906190255634,98.0
110,2025-03-04 10:00:00,105,1032,105,25,14,0,226,11,highway,0,0.0,54.77873750619862,83.0
135,2025-03-04 11:00:00,20,2236,78,24,42,0,94,16,highway,0,0.0,54.62101907954647,79.0
158,2025-03-04 12:00:00,63,1856,116,90,9,0,86,2,highway,0,0.0,54.678279342395555,95.5
138,2025-03-04 13:00:00,36,1291,83,12,16,0,110,2,highway,0,0.0,54.72461141820419,92.0
198,2025-03-04 14:00:00,26,1482,81,76,33,0,217,18,highway,0,0.0,54.70047655467317,83.5
153,2025-03-04 15:00:00,54,1239,101,46,51,1,196,5,city,0,0.02,54.73569523738633,54.5
197,2025-03-04 16:00:00,115,3482,107,90,23,0,297,14,city,1,0.92,54.53322460717789,78.5
154,2025-03-04 17:00:00,28,2258,72,64,9,0,44,8,highway,0,0.0,54.62334376670904,95.5
123,2025-03-04 18:00:00,19,2219,85,47,51,0,90,6,city,0,0.0,54.62197826837958,74.5
121,2025-03-04 19:00:00,24,3368,89,72,29,0,155,9,city,0,0.01,54.50803488971026,85.5
168,2025-03-04 20:00:00,69,1318,101,10,2,0,109,6,city,0,0.01,54.73568825491387,99.0
155,2025-03-04 21:00:00,62,3656,92,80,50,1,59,17,city,0,0.01,54.49314440778497,55.0
132,2025-03-04 22:00:00,35,2533,86,99,59,0,110,8,city,0,0.0,54.59614210511993,70.5
135,2025-03-04 23:00:00,1,1691,85,28,36,0,106,3,city,0,0.0,54.66906110286698,82.0
119,2025-03-05 00:00:00,21,2846,107,61,2,0,221,12,city,0,0.0,54.56102113869511,99.0
182,2025-03-05 01:00:00,95,3064,77,39,39,1,263,13,highway,0,0.01,54.56704953189865,60.5
198,2025-03-05 02:00:00,15,2870,88,64,4,0,82,18,highway,0,0.0,54.55608948697746,98.0
180,2025-03-05 03:00:00,17,3546,99,23,27,0,272,11,highway,0,0.0,54.48720387187818,86.5
161,2025-03-05 04:00:00,68,2316,103,22,43,0,49,2,city,0,0.0,54.63211504598292,78.5
197,2025-03-05 05:00:00,53,2218,83,93,13,1,32,14,highway,0,0.0,54.63728592391699,73.5
172,2025-03-05 06:00:00,99,3204,91,99,38,0,89,1,city,0,0.0,54.55445878979744,81.0
125,2025-03-05 07:00:00,29,1221,113,36,10,1,19,15,highway,0,0.0,54.72916510972223,75.0
165,2025-03-05 08:00:00,44,3267,86,98,7,1,3,18,highway,0,0.02,54.52723662212553,76.5
172,2025-03-05 09:00:00,18,1616,84,18,36,0,60,18,city,0,0.01,54.68351419640187,82.0
172,2025-03-05 10:00:00,86,1416,119,50,7,0,242,17,highway,0,0.0,54.73234307574878,96.5
139,2025-03-05 11:00:00,33,3062,117,57,11,0,29,1,city,1,0.98,54.54350440521929,94.5
116,2025-03-05 12:00:00,12,3456,101,21,14,0,75,14,highway,1,0.95,54.49488089848378,93.0
100,2025-03-05 13:00:00,42,3457,82,19,18,0,70,16,highway,0,0.0,54.50666101484871,91.0
188,2025-03-05 14:00:00,61,2636,90,15,47,0,83,4,city,0,0.0,54.59659748395898,76.5
160,2025-03-05 15:00:00,117,3791,118,43,45,0,173,6,highway,1,0.98,54.501703032673355,67.5
142,2025-03-05 16:00:00,92,1259,109,61,27,0,197,16,highway,0,0.0,54.749900600781956,86.5
141,2025-03-05 17:00:00,99,1668,102,50,6,0,147,6,highway,0,0.0,54.71197579987956,97.0
124,2025-03-05 18:00:00,21,3901,96,92,39,0,273,15,highway,0,0.0,54.45221629056947,80.5
138,2025-03-05 19:00:00,51,3903,104,15,6,0,35,1,highway,1,1.0,54.46540825965145,97.0
134,2025-03-05 20:00:00,51,3103,85,11,29,0,113,7,city,0,0.01,54.54582573370981,85.5
102,2025-03-05 21:00:00,110,1777,97,24,17,0,206,11,city,0,0.0,54.704857414761904,81.5
143,2025-03-05 22:00:00,35,1589,103,26,23,1,158,1,city,0,0.0,54.69361757820443,68.5
150,2025-03-05 23:00:00,72,1492,116,25,5,0,253,8,city,0,0.0,54.71907464198634,97.5
193,2025-03-06 00:00:00,102,3012,70,37,57,0,122,14,city,0,0.04,54.5744121043983,61.5
197,2025-03-06 01:00:00,114,1681,110,94,50,0,48,5,city,0,0.0,54.71487654965985,65.0
111,2025-03-06 02:00:00,18,3986,117,81,3,0,185,13,highway,1,1.0,54.44384006774074,98.5
118,2025-03-06 03:00:00,37,1501,100,19,54,0,273,15,city,0,0.0,54.70210191392653,73.0
143,2025-03-06 04:00:00,69,742,105,19,2,0,101,9,city,0,0.0,54.79426625240947,99.0
158,2025-03-06 05:00:00,115,2309,113,19,48,0,15,8,highway,0,0.0,54.65149358898362,66.0
148,2025-03-06 06:00:00,110,3609,102,82,53,0,128,19,highway,1,0.97,54.51707419553836,63.5
160,2025-03-06 07:00:00,78,2477,102,37,50,0,210,17,city,0,0.0,54.61947048180734,75.0
116,2025-03-06 08:00:00,56,3901,108,33,58,0,112,19,highway,1,0.95,54.46549207680228,71.0
173,2025-03-06 09:00:00,19,1049,87,28,46,0,270,18,highway,0,0.0,54.74116935966135,77.0
156,2025-03-06 10:00:00,8,2267,92,77,57,0,142,18,highway,0,0.0,54.612434666109166,71.5
154,2025-03-06 11:00:00,31,1829,92,65,5,0,173,4,highway,0,0.0,54.66834034232608,97.5
146,2025-03-06 12:00:00,3,3659,84,76,25,0,166,2,city,0,0.01,54.47017261535994,87.5
111,2025-03-06 13:00:00,49,2748,95,51,43,1,119,5,city,0,0.0,54.58055276832542,58.5
161,2025-03-06 14:00:00,81,2480,99,21,50,1,203,17,highway,0,0.0,54.620369932207616,55.0
179,2025-03-06 15:00:00,4,1283,94,27,37,0,11,7,highway,0,0.0,54.7117174884565,81.5
187,2025-03-06 16:00:00,19,1131,114,32,10,0,249,16,highway,0,0.0,54.73430277470681,95.0
182,2025-03-06 17:00:00,86,2632,85,93,51,0,248,1,city,0,0.0,54.606878516323455,74.5
107,2025-03-06 18:00:00,74,2800,108,15,28,0,154,12,highway,0,0.0,54.585915946301604,86.0
194,2025-03-06 19:00:00,36,3687,117,62,19,1,25,19,city,1,0.98,54.48082049996717,70.5
120,2025-03-06 20:00:00,21,3267,114,51,9,0,221,9,city,1,1.0,54.51791997019255,95.5
180,2025-03-06 21:00:00,57,2048,83,75,25,0,110,16,highway,0,0.0,54.655689746575625,87.5
186,2025-03-06 22:00:00,67,3885,86,39,47,1,90,7,highway,0,0.01,54.47198587974732,56.5
179,2025-03-06 23:00:00,92,2894,81,18,26,0,265,15,highway,0,0.0,54.58366542091457,87.0
169,2025-03-07 00:00:00,43,2730,98,51,49,0,40,12,highway,0,0.0,54.57972880183009,75.5
171,2025-03-07 01:00:00,33,1889,101,43,13,0,263,4,highway,0,0.01,54.66271424282165,93.5
124,2025-03-07 02:00:00,76,1862,93,49,35,0,158,6,highway,0,0.0,54.68182527006505,82.5
181,2025-03-07 03:00:00,41,3376,82,97,58,0,118,6,highway,0,0.01,54.512860760083456,71.0
188,2025-03-07 04:00:00,8,998,89,26,11,0,256,15,city,0,0.0,54.74337102843492,94.5
111,2025-03-07 05:00:00,105,2639,84,38,51,1,196,3,city,0,0.0,54.613795410473024,44.5
114,2025-03-07 06:00:00,94,1488,73,59,58,0,14,2,city,0,0.0,54.726146698299026,71.0
158,2025-03-07 07:00:00,6,1549,103,85,22,0,118,5,highway,0,0.0,54.68608247481104,89.0
125,2025-03-07 08:00:00,67,2925,97,58,20,0,217,8,city,0,0.0,54.570720358465024,90.0
125,2025-03-07 09:00:00,18,3589,119,82,7,0,205,19,city,1,0.98,54.484050511836216,96.5
146,2025-03-07 10:00:00,105,2077,71,70,38,1,77,16,highway,0,0.0,54.67148142525513,51.0
131,2025-03-07 11:00:00,93,1877,116,92,57,0,172,19,city,0,0.01,54.68622560246838,71.5
109,2025-03-07 12:00:00,30,2649,99,55,8,1,26,16,highway,0,0.0,54.584423819191,76.0
115,2025-03-07 13:00:00,34,3972,95,55,23,0,128,6,city,0,0.0,54.45086993843644,88.5
170,2025-03-07 14:00:00,56,1577,116,26,30,0,142,1,highway,0,0.0,54.70298341469651,85.0
116,2025-03-07 15:00:00,84,1838,95,75,24,1,24,18,highway,0,0.0,54.68792811217142,68.0
122,2025-03-07 16:00:00,60,2277,89,14,16,0,232,8,highway,0,0.0,54.633973629755765,92.0
125,2025-03-07 17:00:00,30,3506,111,63,41,0,177,5,city,1,0.98,54.495918784799535,79.5
184,2025-03-07 18:00:00,82,3839,97,25,28,0,235,12,highway,0,0.02,54.48346393310171,86.0
185,2025-03-07 19:00:00,94,3192,89,90,59,1,26,18,city,0,0.01,54.55281254893411,50.5
106,2025-03-07 20:00:00,52,3455,80,16,2,1,266,5,city,0,0.01,54.511534066177724,79.0
113,2025-03-07 21:00:00,31,3349,79,17,20,1,117,13,highway,0,0.0,54.51314591399509,70.0
178,2025-03-07 22:00:00,65,2346,92,81,56,0,58,12,city,0,0.0,54.62732777641716,72.0
106,2025-03-07 23:00:00,58,2603,106,96,7,0,270,16,city,0,0.01,54.600385241878925,96.5
108,2025-03-08 00:00:00,115,2082,110,91,13,0,295,14,city,0,0.0,54.67601075216181,83.5
147,2025-03-08 01:00:00,9,844,88,47,57,0,122,11,highway,0,0.0,54.75755231005115,71.5
171,2025-03-08 02:00:00,1,3022,114,63,38,0,159,9,city,1,0.97,54.533619368023196,81.0
158,2025-03-08 03:00:00,65,3256,87,85,15,0,178,10,city,0,0.0,54.536459853931525,92.5
186,2025-03-08 04:00:00,59,1902,118,24,17,0,144,16,city,0,0.01,54.671667925389116,91.5
192,2025-03-08 05:00:00,87,3500,96,59,30,0,89,19,city,0,0.06,54.51986528539229,85.0
181,2025-03-08 06:00:00,16,2561,75,65,10,1,239,10,city,0,0.0,54.587670215953764,75.0
194,2025-03-08 07:00:00,95,2554,79,18,37,1,38,4,city,0,0.0,54.61899728072874,61.5
193,2025-03-08 08:00:00,15,3224,71,17,19,0,79,8,highway,0,0.0,54.519474824410125,90.5
138,2025-03-08 09:00:00,15,2566,93,28,52,0,252,11,highway,0,0.0,54.585042127181566,74.0
198,2025-03-08 10:00:00,45,3924,107,60,45,0,149,6,highway,1,1.0,54.45926815104139,77.5
117,2025-03-08 11:00:00,38,3875,97,81,52,0,16,4,highway,0,0.0,54.46115439834177,74.0
158,2025-03-08 12:00:00,116,1798,97,66,44,0,269,5,city,0,0.0,54.704026363985975,68.0
116,2025-03-08 13:00:00,30,1851,114,77,3,1,118,18,city,0,0.0,54.66578328709019,78.5
113,2025-03-08 14:00:00,106,2434,119,40,19,0,192,3,city,0,0.0,54.636354013971314,80.5
130,2025-03-08 15:00:00,87,3413,108,12,30,0,288,7,city,1,0.96,54.52871300376402,85.0
123,2025-03-08 16:00:00,0,1267,71,92,19,0,297,12,highway,0,0.0,54.712474918131754,90.5
198,2025-03-08 17:00:00,10,2513,115,52,10,0,194,3,highway,0,0.0,54.590142627470605,95.0
159,2025-03-08 18:00:00,118,1230,74,38,49,0,281,17,city,0,0.0,54.76238927373902,65.5
144,2025-03-08 19:00:00,84,2906,119,19,0,0,250,3,city,0,0.01,54.580296504385394,100.0
197,2025-03-08 20:00:00,3,2261,80,21,43,0,231,11,city,0,0.0,54.61160997485376,78.5
102,2025-03-08 21:00:00,70,1380,79,55,17,0,3,6,highway,0,0.0,54.72917089745602,91.5
136,2025-03-08 22:00:00,25,2770,112,39,38,0,174,11,highway,0,0.02,54.56888359502538,81.0
142,2025-03-08 23:00:00,110,1770,71,91,43,0,240,4,highway,0,0.0,54.704505724030206,68.5
139,2025-03-09 00:00:00,49,3272,84,97,32,0,104,17,city,0,0.0,54.527713036781826,84.0
189,2025-03-09 01:00:00,11,1428,108,41,53,0,289,1,city,0,0.0,54.69912738577689,73.5
154,2025-03-09 02:00:00,94,2429,110,82,35,1,244,12,city,0,0.0,54.63138981860371,62.5
186,2025-03-09 03:00:00,80,2891,106,56,17,0,288,3,highway,0,0.0,54.5795204990665,91.5
138,2025-03-09 04:00:00,96,1367,76,97,46,0,273,16,highway,0,0.0,54.73974605639961,77.0
114,2025-03-09 05:00:00,74,2312,89,72,30,1,120,3,highway,0,0.0,54.63546271396562,65.0
103,2025-03-09 06:00:00,91,1380,103,35,34,0,259,14,city,0,0.0,54.73690729126261,83.0
192,2025-03-09 07:00:00,95,1672,104,12,38,1,70,17,highway,0,0.02,54.708653932620116,61.0
185,2025-03-09 08:00:00,64,3546,103,32,37,1,183,19,city,1,0.98,54.505665995623815,61.5
124,2025-03-09 09:00:00,46,2832,91,84,14,0,247,7,city,0,0.0,54.57199189599264,93.0
112,2025-03-09 10:00:00,91,3163,100,83,46,1,118,11,city,0,0.02,54.555089032313084,57.0
181,2025-03-09 11:00:00,52,3441,92,59,5,0,31,16,highway,0,0.0,54.512835116628885,97.5
132,2025-03-09 12:00:00,105,3229,88,45,7,0,149,19,highway,0,0.06,54.5555935402507,86.5
115,2025-03-09 13:00:00,70,3203,73,22,39,1,16,5,highway,0,0.01,54.542875654276074,60.5
141,2025-03-09 14:00:00,1,1526,93,38,21,1,273,1,highway,0,0.0,54.68645486000608,69.5
165,2025-03-09 15:00:00,105,996,89,47,0,0,102,10,highway,0,0.0,54.782971325874826,90.0
154,2025-03-09 16:00:00,23,3883,108,86,57,0,72,18,highway,1,0.98,54.454113560488224,71.5
198,2025-03-09 17:00:00,3,1953,97,99,12,0,193,10,city,0,0.0,54.64420104183469,94.0
141,2025-03-09 18:00:00,107,3867,108,93,54,0,111,1,highway,1,0.99,54.489590683249126,63.0
133,2025-03-09 19:00:00,18,3697,86,14,23,0,293,13,highway,0,0.01,54.472412628925525,88.5
129,2025-03-09 20:00:00,25,3427,88,29,20,1,277,4,city,0,0.0,54.50280438855976,70.0
112,2025-03-09 21:00:00,74,3125,117,87,44,0,106,12,highway,1,0.97,54.55220961641775,78.0
112,2025-03-09 22:00:00,39,3927,104,23,42,0,37,16,highway,1,0.99,54.45667668935127,79.0
117,2025-03-09 23:00:00,49,3168,101,17,3,0,291,19,city,1,0.92,54.539475916102205,98.5
131,2025-03-10 00:00:00,42,2852,116,57,6,0,181,12,highway,0,0.0,54.56867913308675,97.0
195,2025-03-10 01:00:00,74,2428,115,22,59,0,143,6,city,0,0.0,54.622479459697416,70.5
198,2025-03-10 02:00:00,108,2724,116,33,11,0,114,16,city,0,0.02,54.607991903013826,84.5
138,2025-03-10 03:00:00,66,1029,115,88,58,0,238,12,city,0,0.01,54.76158362810583,71.0
145,2025-03-10 04:00:00,11,3186,108,74,12,0,94,10,highway,1,0.97,54.52201963364496,94.0
128,2025-03-10 05:00:00,66,1855,104,95,53,0,260,5,city,0,0.01,54.677785686399375,73.5
161,2025-03-10 06:00:00,105,2590,99,43,43,0,107,19,highway,0,0.0,54.61910586236678,68.5
192,2025-03-10 07:00:00,26,1081,86,60,15,0,244,12,city,0,0.0,54.74199373944079,92.5
161,2025-03-10 08:00:00,112,2885,111,12,5,0,23,8,highway,0,0.01,54.593470038622755,87.5
156,2025-03-10 09:00:00,53,3690,116,99,13,0,271,4,city,1,0.99,54.487586596983796,93.5
115,2025-03-10 10:00:00,65,1542,98,87,50,0,140,7,highway,0,0.0,54.70933833856403,75.0
155,2025-03-10 11:00:00,48,3017,75,67,47,0,82,5,highway,0,0.0,54.5526308881042,76.5
109,2025-03-10 12:00:00,15,1095,86,81,58,1,156,11,highway,0,0.0,54.73439431555985,51.0
129,2025-03-10 13:00:00,1,3660,86,64,57,1,19,17,highway,0,0.01,54.46795887126227,51.5
124,2025-03-10 14:00:00,59,3211,83,89,30,0,69,3,highway,0,0.0,54.53801357010491,85.0
183,2025-03-10 15:00:00,53,1149,93,51,35,0,132,2,highway,0,0.0,54.74510104316287,82.5
104,2025-03-10 16:00:00,29,2054,119,30,36,0,256,19,highway,0,0.0,54.64338717264278,82.0
164,2025-03-10 17:00:00,83,2686,106,19,40,0,209,2,highway,0,0.0,54.600632259432444,80.0
193,2025-03-10 18:00:00,37,2008,109,66,55,0,10,14,highway,0,0.01,54.65050016560716,72.5
148,2025-03-10 19:00:00,27,1997,108,34,34,1,140,1,city,0,0.0,54.64846273776766,63.0
102,2025-03-10 20:00:00,24,2767,101,65,53,0,135,16,city,0,0.03,54.56817357244343,73.5
144,2025-03-10 21:00:00,95,2986,105,47,9,0,255,15,city,0,0.03,54.57620917227251,95.5
113,2025-03-10 22:00:00,9,1993,119,95,16,0,258,18,city,0,0.01,54.64237858652134,92.0
129,2025-03-10 23:00:00,59,3165,106,70,50,1,94,2,city,1,0.98,54.54187353859624,55.0
167,2025-03-11 00:00:00,41,3802,117,56,41,0,241,11,highway,1,1.0,54.470232864589704,79.5
117,2025-03-11 01:00:00,39,2549,83,63,29,0,237,17,city,0,0.0,54.59734820058547,85.5
161,2025-03-11 02:00:00,96,3875,96,55,43,1,165,13,city,0,0.0,54.48481041262549,58.5
136,2025-03-11 03:00:00,76,885,88,77,54,0,148,12,city,0,0.0,54.7804069016989,73.0
124,2025-03-11 04:00:00,119,3899,100,13,6,0,218,2,city,0,0.01,54.49311805174465,87.0
147,2025-03-11 05:00:00,104,1933,115,75,17,0,108,18,highway,0,0.01,54.68658345216571,81.5
164,2025-03-11 06:00:00,117,2137,78,52,18,1,231,10,highway,0,0.0,54.671015862540266,61.0
152,2025-03-11 07:00:00,41,952,107,71,14,1,70,12,city,0,0.0,54.761176397589836,73.0
178,2025-03-11 08:00:00,46,718,86,94,38,0,221,17,city,0,0.0,54.785999520064074,81.0
172,2025-03-11 09:00:00,36,3459,88,94,43,0,74,14,city,0,0.01,54.50302586140545,78.5
114,2025-03-11 10:00:00,117,1859,113,94,21,0,179,19,city,0,0.01,54.699165161843574,79.5
148,2025-03-11 11:00:00,79,922,73,13,38,0,80,13,highway,0,0.0,54.7785031314606,81.0
187,2025-03-11 12:00:00,108,702,117,74,41,0,159,3,highway,0,0.01,54.812397878509344,69.5
167,2025-03-11 13:00:00,21,1959,80,71,56,0,169,8,highway,0,0.0,54.64901822113845,72.0
111,2025-03-11 14:00:00,56,1553,91,99,55,0,161,5,city,0,0.0,54.704401495248,72.5
158,2025-03-11 15:00:00,83,2188,73,11,53,0,32,12,highway,0,0.0,54.650746031708216,73.5
136,2025-03-11 16:00:00,113,927,86,18,59,0,121,1,city,0,0.0,54.79078709987188,60.5
160,2025-03-11 17:00:00,106,3660,77,66,29,1,215,16,highway,0,0.02,54.51126330573086,55.5
142,2025-03-11 18:00:00,26,2377,115,54,19,0,3,12,highway,0,0.02,54.61002961798062,90.5
169,2025-03-11 19:00:00,40,1198,103,27,31,0,228,17,city,0,0.0,54.73506178129298,84.5
138,2025-03-11 20:00:00,79,3268,80,57,41,0,48,9,highway,0,0.0,54.53979710883952,79.5
155,2025-03-11 21:00:00,33,3449,100,51,24,1,167,13,highway,0,0.0,54.50361552509297,68.0
162,2025-03-11 22:00:00,31,2585,80,50,22,0,11,4,city,0,0.0,54.590761305459075,89.0
145,2025-03-11 23:00:00,89,3664,107,84,4,1,238,4,highway,1,1.0,54.505053433314764,78.0
187,2025-03-12 00:00:00,88,2715,90,98,49,0,278,15,highway,0,0.0,54.59932243257335,75.5
110,2025-03-12 01:00:00,65,1862,115,99,40,0,241,10,city,0,0.0,54.6772040743597,80.0
161,2025-03-12 02:00:00,11,1999,99,67,29,0,192,6,highway,0,0.0,54.64203964041329,85.5
176,2025-03-12 03:00:00,39,3038,79,51,47,1,12,3,city,0,0.0,54.546881599533805,56.5
197,2025-03-12 04:00:00,72,1776,95,44,38,0,53,15,city,0,0.0,54.68884251135352,81.0
124,2025-03-12 05:00:00,75,3881,96,47,56,0,55,6,city,0,0.0,54.47523662813199,72.0
170,2025-03-12 06:00:00,89,1414,77,76,26,1,21,11,city,0,0.0,54.73297378700909,67.0
151,2025-03-12 07:00:00,72,1647,108,50,56,0,19,2,city,0,0.0,54.70122522011484,72.0
103,2025-03-12 08:00:00,9,3395,77,59,41,1,59,2,city,0,0.0,54.49877544410629,59.5
158,2025-03-12 09:00:00,95,3775,77,95,36,0,151,1,city,0,0.01,54.49486503656132,82.0
171,2025-03-12 10:00:00,97,3431,103,81,6,0,259,11,city,1,0.99,54.531879351036785,97.0
119,2025-03-12 11:00:00,47,1569,85,88,4,0,58,5,city,0,0.0,54.7012469417013,98.0
192,2025-03-12 12:00:00,19,1770,110,54,14,0,216,6,city,0,0.0,54.66915418164006,93.0
162,2025-03-12 13:00:00,38,793,82,80,50,0,62,3,city,0,0.0,54.77466917765569,75.0
153,2025-03-12 14:00:00,59,3687,92,28,41,0,146,5,city,0,0.03,54.48915538932975,79.5
173,2025-03-12 15:00:00,65,1259,81,26,7,0,239,9,city,0,0.0,54.7398778390222,96.5
197,2025-03-12 16:00:00,64,2475,96,74,55,0,293,19,highway,0,0.0,54.6138481377894,72.5
156,2025-03-12 17:00:00,50,2960,91,86,8,0,182,5,city,0,0.0,54.56082606270808,96.0
189,2025-03-12 18:00:00,35,1135,101,65,10,0,95,12,city,0,0.0,54.740320218456105,95.0
140,2025-03-12 19:00:00,23,1551,118,50,59,0,78,12,city,0,0.02,54.69119127846802,70.5
102,2025-03-12 20:00:00,117,3255,96,51,21,0,142,16,highway,0,0.02,54.557194876246605,79.5
105,2025-03-12 21:00:00,26,3583,71,15,33,0,105,7,city,0,0.01,54.48680924089148,83.5
104,2025-03-12 22:00:00,1,3398,114,78,34,1,261,14,highway,1,0.97,54.49554458008642,63.0
104,2025-03-12 23:00:00,30,904,102,84,12,0,95,9,city,0,0.0,54.76172304909215,94.0
153,2025-03-13 00:00:00,56,3128,95,82,10,0,223,15,highway,0,0.0,54.54606808816546,95.0
146,2025-03-13 01:00:00,77,3844,97,49,59,0,190,11,highway,0,0.0,54.4796797599913,70.5
186,2025-03-13 02:00:00,65,1799,88,50,31,1,129,4,highway,0,0.0,54.68397920379968,64.5
148,2025-03-13 03:00:00,28,776,112,18,41,0,195,11,highway,0,0.0,54.7727510560049,79.5
108,2025-03-13 04:00:00,14,1515,74,17,58,1,20,9,highway,0,0.0,54.69127967767356,51.0
198,2025-03-13 05:00:00,11,1467,102,53,14,1,299,6,city,0,0.0,54.69675653137336,73.0
119,2025-03-13 06:00:00,100,3157,89,67,37,0,240,17,city,0,0.01,54.559681013162596,81.5
160,2025-03-13 07:00:00,27,805,99,76,0,0,235,9,city,0,0.0,54.77107747955967,100.0
134,2025-03-13 08:00:00,83,3298,114,22,45,0,85,6,highway,1,1.0,54.53818860322453,77.5
149,2025-03-13 09:00:00,102,3573,77,28,49,0,94,6,highway,0,0.02,54.51768682977762,65.5
181,2025-03-13 10:00:00,23,2835,107,58,23,0,42,4,highway,0,0.0,54.562083802906336,88.5
161,2025-03-13 11:00:00,20,2446,86,89,42,0,74,11,highway,0,0.0,54.59966251795954,79.0
116,2025-03-13 12:00:00,9,3628,113,91,39,0,115,3,city,1,0.98,54.475161644083556,80.5
187,2025-03-13 13:00:00,109,3848,70,87,21,0,190,18,highway,0,0.0,54.4936758965423,79.5
102,2025-03-13 14:00:00,77,3848,72,39,2,0,125,16,city,0,0.02,54.48160465444672,99.0
131,2025-03-13 15:00:00,100,2165,115,75,13,0,6,16,highway,0,0.01,54.66154710475319,93.5
198,2025-03-13 16:00:00,17,3287,95,86,1,0,42,12,highway,0,0.01,54.514607207286666,99.5
112,2025-03-13 17:00:00,87,944,100,68,31,0,58,14,highway,0,0.0,54.779764242505244,84.5
188,2025-03-13 18:00:00,13,3325,77,62,47,0,10,9,highway,0,0.01,54.50725491617565,76.5
172,2025-03-13 19:00:00,33,2105,112,61,37,0,89,7,highway,0,0.0,54.6397657311904,81.5
167,2025-03-13 20:00:00,57,1681,115,90,32,0,111,14,city,0,0.0,54.69272653298024,84.0
113,2025-03-13 21:00:00,75,3464,77,40,45,0,39,10,highway,0,0.01,54.518094632080334,77.5
197,2025-03-13 22:00:00,21,2436,104,24,41,0,167,11,city,0,0.01,54.6011219185689,79.5
110,2025-03-13 23:00:00,119,841,108,29,5,0,11,7,city,0,0.01,54.80415117438915,87.5
155,2025-03-14 00:00:00,69,1592,97,14,40,1,110,19,highway,0,0.0,54.7062685695354,60.0
166,2025-03-14 01:00:00,35,2091,73,16,38,0,16,19,highway,0,0.0,54.64195162461392,81.0
191,2025-03-14 02:00:00,44,3855,85,27,24,0,33,11,highway,0,0.01,54.46674283452807,88.0
128,2025-03-14 03:00:00,35,3914,82,65,33,1,233,6,highway,0,0.0,54.45676086432567,63.5
108,2025-03-14 04:00:00,21,3099,89,84,10,0,188,8,highway,0,0.0,54.53496431268833,95.0
166,2025-03-14 05:00:00,77,1244,74,99,45,0,224,1,highway,0,0.0,54.74466702685278,77.5
124,2025-03-14 06:00:00,79,3660,106,54,36,1,59,8,city,1,0.99,54.5001360610794,62.0
197,2025-03-14 07:00:00,60,2899,89,37,40,0,51,5,city,0,0.0,54.5697357657231,80.0
175,2025-03-14 08:00:00,99,3929,93,59,6,0,271,10,highway,0,0.0,54.48203682012687,97.0
141,2025-03-14 09:00:00,55,2169,105,11,56,0,43,2,highway,0,0.0,54.64131315977347,72.0
108,2025-03-14 10:00:00,88,3400,103,93,45,0,27,4,city,1,0.98,54.52982298973008,77.5
178,2025-03-14 11:00:00,95,3705,114,77,58,1,56,2,city,1,0.95,54.501083941400765,51.0
139,2025-03-14 12:00:00,32,1462,117,86,47,1,121,15,city,0,0.0,54.70434690636128,56.5
124,2025-03-14 13:00:00,44,1323,103,33,21,0,113,10,highway,0,0.01,54.724364668840444,89.5
104,2025-03-14 14:00:00,35,1355,88,57,47,1,115,2,city,0,0.0,54.716433127116616,56.5
110,2025-03-14 15:00:00,19,3197,86,54,38,1,109,6,highway,0,0.0,54.52304949819081,61.0
158,2025-03-14 16:00:00,17,3468,74,67,9,1,175,14,highway,0,0.01,54.495872630966836,75.5
197,2025-03-14 17:00:00,37,1947,94,45,20,0,112,5,city,0,0.0,54.65813547534044,90.0
187,2025-03-14 18:00:00,66,742,87,11,5,0,100,2,city,0,0.0,54.79293898795094,97.5
178,2025-03-14 19:00:00,22,3011,119,27,48,0,8,14,city,1,0.77,54.54276078628166,76.0
137,2025-03-14 20:00:00,95,1726,77,58,0,0,135,13,highway,0,0.0,54.704716702758034,100.0
171,2025-03-14 21:00:00,108,2360,96,17,33,0,251,2,highway,0,0.0,54.64410999407499,73.5
104,2025-03-14 22:00:00,15,1991,84,67,58,0,240,9,city,0,0.0,54.64327298612225,71.0
147,2025-03-14 23:00:00,58,1295,114,24,13,1,222,3,highway,0,0.0,54.73316067054925,73.5
189,2025-03-15 00:00:00,68,3787,82,26,35,0,145,15,city,0,0.02,54.48284467115217,82.5
117,2025-03-15 01:00:00,67,3830,85,32,26,0,4,3,highway,0,0.01,54.47843830717395,87.0
169,2025-03-15 02:00:00,20,1712,91,75,8,0,282,12,city,0,0.0,54.67569961590956,96.0
136,2025-03-15 03:00:00,103,2924,89,79,54,0,197,6,highway,0,0.0,54.58388575571606,63.0
159,2025-03-15 04:00:00,114,2810,82,36,5,0,128,19,city,0,0.0,54.601900411471476,87.5
147,2025-03-15 05:00:00,77,1657,89,46,30,0,261,17,highway,0,0.0,54.70327939067164,85.0
176,2025-03-15 06:00:00,102,3750,71,58,16,1,91,6,highway,0,0.01,54.501036222831495,62.0
127,2025-03-15 07:00:00,94,1260,104,73,52,0,259,19,highway,0,0.01,54.7495792629503,74.0
168,2025-03-15 08:00:00,77,2030,116,43,42,0,94,17,city,0,0.0,54.66485518809154,79.0
176,2025-03-15 09:00:00,69,2012,88,27,59,0,257,16,highway,0,0.0,54.66277821765996,70.5
180,2025-03-15 10:00:00,11,2521,114,73,35,0,136,8,highway,0,0.0,54.5887078895403,82.5
139,2025-03-15 11:00:00,15,3702,106,83,20,0,13,19,city,1,0.99,54.470822315548,90.0
144,2025-03-15 12:00:00,80,2250,75,53,26,0,198,8,city,0,0.0,54.64434069989892,87.0
195,2025-03-15 13:00:00,108,1549,83,26,40,0,178,15,highway,0,0.0,54.726300653549124,70.0
161,2025-03-15 14:00:00,86,1978,73,68,27,0,112,8,highway,0,0.0,54.67437071355032,86.5
192,2025-03-15 15:00:00,13,3351,91,22,15,0,264,3,city,0,0.01,54.50591978721589,92.5
157,2025-03-15 16:00:00,60,2233,108,61,34,1,79,16,highway,0,0.0,54.63771201596999,63.0
166,2025-03-15 17:00:00,70,2514,105,69,35,0,256,3,highway,0,0.0,54.61310914295876,82.5
155,2025-03-15 18:00:00,45,2441,103,51,55,0,74,1,city,0,0.0,54.60967708727243,72.5
139,2025-03-15 19:00:00,31,1305,96,73,34,0,161,8,city,0,0.0,54.72044375194188,83.0
197,2025-03-15 20:00:00,14,3577,76,75,44,0,201,9,city,0,0.01,54.482151277305036,78.0
139,2025-03-15 21:00:00,43,2186,72,43,18,0,33,12,highway,0,0.0,54.63632057611825,91.0
190,2025-03-15 22:00:00,16,3970,116,96,56,0,73,18,highway,1,0.99,54.442496145903384,72.0
176,2025-03-15 23:00:00,40,1994,102,80,20,0,293,17,city,0,0.0,54.654560217598686,90.0
132,2025-03-16 00:00:00,53,1445,71,73,57,0,198,8,city,0,0.0,54.714098512093656,71.5
105,2025-03-16 01:00:00,110,1257,111,42,32,1,240,11,highway,0,0.0,54.75712672756116,54.0
187,2025-03-16 02:00:00,43,2811,85,21,22,1,74,7,city,0,0.0,54.57259575382397,69.0
118,2025-03-16 03:00:00,97,1641,94,85,54,0,31,14,highway,0,0.0,54.71195508894655,73.0
179,2025-03-16 04:00:00,4,2996,84,28,5,0,14,10,city,0,0.0,54.538817981415015,97.5
139,2025-03-16 05:00:00,108,1969,93,18,31,0,205,15,city,0,0.0,54.68395569133915,74.5
191,2025-03-16 06:00:00,26,1639,84,83,21,0,68,12,highway,0,0.0,54.685000863724326,89.5
196,2025-03-16 07:00:00,115,2310,100,26,2,0,128,17,highway,0,0.0,54.65327360266456,89.0
158,2025-03-16 08:00:00,86,2904,83,59,34,1,26,8,city,0,0.0,54.57991209932678,63.0
158,2025-03-16 09:00:00,103,3482,83,48,15,1,184,14,highway,0,0.0,54.528733684819095,62.5
147,2025-03-16 10:00:00,77,2425,75,50,41,0,137,15,highway,0,0.0,54.624725419499406,79.5
140,2025-03-16 11:00:00,78,1684,83,19,58,0,291,11,city,0,0.0,54.69978967208598,71.0
112,2025-03-16 12:00:00,42,2287,86,21,24,0,106,12,highway,0,0.0,54.62540213161905,88.0
144,2025-03-16 13:00:00,96,3859,87,88,16,0,24,16,highway,0,0.0,54.48754206211429,92.0
188,2025-03-16 14:00:00,116,2036,89,24,38,0,194,18,highway,0,0.0,54.68006770149672,71.0
152,2025-03-16 15:00:00,30,2574,86,37,12,0,169,10,highway,0,0.0,54.59188753551984,94.0
141,2025-03-16 16:00:00,98,3837,85,13,27,1,36,19,city,0,0.02,54.49013247109869,66.5
199,2025-03-16 17:00:00,16,1361,109,45,10,0,101,18,city,0,0.0,54.70970771073627,95.0
162,2025-03-16 18:00:00,91,3791,108,74,9,0,34,1,city,1,0.99,54.49273629400628,95.5
126,2025-03-16 19:00:00,82,732,101,56,38,1,39,4,city,0,0.01,54.7990302789384,61.0
137,2025-03-16 20:00:00,109,2516,113,90,23,1,211,7,city,0,0.0,54.62905570220334,58.5
159,2025-03-16 21:00:00,53,3305,78,48,37,0,230,1,highway,0,0.0,54.52575853065611,81.5
106,2025-03-16 22:00:00,61,2820,96,47,23,0,279,8,highway,0,0.0,54.578866830662726,88.5
104,2025-03-16 23:00:00,86,2589,115,53,32,0,80,17,highway,0,0.0,54.61202875525473,84.0
144,2025-03-17 00:00:00,31,3572,102,60,16,1,238,8,city,1,0.99,54.49063090664307,72.0
157,2025-03-17 01:00:00,39,1856,79,94,56,0,172,5,city,0,0.0,54.66672037093067,72.0
130,2025-03-17 02:00:00,12,3826,86,35,43,0,59,1,city,0,0.0,54.45606637448661,78.5
122,2025-03-17 03:00:00,83,760,118,45,35,0,22,15,highway,0,0.0,54.79670697242719,82.5
141,2025-03-17 04:00:00,34,2243,118,78,34,0,238,4,highway,0,0.0,54.626255654324126,83.0
109,2025-03-17 05:00:00,4,971,105,10,5,1,296,7,highway,0,0.02,54.74475625386048,77.5
131,2025-03-17 06:00:00,72,2993,86,62,57,0,94,14,city,0,0.0,54.564298923360035,71.5
152,2025-03-17 07:00:00,28,1899,87,15,59,0,244,12,city,0,0.0,54.65780797854315,70.5
129,2025-03-17 08:00:00,69,3375,92,46,15,1,11,3,highway,0,0.02,54.52596386121524,72.5
138,2025-03-17 09:00:00,24,2506,103,11,44,0,117,18,highway,0,0.0,54.59508488852252,78.0
130,2025-03-17 10:00:00,94,3452,77,78,27,1,265,8,highway,0,0.0,54.527680108491765,66.5
181,2025-03-17 11:00:00,21,3409,82,99,40,0,12,2,city,0,0.0,54.502210756656524,80.0
199,2025-03-17 12:00:00,65,1854,92,50,31,0,154,6,city,0,0.0,54.67838581862215,84.5
101,2025-03-17 13:00:00,44,1825,89,60,25,0,38,7,highway,0,0.0,54.67314868976137,87.5
177,2025-03-17 14:00:00,68,1009,91,56,10,0,131,7,highway,0,0.0,54.76638414091782,95.0
176,2025-03-17 15:00:00,90,2015,116,22,51,1,225,13,city,0,0.01,54.67123218707376,54.5
192,2025-03-17 16:00:00,88,2445,92,85,24,1,143,1,highway,0,0.0,54.62780353824358,68.0
111,2025-03-17 17:00:00,71,3242,110,78,30,1,54,8,highway,1,0.99,54.53967911137195,65.0
138,2025-03-17 18:00:00,118,1037,104,75,20,0,24,13,city,0,0.01,54.783203267255765,80.0
165,2025-03-17 19:00:00,0,3326,72,68,44,0,121,19,highway,0,0.0,54.50205624732329,78.0
195,2025-03-17 20:00:00,83,709,103,77,54,0,119,17,highway,0,0.0,54.80111633725387,73.0
112,2025-03-17 21:00:00,43,748,102,68,50,1,161,13,highway,0,0.01,54.78125315727208,55.0
145,2025-03-17 22:00:00,86,2210,115,19,2,0,74,16,city,0,0.0,54.65179946723653,99.0
126,2025-03-17 23:00:00,95,3370,86,22,11,1,185,15,highway,0,0.01,54.537075360394574,74.5
116,2025-03-18 00:00:00,74,2044,114,11,50,1,192,11,highway,0,0.0,54.66189961899172,55.0
194,2025-03-18 01:00:00,38,1430,88,99,39,0,220,12,city,0,0.0,54.710337582020074,80.5
197,2025-03-18 02:00:00,110,1494,99,24,45,1,121,3,highway,0,0.0,54.73249253428265,47.5
159,2025-03-18 03:00:00,53,3718,92,55,53,1,209,9,highway,0,0.0,54.48310278448821,53.5
163,2025-03-18 04:00:00,87,2348,84,66,40,1,164,14,city,0,0.0,54.63661221264582,60.0
187,2025-03-18 05:00:00,74,832,83,19,24,0,268,7,highway,0,0.01,54.78622106483997,88.0
134,2025-03-18 06:00:00,28,2830,71,31,55,1,3,11,highway,0,0.0,54.56329084926946,52.5
169,2025-03-18 07:00:00,53,2804,108,98,16,0,50,10,highway,0,0.01,54.57756822697691,92.0
182,2025-03-18 08:00:00,89,1075,118,88,37,0,211,3,city,0,0.02,54.76699940477371,81.5
129,2025-03-18 09:00:00,15,3096,87,86,35,0,16,19,highway,0,0.01,54.53183764880666,82.5
170,2025-03-18 10:00:00,98,970,75,17,35,0,168,2,city,0,0.0,54.78137313152641,82.5
173,2025-03-18 11:00:00,19,2206,101,30,18,1,283,17,city,0,0.0,54.62465026477402,71.0
195,2025-03-18 12:00:00,45,2858,90,94,43,0,298,2,city,0,0.0,54.56775993912071,78.5
197,2025-03-18 13:00:00,66,3616,109,31,56,0,185,16,city,1,0.99,54.498572942484756,72.0
162,2025-03-18 14:00:00,64,3634,97,54,1,0,138,17,city,0,0.0,54.49818922319536,99.5
127,2025-03-18 15:00:00,57,775,96,49,16,1,125,10,city,0,0.0,54.785519349921294,72.0
159,2025-03-18 16:00:00,52,3929,71,31,29,1,58,4,city,0,0.0,54.46222477284694,65.5
178,2025-03-18 17:00:00,110,2656,102,39,46,0,66,11,highway,0,0.01,54.61427865339449,67.0
193,2025-03-18 18:00:00,0,2366,85,71,9,1,202,17,highway,0,0.0,54.601117980231116,75.5
136,2025-03-18 19:00:00,80,1028,108,82,34,0,9,12,city,0,0.0,54.768288294562296,83.0
192,2025-03-18 20:00:00,65,2869,91,54,51,0,105,10,highway,0,0.0,54.57434430214329,74.5
121,2025-03-18 21:00:00,28,740,112,44,35,0,89,16,highway,0,0.0,54.77665762149097,82.5
167,2025-03-18 22:00:00,83,1890,116,91,53,1,89,4,highway,0,0.0,54.681052009579204,53.5
119,2025-03-18 23:00:00,69,3669,82,51,32,1,6,3,city,0,0.02,54.49536925983949,64.0
195,2025-03-19 00:00:00,7,3389,71,14,0,0,158,9,highway,0,0.0,54.50025977987981,100.0
199,2025-03-19 01:00:00,28,3794,83,36,17,0,103,6,city,0,0.0,54.466808519197315,91.5
167,2025-03-19 02:00:00,111,3026,107,79,3,0,223,12,city,1,0.94,54.57881093182093,88.5
190,2025-03-19 03:00:00,50,3510,110,71,54,0,171,1,highway,1,1.0,54.50301049933951,73.0
163,2025-03-19 04:00:00,32,3216,97,41,53,0,33,14,city,0,0.0,54.52572332751159,73.5
116,2025-03-19 05:00:00,2,2756,76,17,46,0,181,10,city,0,0.0,54.56074527322227,77.0
111,2025-03-19 06:00:00,59,712,87,94,26,0,184,18,city,0,0.0,54.792320280084525,87.0
121,2025-03-19 07:00:00,34,1623,110,27,24,0,87,13,highway,0,0.0,54.689717427699414,88.0
116,2025-03-19 08:00:00,68,3670,105,87,54,0,69,9,highway,1,0.99,54.4939660981919,73.0
109,2025-03-19 09:00:00,90,2542,110,24,27,0,26,19,highway,0,0.01,54.61861914985218,86.5
164,2025-03-19 10:00:00,107,3823,105,35,52,0,6,4,city,1,0.96,54.494147204938685,64.0
121,2025-03-19 11:00:00,75,1932,113,62,21,1,256,3,highway,0,0.0,54.67487759632306,69.5
189,2025-03-19 12:00:00,83,1914,73,53,41,0,182,6,highway,0,0.0,54.67910214096875,79.5
181,2025-03-19 13:00:00,108,3822,99,41,24,0,295,9,highway,0,0.03,54.49579580722887,78.0
149,2025-03-19 14:00:00,19,1352,93,37,16,0,260,10,city,0,0.0,54.71158209544177,92.0
113,2025-03-19 15:00:00,72,2403,89,48,58,0,234,9,city,0,0.0,54.62425978485433,71.0
163,2025-03-19 16:00:00,38,1320,115,41,56,0,282,17,highway,0,0.0,54.72082893722111,72.0
146,2025-03-19 17:00:00,3,2662,100,86,53,1,207,10,city,0,0.0,54.57042004427627,53.5
128,2025-03-19 18:00:00,114,2345,93,88,43,0,77,6,highway,0,0.0,54.64763548329657,68.5
175,2025-03-19 19:00:00,117,2943,76,27,51,0,168,16,highway,0,0.0,54.587697421677056,64.5
135,2025-03-19 20:00:00,18,1116,95,79,11,0,56,17,city,0,0.0,54.73538582190541,94.5
198,2025-03-19 21:00:00,101,1363,82,20,15,1,295,11,city,0,0.0,54.7434285315977,62.5
151,2025-03-19 22:00:00,90,2478,77,41,36,0,81,7,city,0,0.0,54.624759655276684,82.0
175,2025-03-19 23:00:00,44,2079,74,29,15,1,167,4,city,0,0.01,54.64772648777007,72.5
106,2025-03-20 00:00:00,42,847,113,49,16,0,176,10,city,0,0.01,54.77217437954818,92.0
128,2025-03-20 01:00:00,12,2745,82,17,54,0,281,14,city,0,0.0,54.56555184319174,73.0
110,2025-03-20 02:00:00,12,3748,98,44,30,0,149,17,highway,0,0.02,54.464530599706436,85.0
132,2025-03-20 03:00:00,59,2088,89,78,14,1,256,14,highway,0,0.0,54.65287483401913,73.0
105,2025-03-20 04:00:00,56,3111,83,87,12,0,281,13,city,0,0.01,54.54771513912735,94.0
178,2025-03-20 05:00:00,85,2425,101,30,39,0,278,2,city,0,0.0,54.62801935074622,80.5
131,2025-03-20 06:00:00,91,1101,119,33,26,0,279,9,highway,0,0.0,54.76560826298968,87.0
150,2025-03-20 07:00:00,51,3353,96,26,20,0,206,3,highway,0,0.01,54.52076941659403,90.0
174,2025-03-20 08:00:00,110,2215,94,27,1,0,30,4,city,0,0.0,54.660968237546555,89.5
157,2025-03-20 09:00:00,52,2731,73,21,7,0,218,12,city,0,0.0,54.584958820827666,96.5
186,2025-03-20 10:00:00,108,928,90,25,41,1,231,15,highway,0,0.0,54.78941415032531,49.5
125,2025-03-20 11:00:00,85,2298,87,13,6,0,162,8,highway,0,0.0,54.642284909145005,97.0
197,2025-03-20 12:00:00,42,3284,108,98,9,0,217,18,highway,1,1.0,54.52462291464376,95.5
145,2025-03-20 13:00:00,82,967,84,43,56,1,228,5,highway,0,0.0,54.7743949476157,52.0
197,2025-03-20 14:00:00,71,2128,107,55,3,1,221,2,highway,0,0.01,54.65407506858674,78.5
128,2025-03-20 15:00:00,115,2516,117,84,42,0,234,9,city,0,0.0,54.63068756177624,69.0
103,2025-03-20 16:00:00,71,1734,93,86,40,0,73,14,highway,0,0.0,54.69263049541096,80.0
180,2025-03-20 17:00:00,41,2043,77,40,35,1,95,1,city,0,0.0,54.64936493300098,62.5
198,2025-03-20 18:00:00,89,825,97,34,34,0,95,4,highway,0,0.0,54.7925466031747,83.0
112,2025-03-20 19:00:00,111,3053,90,83,42,0,243,17,city,0,0.01,54.57446972401143,69.0
138,2025-03-20 20:00:00,114,2425,85,33,2,0,293,10,highway,0,0.0,54.6411768280355,89.0
114,2025-03-20 21:00:00,25,1812,85,74,57,0,263,2,city,0,0.0,54.66553296632517,71.5
128,2025-03-20 22:00:00,22,3375,104,34,17,1,124,6,highway,1,0.98,54.5070108561844,71.5
128,2025-03-20 23:00:00,42,2075,86,37,57,0,288,19,city,0,0.0,54.645612165496324,71.5
174,2025-03-21 00:00:00,76,1388,78,45,50,0,267,9,highway,0,0.0,54.72941647889764,75.0
131,2025-03-21 01:00:00,27,3785,104,91,45,0,109,19,city,1,0.99,54.466176896030305,77.5
101,2025-03-21 02:00:00,8,1980,98,15,55,0,48,19,city,0,0.0,54.64170378049218,72.5
146,2025-03-21 03:00:00,19,1932,108,75,42,0,95,9,city,0,0.01,54.65153373017896,79.0
177,2025-03-21 04:00:00,55,980,87,76,23,0,33,3,city,0,0.0,54.76358190105476,88.5
183,2025-03-21 05:00:00,82,1142,81,81,31,0,118,6,highway,0,0.0,54.75762048230408,84.5
121,2025-03-21 06:00:00,111,2563,88,57,33,0,132,6,highway,0,0.0,54.624669862011515,73.5
174,2025-03-21 07:00:00,38,1536,117,92,58,0,251,17,city,0,0.0,54.698780374612724,71.0
126,2025-03-21 08:00:00,50,1088,91,79,1,0,122,13,highway,0,0.0,54.75149090198514,99.5
166,2025-03-21 09:00:00,11,1316,118,87,1,0,218,13,city,0,0.0,54.712644704192456,99.5
180,2025-03-21 10:00:00,78,846,84,76,9,0,53,7,highway,0,0.0,54.78701695452365,95.5
155,2025-03-21 11:00:00,94,1220,70,57,22,0,126,9,highway,0,0.0,54.75487438265604,89.0
191,2025-03-21 12:00:00,54,1329,71,74,14,1,159,18,city,0,0.0,54.728055975907004,73.0
192,2025-03-21 13:00:00,77,3181,77,53,53,0,159,1,highway,0,0.0,54.54735091650123,73.5
120,2025-03-21 14:00:00,10,2891,91,72,11,1,283,13,city,0,0.0,54.551659909840346,74.5
146,2025-03-21 15:00:00,25,988,94,55,42,0,89,8,highway,0,0.0,54.749945647682324,79.0
179,2025-03-21 16:00:00,41,2109,71,28,16,0,176,9,highway,0,0.0,54.64343009948951,92.0
158,2025-03-21 17:00:00,26,713,78,73,17,0,292,1,highway,0,0.0,54.77933675762655,91.5
183,2025-03-21 18:00:00,10,956,78,92,13,1,159,9,city,0,0.01,54.74836355662959,73.5
105,2025-03-21 19:00:00,37,2421,82,82,16,0,249,11,highway,0,0.0,54.61009429199642,92.0
118,2025-03-21 20:00:00,97,2123,75,80,14,0,122,4,city,0,0.0,54.664572966159575,93.0
156,2025-03-21 21:00:00,42,1930,99,59,11,0,237,16,city,0,0.0,54.66224007437581,94.5
168,2025-03-21 22:00:00,18,1557,84,72,58,1,125,14,highway,0,0.0,54.68861442420582,51.0
102,2025-03-21 23:00:00,63,3690,84,50,15,1,279,18,city,0,0.01,54.49151993056037,72.5
100,2025-03-22 00:00:00,5,1895,119,16,31,0,92,9,highway,0,0.01,54.65012532147244,84.5
157,2025-03-22 01:00:00,45,1163,76,18,22,0,105,1,city,0,0.0,54.74099694275009,89.0
137,2025-03-22 02:00:00,115,969,80,13,37,0,42,3,highway,0,0.0,54.788218766002174,71.5
114,2025-03-22 03:00:00,101,1944,109,98,33,1,129,1,city,0,0.0,54.68360572261271,53.5
133,2025-03-22 04:00:00,112,3923,107,58,33,0,53,3,city,1,1.0,54.48676221597043,73.5
160,2025-03-22 05:00:00,41,3370,109,85,15,1,168,14,city,1,1.0,54.515229938829336,72.5
134,2025-03-22 06:00:00,91,1906,71,15,33,0,90,14,city,0,0.0,54.68345509615672,83.5
163,2025-03-22 07:00:00,64,771,117,91,39,0,247,13,highway,0,0.0,54.78779588876081,80.5
124,2025-03-22 08:00:00,98,2006,108,30,6,0,174,1,highway,0,0.01,54.677200390803414,97.0
123,2025-03-22 09:00:00,103,2821,79,24,32,0,87,15,city,0,0.0,54.595260589707756,74.0
111,2025-03-22 10:00:00,71,3102,113,76,3,0,150,7,city,1,0.99,54.555021301988276,98.5
117,2025-03-22 11:00:00,58,2450,86,75,42,0,249,16,city,0,0.0,54.61451328538187,79.0
114,2025-03-22 12:00:00,51,1196,76,65,51,0,115,1,city,0,0.0,54.738863703478806,74.5
179,2025-03-22 13:00:00,117,1687,109,77,6,0,180,15,highway,0,0.0,54.7172708043689,87.0
126,2025-03-22 14:00:00,46,3327,108,41,17,0,120,15,highway,1,0.97,54.52152870907356,91.5
171,2025-03-22 15:00:00,119,1609,73,75,3,0,28,19,highway,0,0.0,54.726128991275885,88.5
159,2025-03-22 16:00:00,6,1072,104,38,48,1,117,6,city,0,0.0,54.733528802869145,56.0
145,2025-03-22 17:00:00,10,1061,116,75,10,0,191,6,highway,0,0.0,54.73780799615743,95.0
188,2025-03-22 18:00:00,102,2840,105,43,42,0,145,1,highway,0,0.02,54.592517746923626,69.0
116,2025-03-22 19:00:00,60,2044,100,36,19,0,262,16,city,0,0.0,54.65754652300473,90.5
192,2025-03-22 20:00:00,67,1023,94,69,10,1,142,18,highway,0,0.0,54.764558855432945,75.0
152,2025-03-22 21:00:00,24,3131,110,48,14,0,114,13,city,1,0.95,54.5327508965363,93.0
107,2025-03-22 22:00:00,11,1274,82,53,45,0,273,12,city,0,0.0,54.71511611846411,77.5
178,2025-03-22 23:00:00,25,1435,87,91,16,1,38,18,city,0,0.0,54.705550256993774,72.0
126,2025-03-23 00:00:00,101,3484,90,45,33,0,197,10,city,0,0.0,54.52699093764184,73.5
145,2025-03-23 01:00:00,109,3093,117,28,49,0,13,14,city,1,0.96,54.56931243067749,65.5
149,2025-03-23 02:00:00,11,3874,70,54,47,0,112,11,city,0,0.02,54.45061973288783,76.5
170,2025-03-23 03:00:00,42,3986,105,93,11,0,137,18,city,1,0.98,54.45314916664846,94.5
102,2025-03-23 04:00:00,50,1915,119,30,41,0,172,12,highway,0,0.0,54.66575045754688,79.5
192,2025-03-23 05:00:00,116,2395,77,32,27,1,127,17,highway,0,0.0,54.64400812548572,56.5
163,2025-03-23 06:00:00,36,2607,117,98,47,0,19,3,city,0,0.01,54.589508855605956,76.5
143,2025-03-23 07:00:00,45,1418,90,36,34,1,208,1,highway,0,0.0,54.71457309382361,63.0
152,2025-03-23 08:00:00,52,1480,112,81,7,0,158,1,highway,0,0.0,54.71218290913842,96.5
123,2025-03-23 09:00:00,87,1719,90,28,26,0,160,6,highway,0,0.0,54.701152894327045,87.0
159,2025-03-23 10:00:00,79,3965,96,50,21,0,240,19,city,0,0.01,54.469731799428686,89.5
102,2025-03-23 11:00:00,12,2103,88,35,53,0,79,4,highway,0,0.0,54.63088280967415,73.5
119,2025-03-23 12:00:00,88,2126,92,37,56,0,197,13,city,0,0.0,54.65893615551273,72.0
145,2025-03-23 13:00:00,117,1363,119,73,23,0,120,12,city,0,0.0,54.749525512806144,78.5
114,2025-03-23 14:00:00,53,2472,112,77,1,0,248,8,city,0,0.0,54.61194553547323,99.5
124,2025-03-23 15:00:00,56,3347,104,89,30,0,139,7,city,1,1.0,54.52297810989233,85.0
193,2025-03-23 16:00:00,115,710,109,60,21,0,226,7,city,0,0.0,54.815213033673,79.5
177,2025-03-23 17:00:00,117,2934,111,83,0,0,83,7,city,0,0.03,54.59069894835002,90.0
170,2025-03-23 18:00:00,3,3473,117,57,13,1,26,14,city,1,0.95,54.48957930833643,73.5
116,2025-03-23 19:00:00,74,1738,74,19,24,0,128,18,highway,0,0.0,54.69408275627919,88.0
183,2025-03-23 20:00:00,95,3525,110,82,35,0,223,19,highway,1,0.99,54.520330421414776,82.5
199,2025-03-23 21:00:00,48,3158,77,48,35,0,44,19,city,0,0.03,54.53878236375245,82.5
108,2025-03-23 22:00:00,6,3703,80,28,40,0,84,18,highway,0,0.01,54.46628884974865,80.0
137,2025-03-23 23:00:00,109,1284,85,73,2,0,25,6,highway,0,0.0,54.75520657242914,89.0
147,2025-03-24 00:00:00,10,1775,108,28,4,0,220,16,city,0,0.0,54.66544112740444,98.0
159,2025-03-24 01:00:00,91,3799,116,85,0,1,293,3,highway,1,0.99,54.49229087167162,80.0
162,2025-03-24 02:00:00,53,3324,93,71,53,0,204,2,city,0,0.0,54.523171761941796,73.5
185,2025-03-24 03:00:00,104,3788,90,22,18,0,193,15,highway,0,0.0,54.49789291804067,81.0
101,2025-03-24 04:00:00,86,2074,92,34,32,0,2,11,city,0,0.0,54.66440318009888,84.0
187,2025-03-24 05:00:00,44,2151,118,98,41,0,202,19,city,0,0.02,54.63934066196519,79.5
171,2025-03-24 06:00:00,22,2554,107,51,53,0,32,18,highway,0,0.0,54.5890321983425,73.5
110,2025-03-24 07:00:00,113,2489,116,48,29,1,89,11,city,0,0.0,54.633162164042986,55.5
163,2025-03-24 08:00:00,27,3736,77,39,11,1,202,3,highway,0,0.02,54.47255092404199,74.5
176,2025-03-24 09:00:00,106,3981,76,14,9,0,178,4,city,0,0.01,54.47943641135187,85.5
180,2025-03-24 10:00:00,110,1442,71,90,33,0,193,6,city,0,0.0,54.73827170700842,73.5
171,2025-03-24 11:00:00,56,2476,99,27,15,0,160,12,highway,0,0.0,54.612170593128454,92.5
120,2025-03-24 12:00:00,25,3875,82,30,39,0,293,4,highway,0,0.0,54.456466495139395,80.5
117,2025-03-24 13:00:00,24,903,92,95,45,0,204,12,highway,0,0.0,54.75806573519571,77.5
193,2025-03-24 14:00:00,53,1776,98,59,28,1,241,4,city,0,0.0,54.681622799555385,66.0
163,2025-03-24 15:00:00,28,1673,107,15,14,0,115,2,highway,0,0.01,54.68263251154668,93.0
181,2025-03-24 16:00:00,82,3687,106,59,47,0,210,12,city,1,1.0,54.4981447870726,76.5
194,2025-03-24 17:00:00,96,2098,89,89,10,0,222,13,highway,0,0.0,54.666877526350206,95.0
137,2025-03-24 18:00:00,35,2565,102,75,43,0,182,16,highway,0,0.01,54.593542280305996,78.5
131,2025-03-24 19:00:00,13,3825,98,10,33,0,259,4,highway,0,0.0,54.456978654849,83.5
110,2025-03-24 20:00:00,77,1999,119,66,35,1,40,8,highway,0,0.0,54.66829417078979,62.5
144,2025-03-24 21:00:00,34,1754,84,39,29,1,60,5,highway,0,0.0,54.67619046731682,65.5
188,2025-03-24 22:00:00,29,1858,92,67,34,1,11,14,city,0,0.0,54.663401777004786,63.0
132,2025-03-24 23:00:00,91,3829,111,61,8,0,120,15,city,1,1.0,54.48891268011193,96.0
140,2025-03-25 00:00:00,16,804,72,46,17,0,42,11,highway,0,0.0,54.76606710048144,91.5
107,2025-03-25 01:00:00,66,952,106,57,18,1,190,10,highway,0,0.0,54.771050638305034,71.0
110,2025-03-25 02:00:00,79,994,98,96,38,0,123,10,highway,0,0.0,54.77118088177365,81.0
185,2025-03-25 03:00:00,109,3415,114,10,3,1,189,6,city,1,0.97,54.53844741450412,68.5
150,2025-03-25 04:00:00,29,1881,77,28,5,0,252,16,city,0,0.0,54.66224902146069,97.5
187,2025-03-25 05:00:00,115,1248,91,55,50,0,92,4,highway,0,0.0,54.75931326040628,65.0
140,2025-03-25 06:00:00,92,3378,98,76,32,0,213,9,city,0,0.0,54.534198190709695,84.0
116,2025-03-25 07:00:00,44,3838,71,11,31,0,202,10,city,0,0.0,54.46818535162112,84.5
175,2025-03-25 08:00:00,78,2477,110,65,15,0,268,5,highway,0,0.0,54.62090221888917,92.5
145,2025-03-25 09:00:00,109,998,118,26,10,0,155,10,city,0,0.0,54.783964921162166,85.0
131,2025-03-25 10:00:00,119,2448,119,91,21,1,195,16,city,0,0.02,54.64006812091265,59.5
178,2025-03-25 11:00:00,88,2543,114,88,35,0,28,11,city,0,0.0,54.61738716832491,82.5
179,2025-03-25 12:00:00,50,800,70,31,49,0,194,6,city,0,0.0,54.77881637559215,75.5
153,2025-03-25 13:00:00,101,3827,113,36,22,0,223,7,highway,1,0.98,54.49255852822794,79.0
185,2025-03-25 14:00:00,105,3079,89,64,25,0,107,12,city,0,0.01,54.570111905170705,77.5
191,2025-03-25 15:00:00,46,3583,90,41,59,0,149,13,city,0,0.01,54.49377595902176,70.5
119,2025-03-25 16:00:00,52,2474,106,69,30,0,135,17,city,0,0.01,54.610154328496954,85.0
132,2025-03-25 17:00:00,63,3140,77,92,28,0,95,9,highway,0,0.01,54.546921994276715,86.0
173,2025-03-25 18:00:00,117,1573,96,37,4,0,270,8,highway,0,0.0,54.72894617992077,88.0
139,2025-03-25 19:00:00,115,3128,116,37,53,0,126,16,highway,1,0.99,54.56799846492573,63.5
131,2025-03-25 20:00:00,37,791,104,83,37,0,12,3,highway,0,0.0,54.77500284682688,81.5
196,2025-03-25 21:00:00,63,1146,75,93,24,0,294,5,highway,0,0.0,54.749871258535364,88.0
101,2025-03-25 22:00:00,86,808,114,34,59,0,295,13,highway,0,0.02,54.79204825420272,70.5
196,2025-03-25 23:00:00,88,1016,113,94,33,0,4,18,highway,0,0.0,54.77276169398317,83.5
132,2025-03-26 00:00:00,105,3939,88,87,11,0,168,16,city,0,0.02,54.483224395409316,84.5
176,2025-03-26 01:00:00,6,2535,87,95,21,1,8,14,city,0,0.0,54.58584924003851,69.5
129,2025-03-26 02:00:00,21,2643,70,35,8,0,124,11,city,0,0.0,54.58142037425321,96.0
132,2025-03-26 03:00:00,80,2158,94,84,59,0,185,18,city,0,0.0,54.65234698429794,70.5
176,2025-03-26 04:00:00,81,1141,96,80,19,0,35,8,highway,0,0.0,54.757811546789185,90.5
125,2025-03-26 05:00:00,112,2965,76,26,28,0,73,12,city,0,0.0,54.58439334984062,76.0
121,2025-03-26 06:00:00,40,1945,113,91,43,0,13,19,city,0,0.0,54.658602559505674,78.5
165,2025-03-26 07:00:00,73,3420,111,16,28,1,39,2,highway,1,0.96,54.52246172595157,66.0
137,2025-03-26 08:00:00,9,2251,98,65,44,0,84,9,city,0,0.0,54.61499513547764,78.0
189,2025-03-26 09:00:00,56,977,100,73,26,0,21,9,highway,0,0.0,54.764165789182826,87.0
145,2025-03-26 10:00:00,6,3756,113,29,53,0,253,14,highway,1,0.97,54.460367072336794,73.5
114,2025-03-26 11:00:00,111,1268,112,47,54,1,258,15,city,0,0.0,54.75550961621519,43.0
197,2025-03-26 12:00:00,49,1709,105,84,16,1,30,11,city,0,0.0,54.687321382116295,72.0
143,2025-03-26 13:00:00,101,3622,88,67,4,0,128,13,highway,0,0.0,54.51414292218108,88.0
148,2025-03-26 14:00:00,90,3213,75,25,51,0,40,5,city,0,0.0,54.54939808811591,74.5
174,2025-03-26 15:00:00,51,1538,94,60,44,0,97,6,highway,0,0.0,54.704369364882155,78.0
160,2025-03-26 16:00:00,32,3501,100,36,12,0,224,5,city,0,0.0,54.498416600225184,94.0
166,2025-03-26 17:00:00,0,2307,78,60,41,0,92,1,city,0,0.0,54.605809140297396,79.5
105,2025-03-26 18:00:00,107,3585,89,84,14,0,280,18,city,0,0.01,54.51990576547367,83.0
108,2025-03-26 19:00:00,52,729,79,25,14,0,170,8,highway,0,0.0,54.78827169387343,93.0
105,2025-03-26 20:00:00,59,3106,106,96,17,1,284,17,highway,1,0.98,54.54922363895734,71.5
172,2025-03-26 21:00:00,33,2642,96,69,49,1,222,11,city,0,0.0,54.58466307099003,55.5
194,2025-03-26 22:00:00,3,2833,82,85,1,0,117,11,city,0,0.0,54.55515685350563,99.5
131,2025-03-26 23:00:00,16,1957,110,49,22,0,248,3,highway,0,0.0,54.64860487370909,89.0
140,2025-03-27 00:00:00,3,3494,71,76,42,0,89,8,highway,0,0.0,54.4862573557385,79.0
175,2025-03-27 01:00:00,42,3060,119,11,12,0,78,8,highway,1,0.98,54.54728052668185,94.0
107,2025-03-27 02:00:00,117,1064,90,57,42,1,74,3,highway,0,0.0,54.77915595988788,49.0
171,2025-03-27 03:00:00,89,2500,102,61,3,0,14,10,city,0,0.0,54.623470710027554,98.5
149,2025-03-27 04:00:00,3,2522,93,33,46,0,45,19,highway,0,0.01,54.584944099417264,77.0
191,2025-03-27 05:00:00,0,2562,113,93,53,0,38,14,highway,0,0.0,54.57938529137091,73.5
161,2025-03-27 06:00:00,70,1604,111,91,54,0,245,18,highway,0,0.0,54.70487701446726,73.0
183,2025-03-27 07:00:00,93,1397,103,87,24,0,62,3,highway,0,0.0,54.73639052391568,88.0
161,2025-03-27 08:00:00,49,2878,78,91,10,1,96,14,city,0,0.0,54.56868196325828,75.0
106,2025-03-27 09:00:00,72,3550,71,11,49,0,252,11,city,0,0.0,54.50798044038863,75.5
174,2025-03-27 10:00:00,60,3536,99,74,47,0,61,10,city,0,0.0,54.50466784815969,76.5
183,2025-03-27 11:00:00,34,2555,91,29,41,1,269,14,highway,0,0.0,54.594239558264306,59.5
179,2025-03-27 12:00:00,7,1050,115,43,11,1,119,1,highway,0,0.0,54.737681222281935,74.5
103,2025-03-27 13:00:00,23,879,80,50,12,0,87,16,city,0,0.0,54.761454893913246,94.0
105,2025-03-27 14:00:00,82,2203,112,50,8,0,83,6,city,0,0.01,54.65065985313052,96.0
157,2025-03-27 15:00:00,35,1886,86,84,58,0,80,18,highway,0,0.0,54.66198156116393,71.0
121,2025-03-27 16:00:00,49,2506,105,32,52,0,228,16,highway,0,0.0,54.60479550214266,74.0
125,2025-03-27 17:00:00,115,3867,82,47,44,0,111,19,city,0,0.01,54.493211868686075,68.0
102,2025-03-27 18:00:00,42,1473,76,53,37,0,71,16,highway,0,0.0,54.707652444187545,81.5
140,2025-03-27 19:00:00,26,1209,85,76,5,0,25,5,city,0,0.0,54.72938547440165,97.5
159,2025-03-27 20:00:00,31,1064,102,71,42,0,279,12,highway,0,0.01,54.74462569462057,79.0
113,2025-03-27 21:00:00,77,3728,114,21,50,0,202,6,city,1,0.98,54.49184487878418,75.0
174,2025-03-27 22:00:00,17,1052,70,39,58,0,225,2,highway,0,0.0,54.739570355214376,71.0
181,2025-03-27 23:00:00,27,3547,80,96,42,0,267,16,highway,0,0.0,54.49050371948347,79.0
111,2025-03-28 00:00:00,28,1806,75,74,9,0,283,11,highway,0,0.0,54.669311223077116,95.5
186,2025-03-28 01:00:00,15,1948,89,50,22,0,117,12,city,0,0.0,54.64911864020755,89.0
111,2025-03-28 02:00:00,98,1111,104,29,14,0,67,11,highway,0,0.01,54.767892768138566,93.0
112,2025-03-28 03:00:00,46,1434,113,15,44,1,47,19,highway,0,0.0,54.71293837420125,58.0
124,2025-03-28 04:00:00,58,3728,106,84,22,0,241,8,highway,1,0.99,54.48536148891384,89.0
144,2025-03-28 05:00:00,30,817,110,13,39,0,178,18,city,0,0.0,54.76946628457218,80.5
118,2025-03-28 06:00:00,3,1181,95,19,36,0,8,5,highway,0,0.0,54.72173006757437,82.0
154,2025-03-28 07:00:00,36,891,81,60,33,0,183,12,city,0,0.0,54.76459516797766,83.5
199,2025-03-28 08:00:00,16,3338,99,47,15,0,77,10,highway,0,0.01,54.50844640421327,92.5
144,2025-03-28 09:00:00,38,3337,97,10,44,0,67,15,city,0,0.0,54.51619512935939,78.0
107,2025-03-28 10:00:00,47,3406,96,17,50,1,148,5,city,0,0.0,54.51254616517849,55.0
192,2025-03-28 11:00:00,45,806,111,90,40,0,173,17,highway,0,0.0,54.77656677552008,80.0
152,2025-03-28 12:00:00,89,1081,88,92,46,0,35,4,city,0,0.0,54.7660210563359,77.0
154,2025-03-28 13:00:00,47,1482,74,72,31,0,77,12,highway,0,0.0,54.70899017718133,84.5
131,2025-03-28 14:00:00,38,3137,74,42,37,0,280,18,highway,0,0.01,54.53682105923951,81.5
150,2025-03-28 15:00:00,104,943,110,24,39,0,185,8,highway,0,0.0,54.78636443633841,70.5
143,2025-03-28 16:00:00,3,3332,96,40,55,0,55,17,highway,0,0.01,54.502200629475176,72.5
181,2025-03-28 17:00:00,29,3616,97,30,45,1,94,8,city,0,0.01,54.484166872637,57.5
169,2025-03-28 18:00:00,29,1167,95,12,4,1,144,13,city,0,0.0,54.73490223763004,78.0
117,2025-03-28 19:00:00,21,1565,96,75,16,0,247,3,city,0,0.0,54.6907234695427,92.0
182,2025-03-28 20:00:00,74,3681,118,44,21,0,200,3,city,1,0.98,54.49660643296516,89.5
121,2025-03-28 21:00:00,65,2261,111,50,38,0,236,7,city,0,0.0,54.63670842089205,81.0
136,2025-03-28 22:00:00,107,1933,90,68,40,0,220,18,highway,0,0.0,54.686847140506316,70.0
195,2025-03-28 23:00:00,11,1303,70,25,47,0,216,7,highway,0,0.0,54.712085065459334,76.5
155,2025-03-29 00:00:00,93,2360,97,65,17,0,49,2,city,0,0.0,54.63874178176909,91.5
158,2025-03-29 01:00:00,35,3762,117,54,27,1,285,7,city,1,0.98,54.47246438764072,66.5
102,2025-03-29 02:00:00,17,1796,84,68,12,0,118,2,highway,0,0.0,54.665788820042486,94.0
127,2025-03-29 03:00:00,89,2715,86,59,49,0,82,7,city,0,0.0,54.59972394728577,75.5
173,2025-03-29 04:00:00,52,2358,95,94,41,0,263,14,city,0,0.0,54.62150131181449,79.5
134,2025-03-29 05:00:00,70,2433,89,21,0,0,77,15,city,0,0.0,54.62277841093841,100.0
160,2025-03-29 06:00:00,0,2313,94,21,52,0,211,16,city,0,0.0,54.604748978312045,74.0
192,2025-03-29 07:00:00,57,1559,82,42,49,0,122,8,highway,0,0.0,54.70443826312909,75.5
153,2025-03-29 08:00:00,89,3957,102,93,18,0,90,16,highway,1,0.99,54.47468325017264,91.0
162,2025-03-29 09:00:00,86,2579,94,58,33,0,258,7,city,0,0.0,54.61300482760414,83.5
178,2025-03-29 10:00:00,89,1976,77,30,58,0,161,11,highway,0,0.0,54.67451054352542,71.0
196,2025-03-29 11:00:00,108,712,74,69,3,0,176,4,city,0,0.0,54.81293535678928,88.5
106,2025-03-29 12:00:00,5,3046,75,61,42,0,293,18,highway,0,0.01,54.532621049882124,79.0
175,2025-03-29 13:00:00,69,1799,92,63,2,0,89,13,city,0,0.0,54.686771559088555,99.0
148,2025-03-29 14:00:00,43,1774,99,48,40,0,127,17,highway,0,0.0,54.677320166970716,80.0
193,2025-03-29 15:00:00,71,1486,83,58,9,0,286,12,highway,0,0.0,54.71911968765278,95.5
184,2025-03-29 16:00:00,23,848,92,73,27,0,297,18,highway,0,0.0,54.76399392758863,86.5
130,2025-03-29 17:00:00,85,2454,80,95,33,0,260,10,city,0,0.0,54.62531555193158,83.5
157,2025-03-29 18:00:00,18,2869,100,35,38,0,244,7,highway,0,0.0,54.556004898718946,81.0
160,2025-03-29 19:00:00,100,3982,75,80,46,0,111,12,highway,0,0.0,54.475412074535726,77.0
123,2025-03-29 20:00:00,17,2003,80,16,58,1,24,12,city,0,0.0,54.642855640599244,51.0
119,2025-03-29 21:00:00,94,3285,82,81,18,0,50,13,city,0,0.0,54.545031820812895,91.0
136,2025-03-29 22:00:00,100,1879,81,71,41,0,37,1,city,0,0.0,54.68948731801089,79.5
103,2025-03-29 23:00:00,29,3123,71,99,55,0,181,7,city,0,0.07,54.53389487567247,72.5
191,2025-03-30 00:00:00,41,781,104,97,51,0,253,16,city,0,0.0,54.77705318996698,74.5
119,2025-03-30 01:00:00,32,1191,105,33,45,0,25,16,highway,0,0.0,54.7319888541472,77.5
159,2025-03-30 02:00:00,73,3103,86,49,35,1,125,16,city,0,0.0,54.55441361674025,62.5
123,2025-03-30 03:00:00,100,2725,97,85,56,0,31,16,city,0,0.0,54.602837282582726,72.0
149,2025-03-30 04:00:00,11,1624,97,56,42,1,237,14,highway,0,0.0,54.67964456947385,59.0
148,2025-03-30 05:00:00,117,1996,91,17,2,0,227,11,city,0,0.0,54.68600977655747,89.0
150,2025-03-30 06:00:00,93,2303,107,63,22,0,38,19,city,0,0.0,54.64433402890243,89.0
195,2025-03-30 07:00:00,26,3815,76,18,16,0,58,11,highway,0,0.01,54.46391074038756,92.0
135,2025-03-30 08:00:00,38,3752,84,12,6,0,236,2,highway,0,0.01,54.47554495315024,97.0
197,2025-03-30 09:00:00,8,2296,101,63,25,0,181,7,city,0,0.01,54.61079444341245,87.5
199,2025-03-30 10:00:00,117,822,80,30,42,0,114,9,city,0,0.0,54.80376685466902,69.0
165,2025-03-30 11:00:00,20,1407,93,57,17,0,132,9,highway,0,0.0,54.70634931820288,91.5
178,2025-03-30 12:00:00,75,3077,72,56,59,0,180,14,city,0,0.01,54.55687902931496,70.5
133,2025-03-30 13:00:00,118,1690,99,97,45,0,78,10,highway,0,0.0,54.71577186116746,67.5
135,2025-03-30 14:00:00,28,3070,75,77,45,0,220,16,highway,0,0.0,54.53929241805062,77.5
105,2025-03-30 15:00:00,32,3882,71,93,5,0,142,18,highway,0,0.02,54.4599560430481,97.5
138,2025-03-30 16:00:00,106,3517,83,72,30,0,43,1,city,0,0.0,54.525765200418675,75.0
141,2025-03-30 17:00:00,61,2740,110,25,28,0,118,2,city,0,0.0,54.586798129779396,86.0
157,2025-03-30 18:00:00,116,3860,87,83,8,0,59,4,city,0,0.0,54.49579791264031,86.0
111,2025-03-30 19:00:00,14,3180,113,99,53,0,61,2,highway,1,0.9,54.522157187531676,73.5
102,2025-03-30 20:00:00,1,1409,100,14,34,0,41,4,city,0,0.02,54.69782172768841,83.0
117,2025-03-30 21:00:00,51,1493,82,20,16,0,274,6,city,0,0.0,54.71009116060196,92.0
139,2025-03-30 22:00:00,102,1411,95,38,59,1,188,4,highway,0,0.0,54.73714864847309,40.5
120,2025-03-30 23:00:00,116,3870,113,88,11,0,187,18,city,1,0.99,54.49465821319583,84.5
114,2025-03-31 00:00:00,43,3286,81,79,35,0,228,5,city,0,0.0,54.523757457413595,82.5
196,2025-03-31 01:00:00,53,3348,87,57,51,1,164,11,highway,0,0.0,54.52081282559368,54.5
198,2025-03-31 02:00:00,17,3917,78,24,47,0,286,13,highway,0,0.04,54.44865581093259,76.5
125,2025-03-31 03:00:00,2,2417,118,93,23,0,102,3,highway,0,0.0,54.596161721294955,88.5
107,2025-03-31 04:00:00,6,956,90,43,9,1,267,19,city,0,0.0,54.746921124875016,75.5
199,2025-03-31 05:00:00,42,1912,117,69,57,1,124,11,city,0,0.02,54.66218892520428,51.5
193,2025-03-31 06:00:00,81,1570,118,71,29,0,153,11,city,0,0.01,54.71377407466678,85.5
186,2025-03-31 07:00:00,107,3646,109,11,28,0,179,2,highway,1,0.98,54.513129497989496,76.0
141,2025-03-31 08:00:00,37,2431,112,89,38,0,66,15,city,0,0.0,54.608177363850366,81.0
143,2025-03-31 09:00:00,36,1508,93,28,9,1,99,8,city,0,0.0,54.70282931864739,75.5
113,2025-03-31 10:00:00,57,3424,103,58,38,0,24,2,city,1,0.95,54.515221631166064,81.0
177,2025-03-31 11:00:00,32,970,77,87,54,0,249,8,highway,0,0.0,54.754095931805736,73.0
101,2025-03-31 12:00:00,107,2243,113,97,27,0,165,15,city,0,0.0,54.65585257574647,76.5
136,2025-03-31 13:00:00,58,1249,102,37,17,1,94,16,highway,0,0.01,54.73767514742085,71.5
168,2025-03-31 14:00:00,94,1837,92,57,40,1,124,13,city,0,0.0,54.691390448827576,60.0
137,2025-03-31 15:00:00,10,1267,82,46,53,0,156,17,highway,0,0.0,54.7150992349478,73.5
140,2025-03-31 16:00:00,67,3733,118,83,49,0,249,14,highway,1,0.98,54.48736214887224,75.5
161,2025-03-31 17:00:00,81,1058,83,58,16,0,271,14,city,0,0.0,54.76637519383294,92.0
159,2025-03-31 18:00:00,67,2373,83,57,10,0,58,1,city,0,0.0,54.62726667380264,95.0
113,2025-03-31 19:00:00,112,2337,85,82,0,0,195,1,highway,0,0.01,54.64940502844226,90.0
188,2025-03-31 20:00:00,97,2057,118,97,16,0,201,3,highway,0,0.01,54.671203214825084,92.0
183,2025-03-31 21:00:00,92,2412,107,38,35,1,72,15,city,0,0.0,54.63231565368831,62.5
101,2025-03-31 22:00:00,87,3940,108,69,35,1,247,5,highway,1,0.99,54.474913670103206,62.5
169,2025-03-31 23:00:00,21,2062,95,38,45,0,98,5,highway,0,0.0,54.638993310681045,77.5
116,2025-04-01 00:00:00,65,1497,95,67,59,1,81,4,highway,0,0.0,54.71354658365448,50.5
188,2025-04-01 01:00:00,43,1984,70,57,8,0,65,14,city,0,0.0,54.657272622144305,96.0
127,2025-04-01 02:00:00,5,1586,101,32,44,0,5,7,highway,0,0.0,54.68101818831997,78.0
165,2025-04-01 03:00:00,41,2458,84,36,59,1,284,15,city,0,0.0,54.606178536818305,50.5
134,2025-04-01 04:00:00,24,1922,90,16,27,0,294,11,city,0,0.0,54.655171884470704,86.5
104,2025-04-01 05:00:00,118,2958,87,58,47,0,81,14,city,0,0.0,54.58673709479975,66.5
164,2025-04-01 06:00:00,56,986,99,63,32,0,87,6,highway,0,0.0,54.76300506732936,84.0
139,2025-04-01 07:00:00,84,2415,82,77,2,0,293,10,highway,0,0.0,54.63014836578636,99.0
175,2025-04-01 08:00:00,54,2485,93,87,50,0,281,7,highway,0,0.0,54.609020545410935,75.0
155,2025-04-01 09:00:00,15,1442,99,51,7,0,197,10,city,0,0.0,54.70119138544734,96.5
135,2025-04-01 10:00:00,94,2205,71,83,49,0,252,14,city,0,0.0,54.65359745613038,75.5
144,2025-04-01 11:00:00,13,2740,88,68,5,0,83,5,city,0,0.0,54.56846627938031,97.5
122,2025-04-01 12:00:00,38,1746,116,53,58,0,27,1,city,0,0.01,54.67742381302579,71.0
146,2025-04-01 13:00:00,27,3880,113,35,51,0,182,19,city,1,0.91,54.456270153717426,74.5
130,2025-04-01 14:00:00,95,995,116,32,57,0,135,8,city,0,0.01,54.77672619055834,71.5
110,2025-04-01 15:00:00,91,2753,94,82,5,1,90,19,city,0,0.0,54.598462354088205,77.5
109,2025-04-01 16:00:00,50,3297,119,17,28,1,206,17,city,1,0.99,54.525735730781335,66.0
166,2025-04-01 17:00:00,118,1380,83,62,36,1,27,19,highway,0,0.0,54.74766637495017,52.0
113,2025-04-01 18:00:00,48,2591,75,23,11,1,59,16,highway,0,0.0,54.59742684260758,74.5
179,2025-04-01 19:00:00,8,1494,81,80,8,0,72,4,highway,0,0.0,54.69305158424612,96.0
173,2025-04-01 20:00:00,57,902,89,16,40,0,227,8,highway,0,0.0,54.77162195248641,80.0
192,2025-04-01 21:00:00,44,1024,92,18,48,0,91,4,city,0,0.0,54.753667861732055,76.0
109,2025-04-01 22:00:00,21,3572,99,12,18,0,68,13,highway,0,0.01,54.48653394597143,91.0
175,2025-04-01 23:00:00,31,2991,99,87,16,0,260,7,city,0,0.0,54.54971739370026,92.0
193,2025-04-02 00:00:00,68,1026,107,26,53,0,146,1,highway,0,0.0,54.76289628513644,73.5
100,2025-04-02 01:00:00,86,1686,99,53,47,1,63,9,city,0,0.0,54.70324836847206,56.5
104,2025-04-02 02:00:00,68,3818,110,95,43,0,180,4,highway,1,0.98,54.47936478168016,78.5
119,2025-04-02 03:00:00,41,1460,99,55,31,1,111,14,highway,0,0.0,54.70881844297788,64.5
107,2025-04-02 04:00:00,52,1736,105,99,34,0,191,9,highway,0,0.0,54.68504376069312,83.0
142,2025-04-02 05:00:00,95,1606,118,67,13,0,246,3,city,0,0.0,54.716388664177316,93.5
175,2025-04-02 06:00:00,58,2103,103,37,48,1,278,15,highway,0,0.0,54.64955702031387,56.0
100,2025-04-02 07:00:00,73,1064,85,23,53,0,297,5,highway,0,0.0,54.76103933803038,73.5
156,2025-04-02 08:00:00,38,1944,93,18,15,0,123,1,highway,0,0.0,54.65904661765864,92.5
163,2025-04-02 09:00:00,14,2820,83,35,20,0,57,11,highway,0,0.0,54.56011835950073,90.0
183,2025-04-02 10:00:00,70,2348,95,11,11,1,160,19,highway,0,0.0,54.630972758974075,74.5
127,2025-04-02 11:00:00,28,1769,77,84,59,0,127,5,city,0,0.0,54.67102870714458,70.5
136,2025-04-02 12:00:00,110,973,83,90,23,0,225,17,city,0,0.0,54.78637709562358,78.5
146,2025-04-02 13:00:00,2,2955,100,43,33,0,95,19,highway,0,0.0,54.5410391767298,83.5
175,2025-04-02 14:00:00,82,2652,71,28,7,0,6,17,city,0,0.0,54.60503839727317,96.5
136,2025-04-02 15:00:00,9,2584,117,48,43,0,265,5,highway,0,0.0,54.58117063744926,78.5
148,2025-04-02 16:00:00,91,823,73,91,20,1,234,9,highway,0,0.0,54.79412572325689,70.0
143,2025-04-02 17:00:00,28,3781,70,22,47,0,288,6,highway,0,0.01,54.46690338884446,76.5
155,2025-04-02 18:00:00,78,2052,89,14,7,1,16,13,highway,0,0.0,54.664451085814775,76.5
127,2025-04-02 19:00:00,34,3958,83,59,27,0,140,11,city,0,0.0,54.45213008211383,86.5
178,2025-04-02 20:00:00,5,3290,109,32,15,0,297,1,highway,1,0.96,54.50891124216805,92.5
105,2025-04-02 21:00:00,11,2391,94,97,9,1,195,17,highway,0,0.01,54.60299219425967,75.5
160,2025-04-02 22:00:00,110,2807,94,38,51,0,186,6,city,0,0.0,54.59871773476553,64.5
119,2025-04-02 23:00:00,37,3646,72,81,14,0,125,3,highway,0,0.01,54.485596162953485,93.0
177,2025-04-03 00:00:00,76,3633,74,35,3,1,17,16,highway,0,0.0,54.50302728410907,78.5
101,2025-04-03 01:00:00,92,3529,107,88,25,0,26,13,city,1,0.98,54.51912815336593,87.5
172,2025-04-03 02:00:00,18,1141,95,66,14,1,213,12,city,0,0.0,54.73272065377615,73.0
136,2025-04-03 03:00:00,66,1940,109,10,35,0,1,11,highway,0,0.02,54.66987768578008,82.5
119,2025-04-03 04:00:00,7,1610,107,37,31,0,291,2,highway,0,0.01,54.6799122559081,84.5
125,2025-04-03 05:00:00,7,1725,107,71,42,1,265,19,highway,0,0.02,54.66776702148002,59.0
128,2025-04-03 06:00:00,118,2259,73,56,37,0,38,8,city,0,0.0,54.65823300324822,71.5
100,2025-04-03 07:00:00,83,2441,76,87,3,0,233,13,highway,0,0.0,54.6270617985799,98.5
134,2025-04-03 08:00:00,46,3579,99,68,40,0,260,14,highway,0,0.0,54.4949599793726,80.0
169,2025-04-03 09:00:00,3,3755,99,40,8,0,261,15,highway,0,0.1,54.46110503093138,96.0
158,2025-04-03 10:00:00,50,2434,88,79,34,0,238,17,highway,0,0.0,54.61325558846981,83.0
168,2025-04-03 11:00:00,84,1325,108,58,54,0,106,15,city,0,0.0,54.73887193797794,73.0
132,2025-04-03 12:00:00,66,2390,104,14,27,0,247,10,city,0,0.0,54.62444087942678,86.5
150,2025-04-03 13:00:00,44,3936,109,40,36,0,38,1,highway,1,0.98,54.45801442234506,82.0
177,2025-04-03 14:00:00,7,1697,102,46,46,0,46,12,city,0,0.01,54.67045093592987,77.0
111,2025-04-03 15:00:00,86,3481,102,88,59,0,210,9,highway,1,0.97,54.520209734574706,70.5
119,2025-04-03 16:00:00,15,790,83,24,8,0,93,5,city,0,0.0,54.76745751750539,96.0
152,2025-04-03 17:00:00,76,2914,107,61,1,0,220,15,city,0,0.02,54.57622989661379,99.5
187,2025-04-03 18:00:00,66,3706,79,78,2,1,256,3,city,0,0.01,54.491629096159464,79.0
142,2025-04-03 19:00:00,111,906,97,20,57,0,137,19,highway,0,0.0,54.792201540153286,61.5
197,2025-04-03 20:00:00,8,1788,83,52,52,0,231,7,highway,0,0.0,54.661352499978676,74.0
188,2025-04-03 21:00:00,59,2611,105,79,43,0,202,7,city,0,0.0,54.59850052943719,78.5
149,2025-04-03 22:00:00,77,1215,107,32,47,0,66,7,highway,0,0.0,54.747534452762494,76.5
128,2025-04-03 23:00:00,76,1880,85,49,4,0,38,2,city,0,0.0,54.68126281763008,98.0
156,2025-04-04 00:00:00,116,2492,90,72,9,1,155,2,highway,0,0.0,54.634879749918596,65.5
138,2025-04-04 01:00:00,70,3494,97,11,27,0,105,12,city,0,0.01,54.51377244307652,86.5
194,2025-04-04 02:00:00,14,3053,102,88,14,0,255,5,city,1,0.94,54.53666818657305,93.0
155,2025-04-04 03:00:00,70,2601,75,96,13,0,16,4,highway,0,0.0,54.605161373609896,93.5
142,2025-04-04 04:00:00,101,2705,110,95,45,0,79,7,highway,0,0.0,54.605722730052946,67.5
149,2025-04-04 05:00:00,97,1094,84,82,22,0,13,16,city,0,0.0,54.768892863745435,89.0
122,2025-04-04 06:00:00,40,1797,113,56,12,0,102,3,highway,0,0.0,54.67492196051561,94.0
143,2025-04-04 07:00:00,21,886,72,39,15,1,152,2,city,0,0.0,54.75981725878089,72.5
137,2025-04-04 08:00:00,23,2297,112,25,29,0,178,17,city,0,0.0,54.61655183909123,85.5
183,2025-04-04 09:00:00,112,2291,116,68,39,0,87,9,highway,0,0.0,54.65248776823203,70.5
122,2025-04-04 10:00:00,100,3370,104,56,7,0,88,8,highway,1,1.0,54.5392465610517,96.5
144,2025-04-04 11:00:00,43,1429,83,39,16,0,29,12,highway,0,0.0,54.71338770929108,92.0
151,2025-04-04 12:00:00,0,939,71,18,29,0,100,7,highway,0,0.0,54.74542276563464,85.5
179,2025-04-04 13:00:00,9,3280,98,74,16,1,115,14,city,0,0.0,54.51149337336711,72.0
149,2025-04-04 14:00:00,106,840,73,68,34,0,210,16,city,0,0.0,54.7978468846009,73.0
107,2025-04-04 15:00:00,79,838,95,73,0,0,74,1,city,0,0.0,54.78860021349851,100.0
184,2025-04-04 16:00:00,109,3206,81,17,48,0,135,10,highway,0,0.0,54.55786147335924,66.0
100,2025-04-04 17:00:00,71,769,71,61,57,0,269,11,highway,0,0.0,54.790073565644526,71.5
107,2025-04-04 18:00:00,55,1084,86,27,23,0,78,7,city,0,0.0,54.753005318173614,88.5
128,2025-04-04 19:00:00,112,1329,104,91,47,1,125,18,highway,0,0.0,54.74999390569253,46.5
195,2025-04-04 20:00:00,88,2945,79,67,48,0,38,19,highway,0,0.0,54.57597281951381,76.0
104,2025-04-04 21:00:00,49,904,117,58,24,0,269,14,highway,0,0.01,54.76886094734275,88.0
185,2025-04-04 22:00:00,11,2449,91,41,1,0,106,17,city,0,0.0,54.597420969535314,99.5
146,2025-04-04 23:00:00,88,1267,110,57,24,0,44,19,city,0,0.0,54.747603678955066,88.0
133,2025-04-05 00:00:00,80,1681,112,54,13,0,225,13,highway,0,0.0,54.70273860006725,93.5
164,2025-04-05 01:00:00,59,1504,90,63,38,0,242,3,city,0,0.0,54.71128465224288,81.0
154,2025-04-05 02:00:00,25,2410,84,94,56,0,153,2,city,0,0.0,54.60475852153233,72.0
189,2025-04-05 03:00:00,109,3606,104,55,50,0,24,9,city,1,1.0,54.517100494884204,65.0
142,2025-04-05 04:00:00,111,1581,117,40,32,0,124,7,city,0,0.0,54.724578118682295,74.0
173,2025-04-05 05:00:00,77,2735,90,46,16,0,285,14,city,0,0.0,54.59422173602476,92.0
129,2025-04-05 06:00:00,40,1673,90,25,58,0,261,5,highway,0,0.0,54.68565079004988,71.0
181,2025-04-05 07:00:00,35,1339,90,55,30,0,146,15,city,0,0.0,54.71875570886775,85.0
116,2025-04-05 08:00:00,22,2154,113,55,9,0,191,1,highway,0,0.01,54.63151126131573,95.5
125,2025-04-05 09:00:00,42,1024,101,87,5,0,165,7,highway,0,0.0,54.754623823579195,97.5
107,2025-04-05 10:00:00,5,1141,74,97,38,1,71,5,city,0,0.0,54.726519199944406,61.0
146,2025-04-05 11:00:00,110,1503,108,98,24,0,201,4,city,0,0.0,54.73243629532087,78.0
175,2025-04-05 12:00:00,68,3035,78,70,37,0,12,11,city,0,0.01,54.55923968766834,81.5
190,2025-04-05 13:00:00,42,925,87,55,36,0,52,19,city,0,0.0,54.76342380691199,82.0
171,2025-04-05 14:00:00,24,1787,90,60,29,0,256,6,highway,0,0.0,54.6688192890862,85.5
188,2025-04-05 15:00:00,17,1666,77,71,33,0,9,18,highway,0,0.01,54.67815050639483,83.5
145,2025-04-05 16:00:00,61,3685,113,44,17,0,140,5,highway,1,1.0,54.49114357714961,91.5
167,2025-04-05 17:00:00,12,1259,103,90,23,0,100,15,city,0,0.0,54.717943050884166,88.5
132,2025-04-05 18:00:00,42,1413,79,51,48,0,137,6,highway,0,0.0,54.713304344415235,76.0
100,2025-04-05 19:00:00,77,1197,110,54,55,0,22,4,highway,0,0.01,54.7490377609941,72.5
118,2025-04-05 20:00:00,27,3596,93,77,26,0,145,17,city,0,0.0,54.48617503016011,87.0
130,2025-04-05 21:00:00,17,3673,109,84,57,0,161,15,city,1,0.97,54.4730610338007,71.5
179,2025-04-05 22:00:00,58,2807,93,56,26,0,249,18,city,0,0.0,54.578861639064336,87.0
113,2025-04-05 23:00:00,59,956,101,88,54,0,175,6,highway,0,0.0,54.76636059981329,73.0
152,2025-04-06 00:00:00,62,1276,102,39,38,0,88,19,city,0,0.01,54.735676320388784,81.0
147,2025-04-06 01:00:00,56,2986,107,33,20,0,33,12,highway,0,0.0,54.56010012397706,90.0
168,2025-04-06 02:00:00,91,737,113,75,18,0,271,9,city,0,0.0,54.802953557263834,91.0
189,2025-04-06 03:00:00,50,2772,118,52,38,1,283,8,highway,0,0.0,54.57871806701101,61.0
161,2025-04-06 04:00:00,55,1109,103,43,22,0,226,15,highway,0,0.0,54.75050377713941,89.0
191,2025-04-06 05:00:00,26,1160,80,32,38,0,112,1,city,0,0.0,54.73301874857098,81.0
165,2025-04-06 06:00:00,31,3735,100,70,47,1,82,2,highway,0,0.02,54.47278603694835,56.5
163,2025-04-06 07:00:00,110,2140,87,46,43,0,213,3,city,0,0.0,54.66687749647227,68.5
169,2025-04-06 08:00:00,8,3104,92,22,46,0,8,19,city,0,0.01,54.5277634880098,77.0
162,2025-04-06 09:00:00,103,1082,91,80,14,1,134,10,city,0,0.0,54.77284958115786,63.0
172,2025-04-06 10:00:00,95,2532,112,16,42,0,118,14,highway,0,0.0,54.62103010093092,79.0
132,2025-04-06 11:00:00,83,3929,87,51,1,0,84,19,highway,0,0.05,54.475817118597135,99.5
140,2025-04-06 12:00:00,91,1268,109,47,34,0,258,11,highway,0,0.0,54.74829745744231,83.0
188,2025-04-06 13:00:00,96,1771,116,61,50,0,243,6,city,0,0.0,54.69849647272777,75.0
147,2025-04-06 14:00:00,67,1132,110,53,19,0,237,19,highway,0,0.01,54.753105622026304,90.5
112,2025-04-06 15:00:00,45,755,116,73,27,0,150,14,highway,0,0.0,54.7822851571073,86.5
172,2025-04-06 16:00:00,97,3324,108,22,56,0,21,8,city,1,0.96,54.540715688966564,72.0
176,2025-04-06 17:00:00,111,3015,89,97,57,0,134,2,city,0,0.04,54.57772064307304,61.5
130,2025-04-06 18:00:00,66,2816,82,37,14,1,96,18,city,0,0.0,54.58164935683796,73.0
174,2025-04-06 19:00:00,25,2451,114,91,15,1,13,4,city,0,0.02,54.60226608485169,72.5
167,2025-04-06 20:00:00,7,2747,70,10,32,1,1,3,city,0,0.0,54.56424082282792,64.0
197,2025-04-06 21:00:00,5,1601,73,52,46,0,150,2,city,0,0.0,54.679410906087654,77.0
103,2025-04-06 22:00:00,79,2324,93,51,11,0,117,4,city,0,0.0,54.637027141281415,94.5
118,2025-04-06 23:00:00,23,3540,105,59,38,0,152,18,highway,1,1.0,54.489773173115125,81.0
169,2025-04-07 00:00:00,47,956,105,69,38,0,64,11,city,0,0.0,54.762196931644624,81.0
197,2025-04-07 01:00:00,102,1371,114,10,42,0,150,9,city,0,0.01,54.741911980119866,69.0
181,2025-04-07 02:00:00,93,1189,71,60,19,1,12,8,city,0,0.0,54.75774822354681,70.5
112,2025-04-07 03:00:00,44,3493,97,25,28,0,90,8,city,0,0.0,54.503393851692394,86.0
122,2025-04-07 04:00:00,12,2796,95,48,42,0,83,5,city,0,0.0,54.560856130948686,79.0
182,2025-04-07 05:00:00,68,2382,92,24,48,0,250,13,highway,0,0.0,54.62519844990105,76.0
174,2025-04-07 06:00:00,24,1015,84,42,2,0,33,7,city,0,0.0,54.74843456028797,99.0
100,2025-04-07 07:00:00,19,3160,105,96,47,1,149,5,highway,1,0.94,54.5264441599827,56.5
187,2025-04-07 08:00:00,117,1133,96,62,4,0,128,13,highway,0,0.0,54.77369326134102,88.0
153,2025-04-07 09:00:00,81,1725,75,26,59,0,100,16,city,0,0.0,54.696783695044374,70.5
170,2025-04-07 10:00:00,110,2675,104,98,1,1,212,14,city,0,0.01,54.614187197879936,69.5
188,2025-04-07 11:00:00,81,3916,108,15,22,0,74,5,city,1,0.95,54.475477119783356,89.0
184,2025-04-07 12:00:00,65,2679,107,40,25,0,96,19,highway,0,0.0,54.59473048160178,87.5
114,2025-04-07 13:00:00,73,2089,104,78,25,0,92,4,city,0,0.0,54.65794436756913,87.5
164,2025-04-07 14:00:00,118,1119,105,49,6,0,175,11,highway,0,0.0,54.77543673327836,87.0
175,2025-04-07 15:00:00,44,2296,79,39,59,0,225,2,highway,0,0.0,54.623858142751175,70.5
170,2025-04-07 16:00:00,113,2284,99,78,9,0,175,13,city,0,0.0,54.654828371543665,85.5
114,2025-04-07 17:00:00,46,1543,110,85,4,0,56,16,city,0,0.0,54.703489572709174,98.0
120,2025-04-07 18:00:00,62,2167,107,16,46,0,269,9,highway,0,0.0,54.64473622632265,77.0
118,2025-04-07 19:00:00,75,3663,98,22,11,0,35,16,highway,0,0.03,54.49924757783697,94.5
159,2025-04-07 20:00:00,110,1133,112,13,31,0,119,7,city,0,0.0,54.76977817546245,74.5
192,2025-04-07 21:00:00,76,3390,108,59,41,1,56,16,city,1,0.98,54.526185419399404,59.5
188,2025-04-07 22:00:00,113,2278,119,12,30,1,105,13,highway,0,0.0,54.65457951676848,55.0
132,2025-04-07 23:00:00,110,2804,73,21,21,0,176,5,highway,0,0.0,54.60025003171548,79.5
148,2025-04-08 00:00:00,54,1663,74,74,16,1,106,15,city,0,0.0,54.69400705964501,72.0
195,2025-04-08 01:00:00,74,1676,73,36,19,0,80,7,highway,0,0.0,54.70059256071178,90.5
134,2025-04-08 02:00:00,18,3949,105,59,19,0,163,18,city,1,0.97,54.44694838211627,90.5
143,2025-04-08 03:00:00,34,745,114,86,42,0,267,2,city,0,0.0,54.77827187278748,79.0
189,2025-04-08 04:00:00,102,1893,85,26,7,0,51,8,city,0,0.0,54.69025740697131,86.5
110,2025-04-08 05:00:00,52,1116,94,81,46,0,279,10,highway,0,0.0,54.74760558504555,77.0
198,2025-04-08 06:00:00,25,1547,83,41,33,0,75,10,highway,0,0.0,54.693464675660046,83.5
171,2025-04-08 07:00:00,109,2886,80,93,48,0,127,11,highway,0,0.0,54.59040480530124,66.0
177,2025-04-08 08:00:00,13,946,98,60,22,0,246,8,city,0,0.0,54.750216918926114,89.0
173,2025-04-08 09:00:00,117,3919,103,26,37,0,234,16,city,1,0.99,54.48901295408669,71.5
165,2025-04-08 10:00:00,44,929,91,43,52,1,155,16,city,0,0.0,54.76316553630727,54.0
145,2025-04-08 11:00:00,43,1491,83,44,27,0,73,17,highway,0,0.0,54.706632464215886,86.5
108,2025-04-08 12:00:00,87,1336,93,33,12,0,137,6,city,0,0.0,54.74067588957786,94.0
102,2025-04-08 13:00:00,104,3121,108,63,28,0,274,18,city,1,0.97,54.56531635781961,76.0
184,2025-04-08 14:00:00,64,3851,95,27,7,0,44,17,city,0,0.01,54.475875335579595,96.5
125,2025-04-08 15:00:00,50,1437,112,59,10,0,247,12,highway,0,0.0,54.715630169622,95.0
171,2025-04-08 16:00:00,42,1788,105,55,46,0,149,15,highway,0,0.0,54.67524944084324,77.0
147,2025-04-08 17:00:00,118,787,108,57,44,0,56,7,highway,0,0.0,54.80764598276505,68.0
165,2025-04-08 18:00:00,85,3859,85,42,17,1,176,14,highway,0,0.01,54.483084493504,71.5
169,2025-04-08 19:00:00,22,1412,107,96,49,0,257,4,highway,0,0.01,54.70533484130558,75.5
127,2025-04-08 20:00:00,55,2449,101,98,24,0,63,17,highway,0,0.0,54.614146761084754,88.0
192,2025-04-08 21:00:00,117,1927,75,36,48,0,63,11,highway,0,0.0,54.6911452209142,66.0
125,2025-04-08 22:00:00,18,2636,103,10,21,0,294,6,city,0,0.0,54.58039592744325,89.5
124,2025-04-08 23:00:00,81,2105,77,94,44,0,29,10,city,0,0.0,54.658752089969745,78.0
111,2025-04-09 00:00:00,75,1300,99,68,34,1,40,15,city,0,0.0,54.738618888849544,63.0
104,2025-04-09 01:00:00,54,2199,96,19,28,0,147,6,city,0,0.0,54.63900609735696,86.0
197,2025-04-09 02:00:00,91,3286,76,34,20,0,88,16,highway,0,0.01,54.54364376521581,90.0
147,2025-04-09 03:00:00,91,913,96,93,55,0,56,12,highway,0,0.0,54.78354117406637,72.5
136,2025-04-09 04:00:00,59,2821,94,66,6,0,193,19,city,0,0.01,54.578657518479616,97.0
178,2025-04-09 05:00:00,58,2808,115,75,11,1,100,16,city,0,0.0,54.57937354275852,74.5
143,2025-04-09 06:00:00,32,1397,110,24,35,0,215,14,highway,0,0.0,54.711448151947195,82.5
199,2025-04-09 07:00:00,18,1942,84,37,23,0,141,6,highway,0,0.0,54.650892465044926,88.5
114,2025-04-09 08:00:00,27,2759,94,22,31,0,49,9,highway,0,0.0,54.571091648902076,84.5
142,2025-04-09 09:00:00,51,3561,91,23,26,0,115,1,city,0,0.0,54.49937081018913,87.0
147,2025-04-09 10:00:00,48,2779,87,75,31,0,229,8,highway,0,0.0,54.57748949961633,84.5
186,2025-04-09 11:00:00,36,1883,81,43,58,0,252,7,city,0,0.0,54.6626881696133,71.0
169,2025-04-09 12:00:00,25,1700,92,34,31,0,75,14,highway,0,0.0,54.67798670862281,84.5
145,2025-04-09 13:00:00,98,936,114,63,31,0,191,8,highway,0,0.0,54.78499448764031,84.5
142,2025-04-09 14:00:00,97,1904,108,88,25,0,199,11,city,0,0.0,54.686394834445956,87.5
120,2025-04-09 15:00:00,98,3305,94,21,10,0,163,9,highway,0,0.0,54.544931175606294,95.0
122,2025-04-09 16:00:00,39,2181,79,18,45,0,139,19,city,0,0.0,54.634118523938504,77.5
179,2025-04-09 17:00:00,79,1803,99,40,17,0,49,7,highway,0,0.0,54.689766312956884,91.5
146,2025-04-09 18:00:00,37,1346,79,87,38,1,115,6,highway,0,0.0,54.718519598716206,61.0
114,2025-04-09 19:00:00,76,3734,103,62,4,0,168,18,city,1,0.96,54.49271488819112,98.0
124,2025-04-09 20:00:00,86,3567,115,52,15,0,277,5,highway,1,1.0,54.51326361216102,92.5
135,2025-04-09 21:00:00,53,1172,82,47,10,1,47,19,highway,0,0.0,54.7437846605237,75.0
174,2025-04-09 22:00:00,21,811,98,51,53,0,259,11,highway,0,0.0,54.765890144801666,73.5
150,2025-04-09 23:00:00,15,2545,107,81,34,0,216,5,highway,0,0.0,54.587914105268055,83.0
114,2025-04-10 00:00:00,27,2354,110,57,47,0,230,9,highway,0,0.0,54.611624795010904,76.5
167,2025-04-10 01:00:00,111,1082,114,76,10,0,127,8,highway,0,0.0,54.77622532595221,85.0
120,2025-04-10 02:00:00,34,716,78,75,41,0,225,11,highway,0,0.0,54.781262019018484,79.5
112,2025-04-10 03:00:00,59,1192,82,25,22,1,150,6,highway,0,0.0,54.743668909266596,69.0
185,2025-04-10 04:00:00,44,3673,106,92,54,0,287,15,highway,1,0.97,54.48402465135709,73.0
118,2025-04-10 05:00:00,45,2596,83,25,33,1,46,6,city,0,0.0,54.59481385988589,63.5
133,2025-04-10 06:00:00,71,2209,106,40,47,0,14,11,highway,0,0.0,54.644037639643194,76.5
177,2025-04-10 07:00:00,107,816,78,67,16,0,121,15,highway,0,0.0,54.80142547113676,82.0
167,2025-04-10 08:00:00,54,2278,77,37,9,1,191,12,highway,0,0.0,54.631749190985346,75.5
151,2025-04-10 09:00:00,118,1579,108,13,17,0,166,9,city,0,0.01,54.7282057191003,81.5
126,2025-04-10 10:00:00,85,2862,109,19,43,0,117,10,city,0,0.0,54.583413735967866,78.5
128,2025-04-10 11:00:00,84,2518,72,60,7,0,124,15,city,0,0.0,54.6194689469487,96.5
127,2025-04-10 12:00:00,25,2272,116,27,58,0,54,17,city,0,0.01,54.618711019884785,71.0
134,2025-04-10 13:00:00,103,3561,109,56,25,0,271,16,city,1,0.99,54.52029048200825,77.5
107,2025-04-10 14:00:00,84,2348,102,41,2,0,199,8,city,0,0.0,54.63696212591172,99.0
115,2025-04-10 15:00:00,24,1343,101,39,58,0,216,17,highway,0,0.02,54.712786865716495,71.0
135,2025-04-10 16:00:00,104,2059,76,45,51,0,113,11,city,0,0.0,54.67237868490549,64.5
129,2025-04-10 17:00:00,64,1035,88,18,23,1,16,11,highway,0,0.0,54.76160214828892,68.5
117,2025-04-10 18:00:00,5,3669,103,45,2,0,216,6,highway,1,1.0,54.47089952145821,99.0
101,2025-04-10 19:00:00,22,846,83,38,37,0,135,2,highway,0,0.0,54.763386740963185,81.5
148,2025-04-10 20:00:00,114,821,119,25,1,0,43,1,city,0,0.0,54.804341186168536,89.5
176,2025-04-10 21:00:00,63,780,116,30,34,0,252,6,highway,0,0.0,54.78668362670636,83.0
103,2025-04-10 22:00:00,86,3432,115,73,16,0,284,5,highway,1,0.99,54.526951923550286,92.0
189,2025-04-10 23:00:00,42,3409,88,75,8,0,98,9,city,0,0.0,54.51195158237768,96.0
188,2025-04-11 00:00:00,106,3122,95,68,35,1,60,5,city,0,0.01,54.56573134191575,52.5
193,2025-04-11 01:00:00,22,2810,86,37,21,0,230,18,highway,0,0.0,54.56430654954943,89.5
174,2025-04-11 02:00:00,95,1203,97,64,30,0,131,19,city,0,0.0,54.75667750768774,85.0
106,2025-04-11 03:00:00,29,1367,88,40,54,0,159,15,city,0,0.0,54.712517316477964,73.0
194,2025-04-11 04:00:00,76,3196,96,42,33,0,84,15,highway,0,0.01,54.546242068579375,83.5
173,2025-04-11 05:00:00,106,3615,117,96,23,0,208,9,highway,1,0.99,54.516085152427806,78.5
138,2025-04-11 06:00:00,17,2144,88,69,59,0,174,14,highway,0,0.0,54.628475328188536,70.5
112,2025-04-11 07:00:00,86,2045,102,50,8,1,288,5,highway,0,0.03,54.66833418212652,76.0
130,2025-04-11 08:00:00,78,3427,76,90,45,0,81,17,highway,0,0.0,54.52306199897336,77.5
170,2025-04-11 09:00:00,96,1889,98,55,57,0,18,15,highway,0,0.0,54.68620977165779,71.5
162,2025-04-11 10:00:00,20,2320,112,58,42,0,196,17,highway,0,0.0,54.6124764549117,79.0
155,2025-04-11 11:00:00,56,2680,74,74,1,0,291,9,highway,0,0.0,54.59199691384816,99.5
141,2025-04-11 12:00:00,102,2372,99,51,20,0,279,13,city,0,0.0,54.64101231891166,80.0
160,2025-04-11 13:00:00,22,3208,118,32,33,0,254,13,city,1,0.98,54.52333989916137,83.5
141,2025-04-11 14:00:00,90,1158,112,36,26,0,142,5,city,0,0.0,54.7594099672751,87.0
155,2025-04-11 15:00:00,44,1912,77,98,36,0,165,14,city,0,0.0,54.6638509968782,82.0
135,2025-04-11 16:00:00,43,1163,111,41,6,0,5,7,city,0,0.01,54.740848421705536,97.0
183,2025-04-11 17:00:00,81,1611,81,92,21,0,251,5,highway,0,0.0,54.70993171445184,89.5
167,2025-04-11 18:00:00,87,3126,111,97,3,0,150,12,city,1,0.97,54.5590047874912,98.5
106,2025-04-11 19:00:00,114,1725,82,12,13,1,28,3,city,0,0.0,54.71191539214719,63.5
153,2025-04-11 20:00:00,46,3111,95,69,33,0,237,9,highway,0,0.0,54.542840949754144,83.5
100,2025-04-11 21:00:00,39,771,87,85,22,0,132,10,city,0,0.0,54.77845343610458,89.0
143,2025-04-11 22:00:00,50,2150,111,88,43,0,285,1,highway,0,0.0,54.64176963460444,78.5
144,2025-04-11 23:00:00,41,3385,118,26,41,0,293,14,city,1,0.92,54.512640894026624,79.5
146,2025-04-12 00:00:00,6,1893,89,41,24,0,163,1,city,0,0.01,54.65101657942585,88.0
112,2025-04-12 01:00:00,49,3976,85,16,0,0,227,10,highway,0,0.0,54.457426723269954,100.0
121,2025-04-12 02:00:00,47,2548,106,92,50,0,130,11,city,0,0.0,54.59980297394798,75.0
120,2025-04-12 03:00:00,83,3084,72,80,54,0,58,2,city,0,0.0,54.55958379549685,73.0
185,2025-04-12 04:00:00,90,2722,96,78,47,0,146,2,city,0,0.0,54.599495390159476,76.5
191,2025-04-12 05:00:00,5,2942,84,67,14,0,122,11,highway,0,0.0,54.54434302242874,93.0
108,2025-04-12 06:00:00,90,1711,103,49,31,1,192,8,highway,0,0.0,54.702966487893995,64.5
125,2025-04-12 07:00:00,8,1352,114,94,13,1,245,3,highway,0,0.01,54.70728815392655,73.5
108,2025-04-12 08:00:00,116,1998,91,57,40,0,103,9,highway,0,0.0,54.683850408617296,70.0
114,2025-04-12 09:00:00,108,706,109,60,20,0,250,16,highway,0,0.0,54.812850129109165,80.0
109,2025-04-12 10:00:00,56,1604,92,66,54,0,22,16,city,0,0.0,54.699255808493504,73.0
187,2025-04-12 11:00:00,30,3726,118,80,46,1,60,10,city,1,0.98,54.473340710220576,57.0
141,2025-04-12 12:00:00,20,2728,73,46,57,1,238,6,highway,0,0.0,54.57037010507915,51.5
171,2025-04-12 13:00:00,89,3313,110,96,6,0,134,11,highway,1,1.0,54.54066758699111,97.0
123,2025-04-12 14:00:00,39,1315,92,84,35,0,262,8,city,0,0.0,54.72259798374421,82.5
179,2025-04-12 15:00:00,111,2573,116,83,20,1,42,1,highway,0,0.0,54.624184670947294,60.0
148,2025-04-12 16:00:00,44,3320,78,94,49,0,74,6,city,0,0.0,54.52012854827444,75.5
125,2025-04-12 17:00:00,76,3346,93,64,39,0,297,8,highway,0,0.01,54.53074194108896,80.5
190,2025-04-12 18:00:00,48,1469,90,50,11,0,22,14,highway,0,0.0,54.71153190022922,94.5
136,2025-04-12 19:00:00,86,3949,110,29,14,0,220,3,city,1,0.99,54.47445591642902,93.0
167,2025-04-12 20:00:00,19,2989,115,42,14,0,79,2,city,0,0.01,54.545184426523505,93.0
149,2025-04-12 21:00:00,100,3974,85,49,16,0,235,1,highway,0,0.01,54.477452861047276,92.0
123,2025-04-12 22:00:00,117,2266,94,43,33,0,157,11,highway,0,0.0,54.657283230244644,73.5
118,2025-04-12 23:00:00,116,2185,95,71,43,1,114,6,city,0,0.0,54.66471017869239,48.5
199,2025-04-13 00:00:00,91,3851,118,28,34,0,290,8,city,1,0.98,54.48561174992299,83.0
159,2025-04-13 01:00:00,16,2140,114,52,38,0,96,7,highway,0,0.0,54.62933964737449,81.0
138,2025-04-13 02:00:00,27,1465,78,78,37,0,130,6,city,0,0.0,54.702443306799935,81.5
173,2025-04-13 03:00:00,40,1083,84,72,13,0,109,18,highway,0,0.0,54.74749336313744,93.5
188,2025-04-13 04:00:00,65,3138,108,19,54,1,75,12,highway,1,0.98,54.546864843408244,53.0
117,2025-04-13 05:00:00,24,3643,102,22,58,1,275,8,highway,1,0.97,54.47888166738337,51.0
118,2025-04-13 06:00:00,57,1387,70,14,4,0,20,19,highway,0,0.0,54.72377110886742,98.0
135,2025-04-13 07:00:00,113,1849,74,67,29,0,161,5,highway,0,0.0,54.69824882792699,75.5
173,2025-04-13 08:00:00,40,746,78,68,3,0,209,19,highway,0,0.01,54.78217462732652,98.5
196,2025-04-13 09:00:00,5,2672,113,85,14,0,94,9,highway,0,0.0,54.5718014587548,93.0
154,2025-04-13 10:00:00,74,3366,75,68,38,0,82,12,city,0,0.0,54.52794586019153,81.0
168,2025-04-13 11:00:00,37,1163,97,86,34,0,104,15,city,0,0.0,54.73729394376561,83.0
146,2025-04-13 12:00:00,5,2572,114,95,44,1,237,13,highway,0,0.02,54.58074404677368,58.0
148,2025-04-13 13:00:00,44,822,95,24,9,0,260,13,city,0,0.0,54.77580620419734,95.5
198,2025-04-13 14:00:00,74,2881,97,86,54,0,160,5,highway,0,0.0,54.57661483928586,73.0
197,2025-04-13 15:00:00,13,2342,109,10,1,0,61,2,highway,0,0.0,54.60910567557824,99.5
132,2025-04-13 16:00:00,65,1540,84,47,43,0,38,19,city,0,0.0,54.709828081805036,78.5
120,2025-04-13 17:00:00,39,2285,75,62,59,0,118,8,city,0,0.0,54.62296924622463,70.5
180,2025-04-13 18:00:00,2,3596,96,61,23,0,168,14,highway,0,0.0,54.476259882671144,88.5
121,2025-04-13 19:00:00,118,3354,107,10,27,1,69,6,city,1,0.97,54.54728285699686,56.5
147,2025-04-13 20:00:00,116,2503,73,20,21,0,83,7,highway,0,0.0,54.633270191597894,79.5
136,2025-04-13 21:00:00,98,722,80,67,43,0,235,14,city,0,0.0,54.806266959591326,78.5
114,2025-04-13 22:00:00,96,1265,90,49,31,0,42,6,highway,0,0.0,54.75073284506262,84.5
134,2025-04-13 23:00:00,23,2609,99,95,30,0,99,16,highway,0,0.0,54.58478118367401,85.0
191,2025-04-14 00:00:00,18,3513,87,69,18,0,130,4,highway,0,0.0,54.49132957866101,91.0
170,2025-04-14 01:00:00,17,1664,104,53,50,0,28,7,city,0,0.0,54.67765848706543,75.0
131,2025-04-14 02:00:00,63,2982,72,15,20,0,233,16,highway,0,0.0,54.56331751861321,90.0
110,2025-04-14 03:00:00,112,1695,81,37,2,0,229,4,highway,0,0.0,54.714613274603366,89.0
109,2025-04-14 04:00:00,115,3830,96,40,5,1,117,7,city,0,0.02,54.498570055618764,67.5
172,2025-04-14 05:00:00,87,1887,99,17,31,0,107,2,city,0,0.0,54.683863111188664,84.5
177,2025-04-14 06:00:00,108,2494,90,14,1,0,295,8,highway,0,0.0,54.6317914905848,89.5
176,2025-04-14 07:00:00,34,1525,107,63,23,0,160,10,city,0,0.0,54.699724729880415,88.5
156,2025-04-14 08:00:00,61,915,90,26,44,0,4,2,highway,0,0.0,54.77174231138085,78.0
124,2025-04-14 09:00:00,0,3954,107,47,58,0,149,6,highway,1,0.97,54.43761726355438,71.0
101,2025-04-14 10:00:00,99,1356,109,18,59,0,234,4,highway,0,0.0,54.741537489513384,70.5
163,2025-04-14 11:00:00,24,3682,84,83,26,0,254,1,city,0,0.01,54.47622446556347,87.0
134,2025-04-14 12:00:00,44,1813,87,93,8,1,248,6,city,0,0.0,54.675064479863224,76.0
106,2025-04-14 13:00:00,48,2687,98,87,12,0,70,12,city,0,0.0,54.587622936251215,94.0
184,2025-04-14 14:00:00,106,1010,117,23,54,0,203,14,highway,0,0.0,54.779740104031376,63.0
117,2025-04-14 15:00:00,97,1256,107,35,13,0,148,15,highway,0,0.0,54.7527859629137,93.5
166,2025-04-14 16:00:00,88,3719,90,71,50,0,221,18,highway,0,0.0,54.497176821831566,75.0
141,2025-04-14 17:00:00,15,3004,86,34,10,0,186,17,city,0,0.0,54.542216526084154,95.0
138,2025-04-14 18:00:00,97,3280,110,89,13,1,48,9,city,1,1.0,54.546949388380554,73.5
140,2025-04-14 19:00:00,92,2256,87,45,15,0,263,15,highway,0,0.0,54.648998663485365,92.5
174,2025-04-14 20:00:00,18,751,106,89,9,0,296,18,city,0,0.0,54.77258737344929,95.5
123,2025-04-14 21:00:00,22,2061,107,42,19,0,292,18,city,0,0.0,54.64056009942371,90.5
159,2025-04-14 22:00:00,82,1894,81,12,15,0,172,5,city,0,0.0,54.681798160620644,92.5
145,2025-04-14 23:00:00,24,3838,80,96,59,0,31,16,city,0,0.02,54.45900966770745,70.5
118,2025-04-15 00:00:00,15,2348,117,20,57,0,170,9,highway,0,0.01,54.60700773819822,71.5
167,2025-04-15 01:00:00,53,3047,118,67,33,0,44,3,highway,1,0.96,54.55216021912942,83.5
189,2025-04-15 02:00:00,114,1371,89,73,56,0,43,12,highway,0,0.0,54.74615746183606,62.0
141,2025-04-15 03:00:00,72,1477,78,27,15,0,134,14,city,0,0.0,54.72019104293346,92.5
131,2025-04-15 04:00:00,0,1531,70,56,13,0,219,1,city,0,0.0,54.68587210992221,93.5
138,2025-04-15 05:00:00,41,2979,72,53,52,1,86,9,city,0,0.0,54.5534802719166,54.0
135,2025-04-15 06:00:00,18,3722,90,68,27,0,251,9,highway,0,0.0,54.46970655402249,86.5
196,2025-04-15 07:00:00,96,2560,92,59,17,0,265,13,city,0,0.0,54.619606743442574,91.5
135,2025-04-15 08:00:00,33,3839,78,78,25,0,11,8,highway,0,0.0,54.46391243251489,87.5
102,2025-04-15 09:00:00,79,2229,88,97,37,0,80,11,highway,0,0.0,54.64562486683377,81.5
172,2025-04-15 10:00:00,107,2775,114,38,6,0,109,14,highway,0,0.0,54.60260832864199,87.0
107,2025-04-15 11:00:00,103,2672,115,99,44,0,118,16,city,0,0.01,54.60992269735805,68.0
196,2025-04-15 12:00:00,54,1774,88,76,33,0,252,11,highway,0,0.0,54.682023176223595,83.5
169,2025-04-15 13:00:00,17,2416,92,11,46,0,18,19,highway,0,0.0,54.6013452840968,77.0
140,2025-04-15 14:00:00,33,1983,96,34,48,1,256,10,city,0,0.0,54.651722901981856,56.0
167,2025-04-15 15:00:00,88,1290,96,28,44,0,245,8,highway,0,0.0,54.744446491496404,78.0
112,2025-04-15 16:00:00,44,3532,108,49,6,1,153,11,city,1,0.97,54.50032758213483,77.0
148,2025-04-15 17:00:00,5,3367,105,11,32,0,97,8,highway,1,0.94,54.50038508776547,84.0
159,2025-04-15 18:00:00,20,2686,81,92,34,0,186,10,city,0,0.0,54.57558227319317,83.0
101,2025-04-15 19:00:00,69,3333,96,74,51,1,30,17,highway,0,0.05,54.52876252967703,54.5
159,2025-04-15 20:00:00,95,1701,115,71,49,0,115,11,highway,0,0.0,54.70525471865144,75.5
104,2025-04-15 21:00:00,104,2931,103,63,38,0,241,12,highway,0,0.0,54.58422989342251,71.0
143,2025-04-15 22:00:00,47,1746,102,54,20,0,257,10,city,0,0.0,54.68259190284061,90.0
126,2025-04-15 23:00:00,106,2876,97,58,48,0,113,17,city,0,0.0,54.590217240287195,66.0
131,2025-04-16 00:00:00,38,3038,100,78,27,0,29,3,city,0,0.0,54.547298220296724,86.5
120,2025-04-16 01:00:00,30,2555,101,47,31,0,226,7,highway,0,0.0,54.59304256715233,84.5
107,2025-04-16 02:00:00,105,1200,119,13,43,1,244,3,city,0,0.0,54.76046596048984,48.5
171,2025-04-16 03:00:00,9,2933,89,26,15,0,19,17,city,0,0.0,54.54682345571548,92.5
149,2025-04-16 04:00:00,29,1178,109,62,55,0,112,8,city,0,0.0,54.731697315132436,72.5
166,2025-04-16 05:00:00,115,2294,104,94,9,0,212,19,city,0,0.02,54.654614421845295,85.5
143,2025-04-16 06:00:00,17,3239,100,62,22,0,233,14,highway,0,0.02,54.518629664828865,89.0
157,2025-04-16 07:00:00,59,1212,100,40,47,0,159,5,highway,0,0.0,54.74061228167606,76.5
102,2025-04-16 08:00:00,87,3838,107,31,51,1,60,19,highway,1,0.99,54.484632348779456,54.5
185,2025-04-16 09:00:00,115,3214,91,20,49,0,93,13,highway,0,0.0,54.55941607156139,65.5
169,2025-04-16 10:00:00,72,3032,114,43,14,0,248,18,highway,1,0.99,54.56209169605157,93.0
101,2025-04-16 11:00:00,94,1300,110,24,54,1,158,11,highway,0,0.01,54.745429532910016,53.0
186,2025-04-16 12:00:00,14,2140,78,19,42,1,141,12,city,0,0.0,54.62837299085461,59.0
143,2025-04-16 13:00:00,3,1823,78,62,49,0,220,8,highway,0,0.0,54.65590821980677,75.5
101,2025-04-16 14:00:00,62,888,84,57,5,0,89,12,city,0,0.0,54.77648503390276,97.5
180,2025-04-16 15:00:00,39,1688,82,40,32,0,155,1,highway,0,0.0,54.684787382770615,84.0
134,2025-04-16 16:00:00,8,3637,91,46,54,1,233,18,city,0,0.03,54.47323124655378,53.0
197,2025-04-16 17:00:00,108,2581,85,37,38,0,193,2,highway,0,0.0,54.621430221583715,71.0
186,2025-04-16 18:00:00,8,1087,101,40,11,0,99,12,highway,0,0.0,54.73431991423855,94.5
129,2025-04-16 19:00:00,25,2988,71,79,51,0,113,19,highway,0,0.0,54.546181662080926,74.5
107,2025-04-16 20:00:00,3,2505,95,23,35,0,107,7,highway,0,0.0,54.587122938438114,82.5
121,2025-04-16 21:00:00,80,2733,83,96,30,1,24,7,city,0,0.0,54.595056981153895,65.0
143,2025-04-16 22:00:00,15,2454,107,25,9,0,281,1,city,0,0.0,54.59819128463323,95.5
157,2025-04-16 23:00:00,14,3164,103,34,52,1,204,18,highway,1,0.99,54.52382526090254,54.0
135,2025-04-17 00:00:00,98,2923,77,48,33,0,11,8,highway,0,0.0,54.582838922315425,83.5
168,2025-04-17 01:00:00,51,1086,105,75,40,1,205,10,city,0,0.0,54.7505004483453,60.0
176,2025-04-17 02:00:00,68,2194,90,47,9,0,25,1,highway,0,0.0,54.64591302159387,95.5
192,2025-04-17 03:00:00,118,1552,115,50,51,0,140,15,highway,0,0.0,54.729560732424844,64.5
130,2025-04-17 04:00:00,4,3410,112,49,10,1,123,15,city,1,0.99,54.49651051184622,75.0
146,2025-04-17 05:00:00,19,1151,97,73,56,0,11,4,city,0,0.0,54.73038710486717,72.0
154,2025-04-17 06:00:00,78,3024,115,98,13,0,266,10,city,1,0.99,54.56535527439835,93.5
179,2025-04-17 07:00:00,17,3942,113,25,2,0,81,8,city,1,0.97,54.44795416794412,99.0
161,2025-04-17 08:00:00,110,2458,117,91,56,0,109,14,highway,0,0.0,54.63400577229594,62.0
129,2025-04-17 09:00:00,1,912,75,86,32,1,208,13,highway,0,0.0,54.74844740365836,64.0
154,2025-04-17 10:00:00,92,740,89,68,6,0,244,17,highway,0,0.0,54.80354085952449,97.0
115,2025-04-17 11:00:00,12,1845,100,20,3,0,276,7,highway,0,0.0,54.65916620974071,98.5
111,2025-04-17 12:00:00,3,3998,102,10,38,0,261,6,city,1,0.94,54.43516523502492,81.0
116,2025-04-17 13:00:00,41,3041,113,22,47,0,297,9,highway,1,0.91,54.54737953522167,76.5
115,2025-04-17 14:00:00,108,1299,76,39,9,0,63,8,highway,0,0.0,54.75299324161558,85.5
111,2025-04-17 15:00:00,73,2724,77,78,14,0,184,14,city,0,0.0,54.593816167758156,93.0
107,2025-04-17 16:00:00,60,3288,78,27,15,0,32,3,highway,0,0.0,54.53119794717527,92.5
183,2025-04-17 17:00:00,94,2730,71,87,37,1,283,13,city,0,0.0,54.60069693344823,61.5
102,2025-04-17 18:00:00,104,2482,86,22,3,0,7,9,city,0,0.0,54.63132399313545,88.5
115,2025-04-17 19:00:00,7,2551,114,41,3,0,174,9,city,0,0.0,54.58535991008162,98.5
129,2025-04-17 20:00:00,66,3198,106,80,55,0,146,11,city,1,0.99,54.54112357660776,72.5
122,2025-04-17 21:00:00,111,2479,111,81,54,0,252,6,city,0,0.0,54.63235344439719,63.0
191,2025-04-17 22:00:00,62,3832,113,59,35,0,166,12,highway,1,0.98,54.47585917682336,82.5
104,2025-04-17 23:00:00,109,3918,86,80,26,0,103,4,highway,0,0.0,54.48635250881115,77.0
183,2025-04-18 00:00:00,8,3537,107,89,21,0,193,4,highway,1,0.98,54.48475096131995,89.5
164,2025-04-18 01:00:00,93,3081,104,40,21,1,17,17,city,1,0.99,54.56525395989221,69.5
129,2025-04-18 02:00:00,116,2604,116,60,16,0,90,7,city,0,0.0,54.62320323632253,82.0
120,2025-04-18 03:00:00,10,3638,108,36,44,0,86,6,highway,1,0.98,54.474341645803946,78.0
183,2025-04-18 04:00:00,98,3913,99,69,33,1,103,8,city,0,0.0,54.48215798911986,63.5
169,2025-04-18 05:00:00,100,2791,75,42,31,0,82,7,city,0,0.0,54.59714788971385,84.5
121,2025-04-18 06:00:00,41,843,73,62,51,1,126,8,city,0,0.0,54.77074791940321,54.5
181,2025-04-18 07:00:00,12,1032,106,81,5,0,38,9,highway,0,0.0,54.74176479890832,97.5
171,2025-04-18 08:00:00,35,1697,104,42,53,0,213,1,city,0,0.0,54.68140700046101,73.5
131,2025-04-18 09:00:00,119,2119,78,50,32,0,225,3,city,0,0.0,54.67307675955409,74.0
132,2025-04-18 10:00:00,12,754,75,28,7,0,222,18,city,0,0.0,54.769955004985405,96.5
115,2025-04-18 11:00:00,11,2030,82,94,49,0,247,19,highway,0,0.0,54.638068869656074,75.5
175,2025-04-18 12:00:00,36,3617,91,50,52,0,136,11,city,0,0.0,54.48658943029518,74.0
137,2025-04-18 13:00:00,73,2146,97,94,35,0,286,16,highway,0,0.0,54.65173851882929,82.5
197,2025-04-18 14:00:00,119,2140,99,98,4,0,231,18,city,0,0.01,54.67208649306086,88.0
113,2025-04-18 15:00:00,72,3544,105,51,4,0,9,6,city,1,0.96,54.51043143268203,98.0
135,2025-04-18 16:00:00,51,3072,71,32,46,1,225,2,highway,0,0.02,54.54828295383766,57.0
196,2025-04-18 17:00:00,70,2433,105,84,9,1,107,4,highway,0,0.0,54.62241024997451,75.5
122,2025-04-18 18:00:00,1,2394,77,42,39,0,187,5,highway,0,0.0,54.59744475018561,80.5
165,2025-04-18 19:00:00,117,779,114,29,57,1,221,14,city,0,0.0,54.807526263292225,41.5
184,2025-04-18 20:00:00,55,3802,111,34,6,0,95,1,highway,1,0.99,54.47728580764528,97.0
101,2025-04-18 21:00:00,59,1684,119,99,11,0,195,14,highway,0,0.03,54.6940835109172,94.5
190,2025-04-18 22:00:00,22,3883,78,61,29,0,242,13,highway,0,0.0,54.45485743544128,85.5
172,2025-04-18 23:00:00,102,3305,70,21,24,0,230,16,city,0,0.0,54.545964539623206,78.0
164,2025-04-19 00:00:00,39,1564,82,41,27,1,5,4,highway,0,0.0,54.697602457766976,66.5
174,2025-04-19 01:00:00,63,3464,119,42,42,0,4,6,city,1,0.97,54.51339917585271,79.0
166,2025-04-19 02:00:00,102,2287,84,83,12,0,264,9,city,0,0.0,54.64998389564889,84.0
151,2025-04-19 03:00:00,84,1171,101,77,46,0,253,1,city,0,0.01,54.75486067066516,77.0
161,2025-04-19 04:00:00,22,2821,103,24,48,0,163,17,highway,0,0.01,54.562083389622224,76.0
122,2025-04-19 05:00:00,28,2276,112,60,21,0,141,4,highway,0,0.0,54.62102232300211,89.5
125,2025-04-19 06:00:00,77,2202,100,15,53,0,296,6,highway,0,0.0,54.646913172661286,73.5
167,2025-04-19 07:00:00,89,1288,83,78,17,0,19,16,highway,0,0.0,54.74615588492515,91.5
181,2025-04-19 08:00:00,50,2110,116,78,26,0,82,7,city,0,0.0,54.64653296625122,87.0
154,2025-04-19 09:00:00,68,2605,83,91,7,0,4,5,highway,0,0.0,54.6041969931784,96.5
105,2025-04-19 10:00:00,118,1263,117,44,5,0,128,9,highway,0,0.0,54.76083314067823,87.5
134,2025-04-19 11:00:00,94,1166,98,95,10,0,187,19,city,0,0.01,54.760856951206456,95.0
121,2025-04-19 12:00:00,88,1298,116,43,28,0,146,1,highway,0,0.0,54.74428741657812,86.0
142,2025-04-19 13:00:00,30,2344,88,72,57,1,152,8,city,0,0.0,54.61343725053366,51.5
114,2025-04-19 14:00:00,49,1691,96,77,40,0,93,4,city,0,0.0,54.688170181967635,80.0
185,2025-04-19 15:00:00,19,2632,78,27,57,0,31,17,highway,0,0.0,54.57973158994934,71.5
159,2025-04-19 16:00:00,107,3484,106,35,4,0,28,1,city,1,0.99,54.53058632235553,88.0
111,2025-04-19 17:00:00,54,3741,106,95,6,0,137,2,city,1,0.97,54.48308786558432,97.0
148,2025-04-19 18:00:00,80,2995,112,70,21,0,90,14,city,0,0.0,54.568780289090284,89.5
141,2025-04-19 19:00:00,108,2304,97,87,58,0,49,2,highway,0,0.0,54.648782407820676,61.0
137,2025-04-19 20:00:00,1,3891,93,83,46,0,258,1,highway,0,0.03,54.444916628028075,77.0
181,2025-04-19 21:00:00,24,766,97,97,52,0,6,13,highway,0,0.0,54.77171200176701,74.0
144,2025-04-19 22:00:00,12,3320,105,94,53,0,29,8,city,1,0.96,54.50711645038223,73.5
134,2025-04-19 23:00:00,102,3450,87,57,3,0,156,9,highway,0,0.0,54.53207738458609,88.5
129,2025-04-20 00:00:00,91,1169,94,81,31,1,263,2,highway,0,0.0,54.758488271083166,64.5
187,2025-04-20 01:00:00,105,3240,104,40,18,1,34,17,city,1,0.99,54.55402488870376,61.0
129,2025-04-20 02:00:00,118,2424,73,43,44,0,237,6,highway,0,0.0,54.64116650029926,68.0
177,2025-04-20 03:00:00,69,3410,83,96,32,0,138,3,highway,0,0.01,54.52170901913005,84.0
105,2025-04-20 04:00:00,66,3033,108,98,0,1,57,17,city,1,0.92,54.56015360469752,80.0
166,2025-04-20 05:00:00,57,2331,95,16,53,1,175,6,highway,0,0.0,54.62576384772395,53.5
179,2025-04-20 06:00:00,98,3059,77,92,45,1,214,8,city,0,0.0,54.56851712495488,57.5
106,2025-04-20 07:00:00,81,3056,93,16,40,0,27,14,highway,0,0.03,54.56220100244968,80.0
151,2025-04-20 08:00:00,74,1474,85,56,55,0,295,10,highway,0,0.0,54.71966289514457,72.5
113,2025-04-20 09:00:00,117,3868,89,17,43,1,119,10,highway,0,0.0,54.493954106972346,48.5
172,2025-04-20 10:00:00,83,3712,84,87,49,1,147,15,city,0,0.0,54.495922040429505,55.5
114,2025-04-20 11:00:00,63,1836,76,10,40,0,265,8,highway,0,0.0,54.67904519065517,80.0
120,2025-04-20 12:00:00,68,2711,86,86,7,1,258,11,highway,0,0.0,54.593417014472614,76.5
134,2025-04-20 13:00:00,82,3203,91,12,31,0,189,16,city,0,0.01,54.54802108501514,84.5
165,2025-04-20 14:00:00,85,2186,91,62,29,0,231,3,highway,0,0.0,54.65273421952807,85.5
190,2025-04-20 15:00:00,58,831,81,47,45,0,198,15,city,0,0.0,54.77903948510462,77.5
101,2025-04-20 16:00:00,59,1629,87,60,27,0,239,13,highway,0,0.0,54.69902238771447,86.5
134,2025-04-20 17:00:00,82,3712,115,24,40,0,70,11,highway,1,0.99,54.49588868668099,80.0
181,2025-04-20 18:00:00,110,1628,116,76,51,1,252,14,highway,0,0.0,54.71861957338933,44.5
177,2025-04-20 19:00:00,61,2868,84,73,31,0,193,7,highway,0,0.0,54.57365807668129,84.5
119,2025-04-20 20:00:00,15,1920,106,77,24,1,25,19,highway,0,0.0,54.65188436820494,68.0
181,2025-04-20 21:00:00,87,2205,85,14,33,1,70,15,highway,0,0.0,54.65144136152377,63.5
109,2025-04-20 22:00:00,104,1333,74,99,32,0,156,6,city,0,0.0,54.74698859795047,74.0
124,2025-04-20 23:00:00,67,3644,71,98,12,0,146,7,highway,0,0.01,54.49792681369797,94.0
165,2025-04-21 00:00:00,14,3519,97,19,24,0,219,14,city,0,0.01,54.48886789169485,88.0
124,2025-04-21 01:00:00,88,1762,110,17,41,0,49,4,highway,0,0.0,54.69656779720325,79.5
153,2025-04-21 02:00:00,107,3313,96,21,39,0,194,9,city,0,0.01,54.54654492828021,70.5
132,2025-04-21 03:00:00,54,3259,100,73,38,0,40,7,city,0,0.01,54.53079724256142,81.0
135,2025-04-21 04:00:00,34,1884,110,68,55,0,85,15,city,0,0.01,54.661906162597454,72.5
194,2025-04-21 05:00:00,54,988,105,76,43,0,4,3,highway,0,0.0,54.76154866756847,78.5
113,2025-04-21 06:00:00,13,2947,116,59,48,0,290,5,highway,0,0.0,54.54565582025837,76.0
164,2025-04-21 07:00:00,48,2511,112,32,56,0,247,17,city,0,0.0,54.60372187077358,72.0
179,2025-04-21 08:00:00,82,1227,70,49,43,1,5,1,city,0,0.0,54.74848527847178,58.5
153,2025-04-21 09:00:00,101,1616,119,87,47,0,226,1,city,0,0.0,54.71638994302053,66.5
151,2025-04-21 10:00:00,99,2408,98,96,9,1,150,16,city,0,0.0,54.63659662444239,75.5
102,2025-04-21 11:00:00,6,2106,70,86,58,1,238,14,city,0,0.0,54.62796409379389,51.0
198,2025-04-21 12:00:00,29,1941,77,85,56,1,148,11,city,0,0.0,54.65406090125947,52.0
140,2025-04-21 13:00:00,82,1810,85,27,30,0,103,14,highway,0,0.0,54.68972718364892,85.0
105,2025-04-21 14:00:00,48,3853,97,30,43,0,175,8,highway,0,0.01,54.46777506050079,78.5
124,2025-04-21 15:00:00,88,3833,91,10,10,0,236,19,city,0,0.01,54.487219530777885,95.0
112,2025-04-21 16:00:00,15,1498,87,47,24,0,34,2,highway,0,0.0,54.694800887203456,88.0
197,2025-04-21 17:00:00,110,2223,91,50,45,1,172,10,city,0,0.0,54.65835475620228,47.5
107,2025-04-21 18:00:00,117,3813,110,51,53,0,6,5,city,1,0.97,54.49913842441221,63.5
120,2025-04-21 19:00:00,103,711,81,18,51,1,285,15,highway,0,0.0,54.809065955998754,44.5
197,2025-04-21 20:00:00,50,1532,88,32,44,0,225,1,city,0,0.0,54.70457803764366,78.0
167,2025-04-21 21:00:00,71,3588,94,87,33,0,53,2,highway,0,0.0,54.50436891338837,83.5
124,2025-04-21 22:00:00,81,3390,119,20,58,0,257,19,city,1,0.87,54.527497577807424,71.0
178,2025-04-21 23:00:00,91,3886,74,80,19,0,59,17,city,0,0.0,54.48266592459833,90.5
167,2025-04-22 00:00:00,79,1941,103,40,6,0,246,15,highway,0,0.0,54.67618197556833,97.0
144,2025-04-22 01:00:00,115,2372,108,97,32,0,7,18,highway,0,0.0,54.645741128887806,74.0
159,2025-04-22 02:00:00,82,2853,79,35,56,0,214,8,highway,0,0.0,54.58259268498254,72.0
111,2025-04-22 03:00:00,41,1390,116,39,34,0,78,14,city,0,0.0,54.71581457651889,83.0
131,2025-04-22 04:00:00,16,1227,76,43,28,0,189,8,highway,0,0.0,54.72259890905918,86.0
195,2025-04-22 05:00:00,62,2195,106,55,51,0,216,8,city,0,0.01,54.641684150908894,74.5
191,2025-04-22 06:00:00,44,3593,116,78,11,0,283,19,city,1,1.0,54.493919475614554,94.5
112,2025-04-22 07:00:00,76,1592,84,14,4,0,61,13,highway,0,0.0,54.71055181637787,98.0
130,2025-04-22 08:00:00,6,1086,111,70,11,0,61,5,city,0,0.0,54.733618582726045,94.5
177,2025-04-22 09:00:00,26,1949,93,92,28,0,215,10,highway,0,0.0,54.65318816348915,86.0
119,2025-04-22 10:00:00,9,3228,95,47,34,0,45,7,highway,0,0.0,54.51604534287989,83.0
117,2025-04-22 11:00:00,33,2477,95,37,19,0,172,9,city,0,0.0,54.602670429735625,90.5
192,2025-04-22 12:00:00,35,1107,115,35,36,0,221,14,city,0,0.0,54.7421041838831,82.0
159,2025-04-22 13:00:00,24,2376,95,70,59,0,95,6,highway,0,0.0,54.60769201551746,70.5
162,2025-04-22 14:00:00,5,1597,79,32,0,0,44,10,highway,0,0.01,54.681699409330186,100.0
105,2025-04-22 15:00:00,23,1410,86,55,15,0,228,1,city,0,0.0,54.70733058215069,92.5
131,2025-04-22 16:00:00,17,3386,83,39,29,0,62,11,highway,0,0.0,54.503393724301645,85.5
192,2025-04-22 17:00:00,86,3792,71,76,8,0,219,8,city,0,0.02,54.490667929305665,96.0
142,2025-04-22 18:00:00,5,2382,117,42,41,0,89,6,city,0,0.01,54.600189370435544,79.5
101,2025-04-22 19:00:00,28,3562,82,12,9,0,112,17,highway,0,0.0,54.490729689045395,95.5
159,2025-04-22 20:00:00,24,1617,96,78,12,0,207,4,city,0,0.0,54.68680334933442,94.0
122,2025-04-22 21:00:00,54,2950,78,92,47,1,203,6,highway,0,0.0,54.56185373650402,56.5
182,2025-04-22 22:00:00,80,1116,76,51,19,0,297,15,highway,0,0.01,54.759952479884745,90.5
130,2025-04-22 23:00:00,45,1115,117,71,28,0,33,10,city,0,0.0,54.74563300189879,86.0
104,2025-04-23 00:00:00,23,2171,79,67,56,1,215,17,city,0,0.0,54.62826129315169,52.0
182,2025-04-23 01:00:00,74,2235,78,66,3,0,12,10,city,0,0.0,54.64439793610587,98.5
133,2025-04-23 02:00:00,25,784,91,10,45,1,2,5,highway,0,0.0,54.77056930147405,57.5
109,2025-04-23 03:00:00,114,866,92,82,48,0,149,19,highway,0,0.0,54.79784216174716,66.0
188,2025-04-23 04:00:00,97,3131,76,69,27,1,142,7,highway,0,0.01,54.56152968248331,66.5
101,2025-04-23 05:00:00,27,3215,117,78,36,0,290,19,highway,1,0.94,54.52451286701589,82.0
110,2025-04-23 06:00:00,2,1795,78,68,12,0,207,10,highway,0,0.0,54.659867797268646,94.0
149,2025-04-23 07:00:00,74,1509,96,55,56,0,192,19,highway,0,0.0,54.71606256143965,72.0
130,2025-04-23 08:00:00,37,3744,93,43,2,1,252,11,city,0,0.01,54.47612064883145,79.0
155,2025-04-23 09:00:00,60,2244,98,34,36,0,204,3,city,0,0.0,54.63651152538695,82.0
178,2025-04-23 10:00:00,77,2516,86,51,47,0,46,11,city,0,0.0,54.6152254688358,76.5
172,2025-04-23 11:00:00,50,3220,89,38,18,0,261,6,highway,0,0.0,54.53397553776754,91.0
186,2025-04-23 12:00:00,89,1692,76,34,27,0,66,6,city,0,0.0,54.70466086061071,86.5
182,2025-04-23 13:00:00,47,1981,112,63,18,0,150,15,highway,0,0.0,54.65877470699324,91.0
108,2025-04-23 14:00:00,20,974,109,82,16,0,70,3,city,0,0.0,54.75042542101066,92.0
198,2025-04-23 15:00:00,53,2473,76,76,17,0,2,11,city,0,0.0,54.61118932918065,91.5
120,2025-04-23 16:00:00,55,3791,97,24,17,0,29,8,city,0,0.0,54.477954510169354,91.5
172,2025-04-23 17:00:00,102,3237,88,13,56,1,256,8,city,0,0.0,54.55157098090035,42.0
127,2025-04-23 18:00:00,93,2456,89,47,22,0,61,16,highway,0,0.0,54.62877424831766,89.0
161,2025-04-23 19:00:00,58,3073,113,29,39,1,100,3,highway,1,0.97,54.55127820632858,60.5
106,2025-04-23 20:00:00,71,3276,108,32,49,0,144,8,city,1,0.98,54.535444153651554,75.5
179,2025-04-23 21:00:00,50,1591,109,46,8,0,192,8,city,0,0.0,54.70005050467245,96.0
115,2025-04-23 22:00:00,19,788,76,71,28,1,270,13,highway,0,0.0,54.768448836704344,66.0
196,2025-04-23 23:00:00,111,3233,75,17,50,1,299,1,highway,0,0.02,54.55583684560392,45.0
103,2025-04-24 00:00:00,95,1407,94,46,41,0,204,10,city,0,0.0,54.73548115906328,79.5
103,2025-04-24 01:00:00,85,3097,110,54,28,0,245,5,city,1,0.99,54.56012832817946,86.0
139,2025-04-24 02:00:00,58,3855,82,42,1,1,31,5,city,0,0.0,54.47330489629845,79.5
116,2025-04-24 03:00:00,70,1086,108,16,59,0,52,17,city,0,0.0,54.757351999179534,70.5
151,2025-04-24 04:00:00,8,2834,109,31,16,0,243,14,city,0,0.0,54.556449127548866,92.0
192,2025-04-24 05:00:00,108,3054,91,14,56,0,263,6,city,0,0.01,54.572590787129144,62.0
151,2025-04-24 06:00:00,0,2573,118,24,55,1,174,14,highway,0,0.0,54.578184800787874,52.5
135,2025-04-24 07:00:00,28,1877,86,30,44,0,100,12,highway,0,0.0,54.660658934220656,78.0
137,2025-04-24 08:00:00,62,1139,117,98,30,0,61,1,highway,0,0.01,54.749936188566586,85.0
149,2025-04-24 09:00:00,71,3487,91,26,27,0,188,5,highway,0,0.0,54.514885843175165,86.5
162,2025-04-24 10:00:00,55,3011,103,65,42,0,7,18,city,1,0.85,54.556256212433816,79.0
162,2025-04-24 11:00:00,117,1676,77,59,47,0,189,14,highway,0,0.0,54.71671230367998,66.5
161,2025-04-24 12:00:00,67,1434,118,16,51,1,83,7,highway,0,0.0,54.72108383574551,54.5
198,2025-04-24 13:00:00,34,3168,114,59,38,0,283,15,highway,1,0.96,54.53202145833421,81.0
106,2025-04-24 14:00:00,2,3240,87,69,59,0,124,9,city,0,0.0,54.51099169560102,70.5
126,2025-04-24 15:00:00,117,1332,93,92,29,1,157,15,city,0,0.0,54.75243270744542,55.5
191,2025-04-24 16:00:00,108,1692,111,16,34,0,87,16,city,0,0.0,54.712003292730145,73.0
185,2025-04-24 17:00:00,103,3158,71,49,47,1,148,9,highway,0,0.0,54.56037479164984,46.5
113,2025-04-24 18:00:00,6,872,71,54,50,0,70,7,highway,0,0.0,54.75378657178536,75.0
170,2025-04-24 19:00:00,26,703,96,68,19,0,76,7,city,0,0.0,54.78027192320221,90.5
185,2025-04-24 20:00:00,0,3601,83,97,15,0,114,17,city,0,0.01,54.475275617874864,92.5
104,2025-04-24 21:00:00,90,2363,117,84,33,1,3,11,highway,0,0.0,54.63657763551464,63.5
154,2025-04-24 22:00:00,79,3733,108,64,13,1,234,6,city,1,0.98,54.493652969276766,73.5
101,2025-04-24 23:00:00,101,2715,81,73,25,0,167,14,city,0,0.0,54.60552388640509,77.5
161,2025-04-25 00:00:00,70,2195,101,74,19,0,99,15,highway,0,0.0,54.64620528536871,90.5
190,2025-04-25 01:00:00,43,3881,97,63,41,1,124,8,highway,0,0.0,54.463001758941346,59.5
120,2025-04-25 02:00:00,86,1760,97,49,50,0,45,4,highway,0,0.0,54.69560000263917,75.0
178,2025-04-25 03:00:00,40,3330,115,62,23,0,287,1,city,1,0.94,54.51856908641954,88.5
120,2025-04-25 04:00:00,74,1754,94,53,42,0,106,6,highway,0,0.0,54.69171926775429,79.0
109,2025-04-25 05:00:00,41,1080,73,72,17,1,294,1,highway,0,0.0,54.74803634449174,71.5
186,2025-04-25 06:00:00,116,1991,95,11,42,0,134,5,city,0,0.0,54.684480480455996,69.0
157,2025-04-25 07:00:00,32,3782,105,88,8,0,8,19,city,1,0.99,54.470003113958676,96.0
138,2025-04-25 08:00:00,49,3091,119,30,18,1,28,5,city,1,0.99,54.54669305374425,71.0
104,2025-04-25 09:00:00,62,2292,72,97,19,0,271,5,highway,0,0.0,54.633128470174505,90.5
164,2025-04-25 10:00:00,99,865,70,59,41,0,223,17,highway,0,0.01,54.792207486389685,79.5
112,2025-04-25 11:00:00,36,3447,86,90,29,0,8,12,city,0,0.01,54.504818931186,85.5
184,2025-04-25 12:00:00,104,3089,76,61,25,1,134,7,highway,0,0.0,54.56869341133511,57.5
189,2025-04-25 13:00:00,58,1742,117,18,30,0,29,15,highway,0,0.01,54.68700628858874,85.0
184,2025-04-25 14:00:00,80,2351,74,29,34,0,115,19,highway,0,0.0,54.63374195656459,83.0
152,2025-04-25 15:00:00,98,3727,88,92,2,0,34,13,highway,0,0.01,54.50234191079792,99.0
181,2025-04-25 16:00:00,47,1907,108,27,55,0,7,12,city,0,0.0,54.664786801875465,72.5
144,2025-04-25 17:00:00,4,1244,115,93,39,1,40,19,highway,0,0.04,54.7156018934894,60.5
131,2025-04-25 18:00:00,47,3781,103,39,28,0,62,13,highway,1,1.0,54.47530939708183,86.0
135,2025-04-25 19:00:00,95,2939,104,74,5,0,86,6,highway,0,0.0,54.58115260124656,97.5
180,2025-04-25 20:00:00,2,3067,118,33,51,0,213,1,city,1,0.96,54.5289126886223,74.5
198,2025-04-25 21:00:00,115,3327,85,97,0,0,116,6,highway,0,0.0,54.54992863938393,90.0
159,2025-04-25 22:00:00,46,3222,109,56,51,1,65,13,highway,1,0.96,54.53081615955897,54.5
110,2025-04-25 23:00:00,61,3384,119,92,23,0,297,13,highway,1,0.93,54.52150920811495,88.5
162,2025-04-26 00:00:00,98,3174,116,99,37,0,170,13,city,1,1.0,54.557149119228356,81.5
120,2025-04-26 01:00:00,115,3830,108,53,33,0,116,4,highway,1,1.0,54.497424665953304,73.5
151,2025-04-26 02:00:00,13,796,96,38,50,0,116,5,city,0,0.0,54.764326216108465,75.0
154,2025-04-26 03:00:00,62,3243,110,86,59,0,221,13,highway,1,0.98,54.53477748460871,70.5
125,2025-04-26 04:00:00,111,3408,107,77,6,1,50,9,city,1,0.98,54.539839608993866,67.0
167,2025-04-26 05:00:00,60,2001,119,26,10,0,79,17,city,0,0.0,54.662287694198334,95.0
133,2025-04-26 06:00:00,30,2756,119,14,10,0,20,3,highway,0,0.0,54.57346032902536,95.0
151,2025-04-26 07:00:00,94,1156,94,97,35,0,37,18,highway,0,0.0,54.760851260985476,82.5
181,2025-04-26 08:00:00,16,2518,95,90,19,1,259,15,city,0,0.0,54.591675065219576,70.5
198,2025-04-26 09:00:00,23,972,83,59,15,0,93,1,city,0,0.0,54.7518742677463,92.5
192,2025-04-26 10:00:00,115,3687,83,49,4,0,187,9,highway,0,0.0,54.51315376385411,88.0
151,2025-04-26 11:00:00,22,1731,83,55,23,1,201,6,highway,0,0.0,54.67395678339383,68.5
128,2025-04-26 12:00:00,81,907,94,60,29,0,288,18,highway,0,0.0,54.78119979053411,85.5
137,2025-04-26 13:00:00,49,2637,105,20,29,0,48,1,highway,0,0.0,54.59241393142553,85.5
141,2025-04-26 14:00:00,117,2360,73,21,38,1,253,7,highway,0,0.0,54.64751909261785,51.0
120,2025-04-26 15:00:00,77,1846,116,22,56,0,46,10,highway,0,0.0,54.68299490912546,72.0
141,2025-04-26 16:00:00,113,1756,84,73,47,0,231,6,highway,0,0.0,54.706970411844836,66.5
112,2025-04-26 17:00:00,78,2236,101,17,46,0,95,7,city,0,0.01,54.64414330577122,77.0
163,2025-04-26 18:00:00,78,903,87,74,36,0,218,6,city,0,0.0,54.780115690629785,82.0
116,2025-04-26 19:00:00,69,3265,83,18,32,0,40,8,highway,0,0.0,54.53645521641627,84.0
108,2025-04-26 20:00:00,26,2532,70,11,19,0,203,2,highway,0,0.0,54.59426644157122,90.5
140,2025-04-26 21:00:00,14,3264,111,87,53,0,116,9,highway,1,1.0,54.513614562896905,73.5
100,2025-04-26 22:00:00,49,1142,89,22,21,0,91,9,city,0,0.0,54.744779564532195,89.5
101,2025-04-26 23:00:00,35,1388,79,11,40,0,58,7,city,0,0.0,54.713363443426466,80.0
159,2025-04-27 00:00:00,118,3597,79,77,57,0,10,9,highway,0,0.0,54.521343061090406,61.5
147,2025-04-27 01:00:00,7,1532,93,85,20,0,256,17,highway,0,0.0,54.6882946675804,90.0
128,2025-04-27 02:00:00,78,3086,103,57,36,0,249,3,city,1,0.98,54.55810914803796,82.0
196,2025-04-27 03:00:00,2,2161,97,83,53,0,6,16,city,0,0.0,54.62096918363555,73.5
109,2025-04-27 04:00:00,61,1859,96,12,26,1,188,16,city,0,0.0,54.67647580407974,67.0
157,2025-04-27 05:00:00,46,1086,109,77,37,0,235,2,highway,0,0.0,54.748615595104546,81.5
159,2025-04-27 06:00:00,76,2741,70,15,34,0,183,11,highway,0,0.0,54.592473711910635,83.0
120,2025-04-27 07:00:00,104,3796,102,96,37,1,287,16,city,1,0.96,54.49630210604055,51.5
127,2025-04-27 08:00:00,97,3253,73,14,39,0,123,15,highway,0,0.0,54.54863165589523,80.5
174,2025-04-27 09:00:00,87,2048,76,12,59,0,158,1,highway,0,0.0,54.66634435763988,70.5
133,2025-04-27 10:00:00,103,2418,78,19,5,0,13,17,highway,0,0.0,54.63734933126391,87.5
107,2025-04-27 11:00:00,95,1379,85,52,31,0,54,3,city,0,0.0,54.73873776834588,84.5
158,2025-04-27 12:00:00,60,1389,74,28,15,0,277,19,city,0,0.0,54.72432228266858,92.5
185,2025-04-27 13:00:00,31,3632,103,23,27,0,43,7,city,1,0.99,54.48407905739251,86.5
171,2025-04-27 14:00:00,93,3866,92,30,15,0,267,11,highway,0,0.01,54.48566653936459,92.5
148,2025-04-27 15:00:00,115,2268,112,52,26,0,109,18,highway,0,0.0,54.65656315241155,77.0
178,2025-04-27 16:00:00,112,3370,119,37,52,1,166,14,city,1,1.0,54.54222393278113,44.0
116,2025-04-27 17:00:00,12,1869,94,30,2,0,106,16,highway,0,0.0,54.65676636661883,99.0
159,2025-04-27 18:00:00,0,1592,82,45,48,0,51,6,city,0,0.0,54.678236800188934,76.0
186,2025-04-27 19:00:00,33,1652,93,33,20,0,204,2,highway,0,0.0,54.686530300624824,90.0
187,2025-04-27 20:00:00,61,1954,80,63,37,0,43,11,highway,0,0.0,54.66636452789803,81.5
144,2025-04-27 21:00:00,78,1483,86,47,37,0,283,11,highway,0,0.0,54.72108999471114,81.5
182,2025-04-27 22:00:00,107,2746,106,26,29,0,85,10,highway,0,0.0,54.60461671230261,75.5
168,2025-04-27 23:00:00,77,2571,82,31,21,0,217,4,highway,0,0.0,54.6106956597762,89.5
131,2025-04-28 00:00:00,92,1194,96,92,18,0,158,17,city,0,0.0,54.75687912604658,91.0
143,2025-04-28 01:00:00,97,3809,89,54,30,0,127,10,city,0,0.0,54.492455777609905,85.0
164,2025-04-28 02:00:00,81,1446,102,83,19,0,191,9,highway,0,0.0,54.726793683531966,90.5
186,2025-04-28 03:00:00,117,3184,111,70,46,0,266,13,city,1,0.98,54.56339275867707,67.0
107,2025-04-28 04:00:00,70,2554,101,20,18,0,60,11,highway,0,0.0,54.609736641620046,91.0
176,2025-04-28 05:00:00,92,3092,77,70,1,0,283,10,highway,0,0.01,54.56455190361962,99.5
171,2025-04-28 06:00:00,118,3931,98,47,39,0,62,5,highway,0,0.03,54.48811228030374,70.5
186,2025-04-28 07:00:00,30,3297,109,75,38,0,126,3,city,1,0.99,54.517296368795456,81.0
142,2025-04-28 08:00:00,63,3567,88,42,26,0,172,4,highway,0,0.0,54.50357879926414,87.0
100,2025-04-28 09:00:00,24,3288,75,52,7,1,63,3,highway,0,0.0,54.51707067171862,76.5
150,2025-04-28 10:00:00,37,2891,113,40,44,0,260,10,city,0,0.0,54.56115088354114,78.0
123,2025-04-28 11:00:00,13,3335,108,44,53,0,16,13,highway,1,0.93,54.50599249640986,73.5
198,2025-04-28 12:00:00,7,1356,117,46,26,0,179,5,city,0,0.0,54.7059480595059,87.0
123,2025-04-28 13:00:00,90,2582,110,56,14,0,101,13,city,0,0.0,54.6150830214184,93.0
116,2025-04-28 14:00:00,53,3092,90,32,11,1,176,1,city,0,0.03,54.54848376209794,74.5
104,2025-04-28 15:00:00,1,3443,91,45,46,0,193,11,city,0,0.0,54.490477292746874,77.0
119,2025-04-28 16:00:00,80,2496,111,49,13,1,273,3,city,0,0.01,54.61985480152747,73.5
120,2025-04-28 17:00:00,100,967,79,99,6,0,261,17,city,0,0.0,54.783667551127415,97.0
157,2025-04-28 18:00:00,77,2916,79,98,16,1,175,19,city,0,0.0,54.57581441389507,72.0
130,2025-04-28 19:00:00,88,2462,98,90,25,0,234,13,highway,0,0.0,54.6260337669604,87.5
199,2025-04-28 20:00:00,55,2780,85,24,36,0,216,16,highway,0,0.0,54.579993870822044,82.0
110,2025-04-28 21:00:00,93,1076,70,46,19,0,247,18,highway,0,0.0,54.769240087638835,90.5
151,2025-04-28 22:00:00,92,3985,86,13,9,0,21,19,highway,0,0.03,54.47340841372885,95.5
114,2025-04-28 23:00:00,83,2285,99,31,18,0,243,6,highway,0,0.0,54.64231307129513,91.0
182,2025-04-29 00:00:00,84,2163,95,90,17,0,288,7,highway,0,0.0,54.65516263808419,91.5
106,2025-04-29 01:00:00,60,3140,115,31,29,0,280,15,highway,1,0.98,54.545676543365715,85.5
127,2025-04-29 02:00:00,116,1188,88,90,29,0,244,5,highway,0,0.0,54.766675692106915,75.5
150,2025-04-29 03:00:00,21,1421,90,87,24,0,163,16,city,0,0.0,54.705040714726465,88.0
157,2025-04-29 04:00:00,34,1645,86,87,23,0,146,6,highway,0,0.0,54.68752098040217,88.5
104,2025-04-29 05:00:00,100,3800,115,26,9,0,67,3,highway,1,0.99,54.495434645207105,95.5
104,2025-04-29 06:00:00,15,2786,109,81,1,0,103,12,city,0,0.0,54.564754831933534,99.5
193,2025-04-29 07:00:00,49,2335,90,99,37,0,125,4,city,0,0.0,54.62279944675566,81.5
195,2025-04-29 08:00:00,112,3944,110,95,31,0,117,3,city,1,0.98,54.48470837335927,74.5
107,2025-04-29 09:00:00,42,1740,109,89,34,1,251,16,highway,0,0.01,54.680621821919736,63.0
163,2025-04-29 10:00:00,16,3827,114,89,50,0,226,16,city,1,0.97,54.457284388007565,75.0
109,2025-04-29 11:00:00,79,2973,118,47,36,0,188,19,city,0,0.03,54.57000252684239,82.0
137,2025-04-29 12:00:00,57,2814,88,33,6,0,187,15,city,0,0.0,54.57856637444103,97.0
195,2025-04-29 13:00:00,118,3968,76,15,6,0,76,9,city,0,0.04,54.48569938108224,87.0
191,2025-04-29 14:00:00,1,2377,86,77,26,0,273,2,highway,0,0.0,54.59970540275399,87.0
180,2025-04-29 15:00:00,3,3582,70,91,9,0,149,6,city,0,0.04,54.478657862988754,95.5
194,2025-04-29 16:00:00,84,3794,106,15,32,0,195,14,highway,1,1.0,54.48867974148581,84.0
107,2025-04-29 17:00:00,38,1698,75,35,42,0,284,9,city,0,0.0,54.68295982119735,79.0
124,2025-04-29 18:00:00,97,2477,95,50,54,0,44,10,city,0,0.0,54.62693563424808,73.0
172,2025-04-29 19:00:00,93,2984,71,84,6,0,170,18,city,0,0.0,54.575732258993625,97.0
165,2025-04-29 20:00:00,5,1656,101,47,5,0,94,15,highway,0,0.0,54.67549469863455,97.5
178,2025-04-29 21:00:00,80,3666,117,89,5,0,224,4,city,1,0.99,54.50119549830467,97.5
149,2025-04-29 22:00:00,102,2289,74,92,12,0,278,5,highway,0,0.0,54.64978049982425,84.0
166,2025-04-29 23:00:00,88,1861,106,52,47,1,38,6,city,0,0.0,54.686254263241096,56.5
148,2025-04-30 00:00:00,68,3220,100,62,12,0,270,15,highway,0,0.01,54.54144824323353,94.0
135,2025-04-30 01:00:00,68,2568,81,24,1,0,235,2,highway,0,0.0,54.60820525657679,99.5
167,2025-04-30 02:00:00,19,1252,104,99,18,0,111,16,city,0,0.01,54.721670073126106,91.0
177,2025-04-30 03:00:00,63,2333,99,65,50,0,168,5,city,0,0.0,54.62809226049508,75.0
140,2025-04-30 04:00:00,15,1394,117,65,18,0,54,4,city,0,0.0,54.7056229107272,91.0
188,2025-04-30 05:00:00,50,1016,75,40,49,1,127,1,highway,0,0.0,54.7568496265313,55.5
161,2025-04-30 06:00:00,104,3345,84,92,56,0,275,8,city,0,0.01,54.54139063579475,62.0
109,2025-04-30 07:00:00,36,1467,84,66,37,1,42,10,highway,0,0.0,54.70585354338699,61.5
120,2025-04-30 08:00:00,103,3633,85,60,1,0,41,15,highway,0,0.0,54.513949994891696,89.5
135,2025-04-30 09:00:00,72,3308,89,33,50,1,50,2,highway,0,0.0,54.532550428396,55.0
111,2025-04-30 10:00:00,68,3972,82,67,25,0,159,19,highway,0,0.0,54.46443962511087,87.5
190,2025-04-30 11:00:00,41,2671,113,82,5,0,182,12,highway,0,0.01,54.586725847277805,97.5
101,2025-04-30 12:00:00,56,3005,111,96,19,0,181,10,highway,1,0.76,54.55820877041677,90.5
112,2025-04-30 13:00:00,65,2203,115,13,22,1,166,12,highway,0,0.0,54.6432614081868,69.0
152,2025-04-30 14:00:00,8,3949,100,19,53,0,232,9,city,0,0.04,54.44154240468409,73.5
131,2025-04-30 15:00:00,106,3504,103,72,14,1,206,8,city,1,0.98,54.52774178165908,63.0
194,2025-04-30 16:00:00,99,822,98,82,5,0,50,2,highway,0,0.0,54.79805314047499,97.5
115,2025-04-30 17:00:00,85,3089,72,92,27,0,146,7,city,0,0.01,54.56098281825177,86.5
131,2025-04-30 18:00:00,63,3942,78,24,34,1,298,4,city,0,0.0,54.46511482795448,63.0
131,2025-04-30 19:00:00,85,2568,80,72,10,1,145,19,highway,0,0.0,54.61466284572387,75.0
197,2025-04-30 20:00:00,21,2371,80,28,7,0,16,8,city,0,0.0,54.60912311317768,96.5
110,2025-04-30 21:00:00,33,1782,94,72,56,0,85,13,highway,0,0.0,54.67183692816779,72.0
109,2025-04-30 22:00:00,54,2428,91,65,53,1,216,3,highway,0,0.0,54.6146946060918,53.5
114,2025-04-30 23:00:00,28,3007,111,30,49,0,52,5,city,1,0.87,54.54553575943164,75.5
116,2025-05-01 00:00:00,37,2696,115,43,48,0,36,8,highway,0,0.01,54.58081834934823,76.0
139,2025-05-01 01:00:00,109,2842,78,26,50,1,107,2,highway,0,0.0,54.59479769989573,45.0
117,2025-05-01 02:00:00,96,1848,89,27,50,0,219,10,city,0,0.0,54.69066573347923,75.0
154,2025-05-01 03:00:00,17,2788,90,90,23,0,298,16,city,0,0.01,54.56445451651086,88.5
172,2025-05-01 04:00:00,70,2614,79,75,20,0,254,4,highway,0,0.0,54.603552953333384,90.0
124,2025-05-01 05:00:00,64,953,91,60,48,0,68,14,city,0,0.0,54.7689187077549,76.0
158,2025-05-01 06:00:00,96,706,98,74,58,0,187,3,highway,0,0.0,54.806477495157104,71.0
177,2025-05-01 07:00:00,0,3475,78,52,35,0,124,10,city,0,0.0,54.48727141935169,82.5
188,2025-05-01 08:00:00,87,2816,74,66,6,0,30,13,city,0,0.0,54.59040841998871,97.0
121,2025-05-01 09:00:00,3,3852,109,19,4,0,185,5,city,1,0.97,54.45140396053152,98.0
129,2025-05-01 10:00:00,3,1241,80,46,57,0,289,17,highway,0,0.0,54.71476915058615,71.5
183,2025-05-01 11:00:00,81,788,70,57,28,0,53,17,city,0,0.0,54.793342748873805,86.0
184,2025-05-01 12:00:00,26,2638,111,78,15,0,177,11,highway,0,0.0,54.5836500899605,92.5
143,2025-05-01 13:00:00,42,3979,70,65,5,0,133,19,highway,0,0.01,54.45410649267729,97.5
131,2025-05-01 14:00:00,58,912,108,85,13,0,77,18,highway,0,0.0,54.77211097096733,93.5
150,2025-05-01 15:00:00,31,3581,115,45,57,1,60,17,city,1,0.97,54.48803844770777,51.5
145,2025-05-01 16:00:00,32,965,74,40,51,0,91,11,city,0,0.0,54.75472714168863,74.5
120,2025-05-01 17:00:00,27,3659,118,64,1,0,298,15,highway,1,0.95,54.4807907310282,99.5
198,2025-05-01 18:00:00,105,3040,91,47,24,0,280,8,highway,0,0.0,54.574119030524905,78.0
131,2025-05-01 19:00:00,104,1930,95,82,30,0,199,12,city,0,0.0,54.686356757843704,75.0
193,2025-05-01 20:00:00,54,3080,75,99,49,1,118,17,city,0,0.01,54.54855119435505,55.5
138,2025-05-01 21:00:00,99,3848,101,24,49,0,183,5,city,1,0.89,54.488515359752725,75.5
111,2025-05-01 22:00:00,59,1704,117,25,12,0,55,4,city,0,0.0,54.69200864589706,94.0
146,2025-05-01 23:00:00,69,2794,80,86,59,0,271,11,highway,0,0.0,54.5832504502267,70.5
117,2025-05-02 00:00:00,61,1321,79,98,17,1,5,8,highway,0,0.0,54.73155744187113,71.5
120,2025-05-02 01:00:00,79,3971,116,62,16,0,101,16,city,1,0.96,54.46932614582361,92.0
112,2025-05-02 02:00:00,33,1126,108,65,44,0,286,16,highway,0,0.0,54.739041639934086,78.0
120,2025-05-02 03:00:00,86,909,103,16,27,0,53,3,city,0,0.0,54.783085781819054,86.5
107,2025-05-02 04:00:00,113,1587,100,66,11,0,218,12,city,0,0.0,54.7256300028823,84.5
145,2025-05-02 05:00:00,105,2143,81,64,34,1,286,13,city,0,0.0,54.66493299013716,53.0
106,2025-05-02 06:00:00,87,853,113,61,21,0,240,1,city,0,0.01,54.78942782026392,89.5
122,2025-05-02 07:00:00,55,1114,85,13,38,0,214,4,highway,0,0.0,54.749340779197546,81.0
195,2025-05-02 08:00:00,112,1880,107,52,0,0,104,6,highway,0,0.0,54.695880974371924,90.0
174,2025-05-02 09:00:00,12,1984,72,49,36,0,222,5,highway,0,0.0,54.64368027639411,82.0
185,2025-05-02 10:00:00,55,3848,71,39,20,0,189,5,city,0,0.01,54.472035008845886,90.0
121,2025-05-02 11:00:00,17,1468,74,19,0,0,99,10,highway,0,0.0,54.699636616568235,100.0
188,2025-05-02 12:00:00,53,1682,80,16,3,0,97,19,city,0,0.0,54.69220507265751,98.5
121,2025-05-02 13:00:00,76,2211,94,45,31,0,73,18,highway,0,0.0,54.64649632576087,84.5
191,2025-05-02 14:00:00,112,3902,104,44,57,0,256,2,city,1,0.97,54.487916109558725,61.5
128,2025-05-02 15:00:00,100,1278,104,97,0,0,231,16,highway,0,0.03,54.75228494103889,100.0
112,2025-05-02 16:00:00,42,3487,91,48,12,1,170,15,city,0,0.02,54.50385551812175,74.0
181,2025-05-02 17:00:00,38,2910,106,45,45,1,157,5,highway,0,0.01,54.559579231145726,57.5
101,2025-05-02 18:00:00,60,1738,91,29,46,0,222,9,highway,0,0.0,54.68756160128257,77.0
128,2025-05-02 19:00:00,41,2942,80,58,16,0,99,5,highway,0,0.0,54.558715738527994,92.0
184,2025-05-02 20:00:00,80,1241,101,68,11,0,220,5,highway,0,0.0,54.747567495035035,94.5
178,2025-05-02 21:00:00,78,1058,104,58,6,0,244,9,highway,0,0.0,54.765579717433376,97.0
151,2025-05-02 22:00:00,17,1549,100,99,54,1,259,9,highway,0,0.0,54.68919011988702,53.0
126,2025-05-02 23:00:00,22,1126,114,35,50,0,194,2,highway,0,0.0,54.73437953745497,75.0
149,2025-05-03 00:00:00,53,3244,77,45,54,0,150,7,city,0,0.0,54.53126668815353,73.0
194,2025-05-03 01:00:00,114,3575,89,52,2,0,155,1,city,0,0.01,54.52422422886894,89.0
178,2025-05-03 02:00:00,29,1185,111,52,49,1,22,2,city,0,0.0,54.731230870388806,55.5
122,2025-05-03 03:00:00,97,2531,103,85,25,1,116,12,highway,0,0.0,54.622630243422094,67.5
187,2025-05-03 04:00:00,57,2172,73,42,30,0,113,6,highway,0,0.0,54.642874671579264,85.0
143,2025-05-03 05:00:00,67,2136,87,87,35,0,211,19,city,0,0.0,54.650346409678015,82.5
176,2025-05-03 06:00:00,66,1029,73,54,25,0,24,16,highway,0,0.0,54.762933551640124,87.5
121,2025-05-03 07:00:00,70,2455,89,54,2,0,283,4,city,0,0.0,54.620459243319864,99.0
142,2025-05-03 08:00:00,119,3636,78,97,43,1,292,18,highway,0,0.01,54.51835105205512,48.5
136,2025-05-03 09:00:00,17,3738,85,24,54,0,56,5,city,0,0.01,54.46657338982128,73.0
160,2025-05-03 10:00:00,105,1870,95,26,27,0,266,18,highway,0,0.0,54.69298286761654,76.5
196,2025-05-03 11:00:00,6,958,107,21,43,0,54,6,highway,0,0.0,54.74532689874232,78.5
155,2025-05-03 12:00:00,39,3039,94,31,16,0,108,14,highway,0,0.01,54.54804801160825,92.0
102,2025-05-03 13:00:00,69,842,73,32,37,0,202,17,highway,0,0.0,54.78266472409577,81.5
162,2025-05-03 14:00:00,85,2716,110,99,46,1,202,18,highway,0,0.01,54.5981389108451,57.0
118,2025-05-03 15:00:00,64,3494,114,87,29,0,218,10,highway,1,0.99,54.511281541254526,85.5
122,2025-05-03 16:00:00,67,1326,110,21,1,0,243,19,city,0,0.03,54.73411254896427,99.5
128,2025-05-03 17:00:00,109,2088,107,77,7,0,178,18,city,0,0.0,54.67323691705603,86.5
129,2025-05-03 18:00:00,48,789,88,60,13,0,61,4,city,0,0.0,54.780604667058434,93.5
138,2025-05-03 19:00:00,51,1419,83,22,36,1,36,15,highway,0,0.0,54.71679867063822,62.0
124,2025-05-03 20:00:00,113,3935,90,66,34,0,46,6,city,0,0.04,54.48590244896125,73.0
107,2025-05-03 21:00:00,106,1180,84,64,41,0,95,6,highway,0,0.0,54.76298324699616,69.5
157,2025-05-03 22:00:00,28,2831,72,91,38,0,44,3,city,0,0.0,54.56388456651117,81.0
115,2025-05-03 23:00:00,20,1800,106,37,10,0,226,9,city,0,0.0,54.66666838607798,95.0
171,2025-05-04 00:00:00,89,1372,119,53,14,0,146,11,city,0,0.0,54.737735980611674,93.0
100,2025-05-04 01:00:00,77,1216,115,28,1,0,269,5,highway,0,0.0,54.74931446644344,99.5
104,2025-05-04 02:00:00,8,3232,85,55,36,0,13,14,highway,0,0.0,54.51515522297067,82.0
102,2025-05-04 03:00:00,46,2313,83,12,42,0,25,2,city,0,0.0,54.62362772282061,79.0
164,2025-05-04 04:00:00,75,1481,78,92,31,0,261,19,highway,0,0.0,54.72033428704115,84.5
103,2025-05-04 05:00:00,41,2851,116,29,39,0,128,8,city,0,0.0,54.56702939275237,80.5
198,2025-05-04 06:00:00,50,2735,76,34,12,0,39,13,highway,0,0.0,54.583544465884735,94.0
195,2025-05-04 07:00:00,55,3086,83,84,42,0,157,19,city,0,0.02,54.54862886900991,79.0
163,2025-05-04 08:00:00,50,1386,75,65,16,0,185,5,highway,0,0.0,54.72057132250766,92.0
197,2025-05-04 09:00:00,69,2289,90,90,14,0,174,15,city,0,0.0,54.63644870076717,93.0
188,2025-05-04 10:00:00,19,1599,84,70,32,0,186,4,highway,0,0.0,54.68580820271877,84.0
109,2025-05-04 11:00:00,87,2201,77,64,50,1,281,4,highway,0,0.0,54.651152738019015,55.0
120,2025-05-04 12:00:00,26,3354,103,44,15,0,74,18,city,1,0.97,54.51083438474027,92.5
145,2025-05-04 13:00:00,37,922,109,87,50,0,295,19,highway,0,0.02,54.761148632254155,75.0
190,2025-05-04 14:00:00,71,3780,70,68,12,0,16,9,highway,0,0.0,54.48570195647227,94.0
126,2025-05-04 15:00:00,64,1776,101,48,54,0,188,15,highway,0,0.0,54.68497588527397,73.0
165,2025-05-04 16:00:00,53,1800,118,66,21,0,172,12,highway,0,0.0,54.6794683970761,89.5
140,2025-05-04 17:00:00,112,2441,74,92,22,0,186,4,highway,0,0.0,54.637928496538244,79.0
112,2025-05-04 18:00:00,112,1202,99,76,35,0,32,3,highway,0,0.0,54.763400421842206,72.5
108,2025-05-04 19:00:00,23,2039,91,43,42,0,63,5,highway,0,0.0,54.642258112410495,79.0
135,2025-05-04 20:00:00,46,3569,89,50,49,0,189,17,highway,0,0.01,54.495608797531894,75.5
185,2025-05-04 21:00:00,70,1323,85,31,49,0,26,5,highway,0,0.0,54.73365866169766,75.5
189,2025-05-04 22:00:00,82,2586,76,36,9,1,39,4,city,0,0.0,54.61166864593867,75.5
157,2025-05-04 23:00:00,85,2912,76,30,16,0,193,7,highway,0,0.01,54.57943332324363,92.0
153,2025-05-05 00:00:00,62,1750,119,50,29,0,163,7,highway,0,0.0,54.6878396709136,85.5
111,2025-05-05 01:00:00,56,1793,119,40,12,0,53,7,city,0,0.0,54.68175298756346,94.0
180,2025-05-05 02:00:00,54,3989,71,36,29,0,174,17,highway,0,0.01,54.45692592753264,85.5
177,2025-05-05 03:00:00,59,2685,116,46,56,0,196,15,highway,0,0.0,54.59044309586664,72.0
113,2025-05-05 04:00:00,98,2088,83,75,45,0,211,7,highway,0,0.0,54.667265797816384,77.5
133,2025-05-05 05:00:00,61,2029,100,63,29,0,278,15,highway,0,0.0,54.65906443866426,85.5
152,2025-05-05 06:00:00,29,1847,119,18,6,0,188,4,city,0,0.0,54.66566584370576,97.0
119,2025-05-05 07:00:00,92,718,110,92,9,0,214,2,highway,0,0.01,54.8056554932742,95.5
174,2025-05-05 08:00:00,21,1980,83,51,34,0,29,13,highway,0,0.0,54.647782514002614,83.0
115,2025-05-05 09:00:00,74,1745,74,45,1,0,171,12,city,0,0.0,54.694311726689584,99.5
194,2025-05-05 10:00:00,83,1688,80,19,29,0,122,10,city,0,0.0,54.702576750437984,85.5
169,2025-05-05 11:00:00,28,3197,109,68,18,0,159,19,city,1,0.99,54.527481266077835,91.0
155,2025-05-05 12:00:00,114,3299,74,49,38,0,86,15,highway,0,0.01,54.55082020881331,71.0
182,2025-05-05 13:00:00,40,2273,98,63,36,0,4,17,city,0,0.0,54.62553199168149,82.0
157,2025-05-05 14:00:00,41,1771,80,48,59,0,2,6,highway,0,0.0,54.67604500258128,70.5
103,2025-05-05 15:00:00,97,3442,74,16,2,0,133,5,city,0,0.01,54.53092430109635,99.0
103,2025-05-05 16:00:00,64,3334,118,13,24,0,79,13,city,1,1.0,54.527757741094355,88.0
119,2025-05-05 17:00:00,30,3468,101,24,33,1,147,14,highway,1,0.92,54.50011055965778,63.5
109,2025-05-05 18:00:00,29,1906,105,85,54,0,166,14,city,0,0.01,54.657702141738156,73.0
123,2025-05-05 19:00:00,111,2158,84,57,57,0,238,15,highway,0,0.0,54.66487575393021,61.5
198,2025-05-05 20:00:00,17,2854,88,15,21,0,276,16,city,0,0.0,54.557824267845355,89.5
125,2025-05-05 21:00:00,118,1911,91,82,37,0,204,10,city,0,0.0,54.693623876735145,71.5
136,2025-05-05 22:00:00,16,1475,103,44,13,1,53,1,highway,0,0.01,54.69799142841063,73.5
184,2025-05-05 23:00:00,37,3857,86,81,38,0,107,11,highway,0,0.0,54.463156140883825,81.0
153,2025-05-06 00:00:00,13,2559,81,80,53,1,55,7,city,0,0.0,54.58491007636921,53.5
120,2025-05-06 01:00:00,86,2566,94,77,1,0,246,17,highway,0,0.0,54.61563591722482,99.5
173,2025-05-06 02:00:00,88,1860,86,67,31,0,164,4,city,0,0.0,54.68701046953368,84.5
137,2025-05-06 03:00:00,78,2581,79,86,42,0,15,7,highway,0,0.0,54.60922115311632,79.0
145,2025-05-06 04:00:00,109,3645,97,28,52,0,1,3,city,0,0.05,54.51305246275624,64.0
103,2025-05-06 05:00:00,55,3083,87,71,2,0,137,14,highway,0,0.0,54.55057023369753,99.0
159,2025-05-06 06:00:00,21,3354,87,80,40,1,151,18,city,0,0.02,54.50780414183406,60.0
156,2025-05-06 07:00:00,66,3585,114,19,7,0,180,18,city,1,0.98,54.503730009681206,96.5
144,2025-05-06 08:00:00,55,2480,101,34,25,1,232,1,city,0,0.0,54.610953219029106,67.5
119,2025-05-06 09:00:00,118,1301,83,53,31,0,188,6,city,0,0.0,54.755905043892184,74.5
116,2025-05-06 10:00:00,18,2294,85,67,10,0,18,9,highway,0,0.0,54.6156265879677,95.0
170,2025-05-06 11:00:00,56,3150,119,34,49,0,225,2,highway,1,0.96,54.542235369917556,75.5
103,2025-05-06 12:00:00,43,1239,87,85,0,1,105,8,highway,0,0.0,54.733364821011904,80.0
192,2025-05-06 13:00:00,97,1795,85,49,14,0,206,4,city,0,0.0,54.69792988140013,93.0
113,2025-05-06 14:00:00,34,2505,86,85,3,0,186,10,city,0,0.0,54.600878911283374,98.5
102,2025-05-06 15:00:00,113,723,76,79,3,0,65,1,city,0,0.0,54.81382425331583,88.5
187,2025-05-06 16:00:00,0,1323,81,19,27,1,207,11,highway,0,0.0,54.706452580851774,66.5
179,2025-05-06 17:00:00,51,2535,103,75,9,0,229,9,highway,0,0.0,54.60440828338219,95.5
157,2025-05-06 18:00:00,84,1779,79,34,10,0,69,19,highway,0,0.0,54.694500983830956,95.0
154,2025-05-06 19:00:00,92,1685,74,80,49,0,142,11,highway,0,0.0,54.705677341111304,75.5
103,2025-05-06 20:00:00,69,922,90,96,22,1,206,4,city,0,0.0,54.77514249271676,69.0
123,2025-05-06 21:00:00,36,878,72,20,46,0,174,5,city,0,0.0,54.76538545277884,77.0
133,2025-05-06 22:00:00,64,3547,88,45,2,0,197,17,city,0,0.01,54.506996034793325,99.0
129,2025-05-06 23:00:00,50,3181,114,58,38,0,197,18,city,1,0.96,54.53712362087264,81.0
181,2025-05-07 00:00:00,0,2660,113,57,38,0,228,5,highway,0,0.02,54.570032497570175,81.0
118,2025-05-07 01:00:00,90,2173,104,96,16,0,271,18,city,0,0.01,54.65659565400923,92.0
130,2025-05-07 02:00:00,20,1492,75,16,21,0,199,17,highway,0,0.0,54.69754136856072,89.5
159,2025-05-07 03:00:00,52,1583,83,86,51,0,15,3,highway,0,0.0,54.69990812612386,74.5
159,2025-05-07 04:00:00,15,3239,73,60,26,0,286,11,city,0,0.01,54.51766300830898,87.0
118,2025-05-07 05:00:00,107,1912,114,26,55,0,216,17,highway,0,0.0,54.68836919505851,62.5
148,2025-05-07 06:00:00,60,2301,87,41,15,0,35,8,highway,0,0.0,54.63157378663388,92.5
162,2025-05-07 07:00:00,53,1509,98,35,15,1,69,8,city,0,0.0,54.70930793020345,72.5
182,2025-05-07 08:00:00,39,1660,104,31,39,0,212,2,highway,0,0.0,54.687348576899176,80.5
121,2025-05-07 09:00:00,25,1119,107,22,2,0,46,7,city,0,0.0,54.738259492119234,99.0
123,2025-05-07 10:00:00,79,3396,85,21,51,0,248,6,highway,0,0.01,54.526370708325054,74.5
175,2025-05-07 11:00:00,91,1887,89,80,46,0,85,18,highway,0,0.0,54.68485556843181,77.0
129,2025-05-07 12:00:00,64,1978,93,10,32,1,48,7,highway,0,0.0,54.66533285600845,64.0
157,2025-05-07 13:00:00,99,3223,104,42,41,0,231,18,highway,1,0.97,54.55240380914208,79.5
130,2025-05-07 14:00:00,73,2140,113,23,1,0,67,12,highway,0,0.01,54.65373953661127,99.5
199,2025-05-07 15:00:00,63,2917,88,73,38,0,89,7,city,0,0.0,54.569191560986134,81.0
163,2025-05-07 16:00:00,42,2040,73,52,45,0,219,7,highway,0,0.0,54.64966247371268,77.5
118,2025-05-07 17:00:00,16,2921,102,67,47,0,52,1,highway,0,0.01,54.54954541688966,76.5
147,2025-05-07 18:00:00,58,3217,71,50,26,0,22,10,highway,0,0.0,54.53716549501365,87.0
144,2025-05-07 19:00:00,22,3092,82,90,59,0,99,10,highway,0,0.01,54.53407328087241,70.5
199,2025-05-07 20:00:00,6,3192,114,77,14,0,131,12,city,1,0.86,54.519320059061464,93.0
193,2025-05-07 21:00:00,43,1741,99,48,6,0,88,3,highway,0,0.0,54.6820670283853,97.0
154,2025-05-07 22:00:00,52,1793,103,10,44,1,136,3,highway,0,0.01,54.67883791195329,58.0
154,2025-05-07 23:00:00,70,2061,99,50,56,0,39,13,highway,0,0.0,54.658319254990055,72.0
196,2025-05-08 00:00:00,107,3375,93,54,41,0,18,13,city,0,0.01,54.54015784416892,69.5
117,2025-05-08 01:00:00,78,1291,117,97,8,0,105,6,highway,0,0.0,54.741802290315576,96.0
162,2025-05-08 02:00:00,33,1226,113,97,40,0,146,3,highway,0,0.01,54.72903547579728,80.0
191,2025-05-08 03:00:00,45,3203,102,88,5,1,224,15,highway,1,0.98,54.53422861677387,77.5
146,2025-05-08 04:00:00,108,1992,110,90,55,0,117,9,city,0,0.0,54.680634876785426,62.5
174,2025-05-08 05:00:00,67,2354,118,22,56,1,1,6,highway,0,0.04,54.62731722254343,52.0
156,2025-05-08 06:00:00,77,1510,79,80,11,0,117,6,highway,0,0.0,54.71900621248406,94.5
144,2025-05-08 07:00:00,77,887,87,18,29,0,26,8,highway,0,0.0,54.781627689930836,85.5
132,2025-05-08 08:00:00,15,3768,88,72,54,0,12,11,city,0,0.0,54.4627194230269,73.0
116,2025-05-08 09:00:00,70,2292,76,32,19,0,294,19,highway,0,0.0,54.63634058787379,90.5
169,2025-05-08 10:00:00,95,3458,88,63,19,0,169,16,highway,0,0.0,54.527798689920395,90.5
103,2025-05-08 11:00:00,18,1228,93,56,53,1,53,9,highway,0,0.0,54.722277571227515,53.5
119,2025-05-08 12:00:00,1,1133,84,48,45,0,269,11,highway,0,0.0,54.72544037697695,77.5
146,2025-05-08 13:00:00,9,3035,110,96,26,1,248,16,city,1,0.96,54.53600029414754,67.0
190,2025-05-08 14:00:00,49,2641,111,35,19,0,128,6,city,0,0.0,54.59241620751392,90.5
114,2025-05-08 15:00:00,80,3246,92,10,58,0,76,17,city,0,0.01,54.54174056246891,71.0
169,2025-05-08 16:00:00,100,2504,73,23,6,0,269,16,highway,0,0.0,54.6273578598935,97.0
146,2025-05-08 17:00:00,11,1002,107,83,39,0,146,18,city,0,0.01,54.74302339125741,80.5
177,2025-05-08 18:00:00,69,786,73,74,39,1,48,1,highway,0,0.0,54.78827799363808,60.5
174,2025-05-08 19:00:00,21,3577,74,78,29,0,199,18,highway,0,0.01,54.48557548189841,85.5
108,2025-05-08 20:00:00,31,1137,110,76,7,0,71,8,highway,0,0.0,54.738633484103126,96.5
189,2025-05-08 21:00:00,104,3288,113,58,1,0,92,10,city,1,0.99,54.549437289354074,89.5
115,2025-05-08 22:00:00,83,1745,92,59,13,1,209,2,city,0,0.0,54.69743447781608,73.5
168,2025-05-08 23:00:00,0,1532,109,67,9,0,48,9,highway,0,0.0,54.68593403910496,95.5
160,2025-05-09 00:00:00,53,1496,106,62,49,0,29,4,highway,0,0.0,54.70923917275553,75.5
109,2025-05-09 01:00:00,110,1259,80,66,17,0,176,11,city,0,0.0,54.75753693334302,81.5
149,2025-05-09 02:00:00,116,1461,80,95,17,0,19,10,city,0,0.0,54.73940304332909,81.5
102,2025-05-09 03:00:00,57,2398,82,27,15,0,47,14,highway,0,0.0,54.62050454500173,92.5
176,2025-05-09 04:00:00,69,3214,83,25,51,0,60,7,city,0,0.0,54.540864581242964,74.5
193,2025-05-09 05:00:00,82,1824,77,11,4,0,176,19,highway,0,0.0,54.68936698899439,98.0
169,2025-05-09 06:00:00,17,3422,94,22,51,0,255,6,city,0,0.0,54.498832650435304,74.5
180,2025-05-09 07:00:00,5,1384,87,54,30,1,229,16,city,0,0.0,54.702133861441084,65.0
150,2025-05-09 08:00:00,44,1864,113,89,36,0,147,19,city,0,0.01,54.668732496669506,82.0
118,2025-05-09 09:00:00,96,837,113,81,19,1,298,19,highway,0,0.04,54.794750432820244,70.5
141,2025-05-09 10:00:00,22,1277,87,52,22,0,239,13,highway,0,0.0,54.720168542360305,89.0
134,2025-05-09 11:00:00,22,1409,79,81,31,0,188,12,highway,0,0.0,54.70637625697033,84.5
145,2025-05-09 12:00:00,25,927,76,63,41,0,209,15,highway,0,0.0,54.75619012710754,79.5
125,2025-05-09 13:00:00,76,3028,119,83,16,0,75,8,city,1,0.99,54.56402273300295,92.0
168,2025-05-09 14:00:00,6,3431,113,40,12,1,183,4,highway,1,0.98,54.49509607156482,74.0
192,2025-05-09 15:00:00,78,1527,83,85,48,1,87,8,city,0,0.0,54.71616531205768,56.0
163,2025-05-09 16:00:00,43,1130,84,18,49,0,271,16,highway,0,0.0,54.742445461540086,75.5
136,2025-05-09 17:00:00,26,1763,85,82,12,1,180,16,highway,0,0.0,54.6727584835607,74.0
183,2025-05-09 18:00:00,25,2409,71,57,16,0,245,2,highway,0,0.0,54.606496490395315,92.0
148,2025-05-09 19:00:00,96,2386,99,27,59,1,7,17,city,0,0.0,54.63558409568784,50.5
120,2025-05-09 20:00:00,78,1934,99,96,14,0,269,5,city,0,0.0,54.67616509205202,93.0
173,2025-05-09 21:00:00,35,1001,87,20,25,1,13,5,city,0,0.01,54.75333413710032,67.5
163,2025-05-09 22:00:00,108,1809,100,71,43,1,226,12,highway,0,0.0,54.69973647602495,48.5
104,2025-05-09 23:00:00,54,2120,113,93,27,0,266,7,highway,0,0.01,54.64708113920391,86.5
199,2025-05-10 00:00:00,63,1232,117,28,41,0,242,5,city,0,0.0,54.740429822921925,79.5
169,2025-05-10 01:00:00,90,1468,82,99,44,0,180,4,city,0,0.0,54.727147292528485,78.0
189,2025-05-10 02:00:00,56,2638,89,83,29,0,180,17,city,0,0.0,54.59512283650009,85.5
103,2025-05-10 03:00:00,68,2104,118,33,42,1,126,6,city,0,0.01,54.65371591016826,59.0
138,2025-05-10 04:00:00,60,1143,119,22,34,0,283,14,highway,0,0.0,54.748562740397425,83.0
134,2025-05-10 05:00:00,1,3804,104,55,21,0,190,9,highway,1,0.99,54.45478701574397,89.5
100,2025-05-10 06:00:00,54,959,92,62,9,0,16,4,highway,0,0.0,54.765888737333775,95.5
123,2025-05-10 07:00:00,96,2238,111,38,10,0,21,11,highway,0,0.0,54.65263981862558,95.0
156,2025-05-10 08:00:00,79,2031,102,45,37,0,16,16,highway,0,0.0,54.66576105347288,81.5
199,2025-05-10 09:00:00,86,3486,107,80,32,0,269,16,city,1,0.99,54.52080572790481,84.0
169,2025-05-10 10:00:00,37,3543,104,26,5,0,33,16,city,1,0.95,54.496439208886216,97.5
140,2025-05-10 11:00:00,118,769,105,57,36,0,182,6,highway,0,0.0,54.80980379937692,72.0
153,2025-05-10 12:00:00,79,2177,89,86,6,0,69,15,city,0,0.0,54.65218126826111,97.0
145,2025-05-10 13:00:00,77,2162,72,33,53,0,52,3,highway,0,0.0,54.65098108915404,73.5
159,2025-05-10 14:00:00,28,2548,77,63,43,0,65,9,highway,0,0.0,54.592460541828544,78.5
159,2025-05-10 15:00:00,25,3730,109,94,11,0,228,1,city,1,0.98,54.47235808209108,94.5
156,2025-05-10 16:00:00,34,1180,101,10,6,1,222,11,city,0,0.0,54.73550592478442,77.0
130,2025-05-10 17:00:00,78,1867,98,88,1,0,272,6,highway,0,0.0,54.68351064023634,99.5
183,2025-05-10 18:00:00,66,2771,76,76,59,1,18,5,highway,0,0.0,54.5843849580728,50.5
123,2025-05-10 19:00:00,86,3712,71,15,0,0,218,18,city,0,0.01,54.4991310164813,100.0
188,2025-05-10 20:00:00,28,3493,90,87,22,1,273,12,city,0,0.03,54.49721505693642,69.0
135,2025-05-10 21:00:00,33,3592,75,64,24,0,173,7,highway,0,0.0,54.48907272363139,88.0
184,2025-05-10 22:00:00,96,1898,97,47,17,1,56,2,city,0,0.0,54.68693076139758,71.5
129,2025-05-10 23:00:00,40,3072,117,42,43,1,9,7,highway,1,0.97,54.54398901232245,58.5
123,2025-05-11 00:00:00,40,2592,111,17,6,0,283,9,highway,0,0.0,54.59431756086481,97.0
129,2025-05-11 01:00:00,22,2394,105,99,50,1,293,8,city,0,0.0,54.6054265846348,55.0
185,2025-05-11 02:00:00,70,2583,101,88,53,0,22,9,city,0,0.0,54.60535566508097,73.5
191,2025-05-11 03:00:00,2,2071,114,87,2,0,72,10,highway,0,0.02,54.632208241206335,99.0
106,2025-05-11 04:00:00,57,1497,111,29,28,0,172,12,city,0,0.0,54.71160257594195,86.0
134,2025-05-11 05:00:00,31,717,115,64,9,1,123,2,city,0,0.0,54.78126479372947,75.5
154,2025-05-11 06:00:00,30,743,78,57,58,1,91,10,city,0,0.0,54.77621470138221,51.0
191,2025-05-11 07:00:00,81,854,80,92,58,0,224,3,city,0,0.0,54.78540348344777,71.0
113,2025-05-11 08:00:00,42,1566,92,65,42,0,292,1,city,0,0.0,54.69799000447307,79.0
109,2025-05-11 09:00:00,6,3669,119,97,4,1,252,17,highway,1,0.94,54.471219222623084,78.0
179,2025-05-11 10:00:00,104,1442,80,19,33,0,298,1,city,0,0.0,54.735862618733954,73.5
115,2025-05-11 11:00:00,0,2551,118,61,7,1,256,5,city,0,0.0,54.58238567999968,76.5
153,2025-05-11 12:00:00,60,2125,71,59,13,0,13,14,city,0,0.0,54.64955443274951,93.5
194,2025-05-11 13:00:00,13,924,72,43,39,0,118,6,highway,0,0.0,54.75175885784309,80.5
188,2025-05-11 14:00:00,51,916,80,45,54,0,178,9,highway,0,0.0,54.767216398606756,73.0
176,2025-05-11 15:00:00,95,730,119,70,5,0,161,14,highway,0,0.01,54.805803289558675,97.5
169,2025-05-11 16:00:00,5,2592,104,25,0,0,95,4,city,0,0.01,54.580509986573034,100.0
143,2025-05-11 17:00:00,102,1782,84,88,55,0,168,1,highway,0,0.0,54.6995823500979,62.5
172,2025-05-11 18:00:00,9,2615,112,27,32,0,87,6,city,0,0.0,54.578467976678816,84.0
144,2025-05-11 19:00:00,70,1597,80,80,39,0,3,7,city,0,0.0,54.706202501459984,80.5
199,2025-05-11 20:00:00,89,3682,100,56,10,0,16,6,highway,0,0.02,54.50297743025043,95.0
155,2025-05-11 21:00:00,97,1144,97,95,49,0,130,1,highway,0,0.0,54.7627034852378,75.5
183,2025-05-11 22:00:00,29,1958,97,41,23,0,23,8,highway,0,0.0,54.653681960284345,88.5
181,2025-05-11 23:00:00,99,1830,101,52,9,0,98,12,highway,0,0.0,54.69537801776263,95.5
156,2025-05-12 00:00:00,20,1914,94,92,43,0,158,11,city,0,0.0,54.653724900539345,78.5
120,2025-05-12 01:00:00,59,2715,89,49,51,0,239,2,highway,0,0.0,54.587596692365906,74.5
167,2025-05-12 02:00:00,80,3277,97,74,22,1,10,2,city,0,0.0,54.54006057104263,69.0
149,2025-05-12 03:00:00,96,2636,94,44,15,0,22,2,highway,0,0.0,54.611959515653886,92.5
132,2025-05-12 04:00:00,73,1437,80,78,36,1,184,8,highway,0,0.0,54.72380143188952,62.0
190,2025-05-12 05:00:00,114,2402,88,59,15,0,217,7,highway,0,0.0,54.64298409195986,82.5
106,2025-05-12 06:00:00,62,1573,97,21,55,1,214,16,city,0,0.0,54.70477662527609,52.5
169,2025-05-12 07:00:00,110,1265,70,85,43,0,158,9,highway,0,0.0,54.75586316975117,68.5
114,2025-05-12 08:00:00,41,2718,74,94,30,0,210,16,city,0,0.0,54.580923376054656,85.0
181,2025-05-12 09:00:00,50,2585,79,67,5,1,133,2,city,0,0.0,54.59908550014892,77.5
131,2025-05-12 10:00:00,63,2823,111,92,29,0,53,3,city,0,0.0,54.57911932570799,85.5
174,2025-05-12 11:00:00,75,1246,115,72,36,0,229,2,city,0,0.0,54.74402876256722,82.0
119,2025-05-12 12:00:00,55,3014,103,82,0,0,183,19,city,1,0.96,54.557669203195054,100.0
187,2025-05-12 13:00:00,79,1016,105,58,50,0,23,17,city,0,0.01,54.768452646417444,75.0
114,2025-05-12 14:00:00,40,3892,71,45,41,1,106,12,city,0,0.02,54.46067853776861,59.5
147,2025-05-12 15:00:00,31,2559,87,63,24,1,91,11,city,0,0.0,54.59332363763183,68.0
170,2025-05-12 16:00:00,14,724,82,56,45,0,119,19,city,0,0.0,54.772254514376655,77.5
120,2025-05-12 17:00:00,61,859,74,41,56,0,138,6,highway,0,0.0,54.77694651318549,72.0
141,2025-05-12 18:00:00,26,3343,89,62,20,1,120,10,highway,0,0.0,54.511748527906946,70.0
125,2025-05-12 19:00:00,27,1837,71,41,34,1,161,14,highway,0,0.0,54.66473440373866,63.0
113,2025-05-12 20:00:00,80,1599,80,71,37,0,208,1,city,0,0.0,54.71009606630699,81.5
156,2025-05-12 21:00:00,63,3249,99,46,4,0,155,15,city,0,0.04,54.536818684404366,98.0
136,2025-05-12 22:00:00,109,1889,101,47,48,0,263,6,highway,0,0.0,54.69179762388303,66.0
157,2025-05-12 23:00:00,58,3760,101,39,49,1,155,13,highway,1,0.93,54.48100267282794,55.5
120,2025-05-13 00:00:00,113,1402,119,67,11,0,286,14,city,0,0.0,54.74444411666127,84.5
181,2025-05-13 01:00:00,57,3946,107,41,4,0,259,13,highway,1,0.99,54.46352615124374,98.0
168,2025-05-13 02:00:00,1,700,97,75,8,0,157,16,city,0,0.0,54.770989123640334,96.0
102,2025-05-13 03:00:00,35,2622,79,60,43,1,14,1,highway,0,0.0,54.58774549930383,58.5
186,2025-05-13 04:00:00,113,3488,91,20,51,1,77,14,city,0,0.01,54.53066600061369,44.5
189,2025-05-13 05:00:00,70,3857,86,68,8,0,220,13,city,0,0.02,54.47763332960638,96.0
136,2025-05-13 06:00:00,12,3067,91,29,34,0,232,10,city,0,0.0,54.53362325090044,83.0
187,2025-05-13 07:00:00,14,2124,112,46,0,1,294,10,city,0,0.01,54.631718241949905,80.0
148,2025-05-13 08:00:00,88,1081,88,82,53,0,142,4,highway,0,0.0,54.76533319420712,73.5
118,2025-05-13 09:00:00,86,2441,86,58,46,0,251,14,city,0,0.0,54.62650735144517,77.0
188,2025-05-13 10:00:00,59,2526,93,28,9,0,296,12,city,0,0.0,54.60853568229235,95.5
184,2025-05-13 11:00:00,21,1973,105,64,45,0,140,6,highway,0,0.0,54.64804442487741,77.5
111,2025-05-13 12:00:00,62,2248,101,49,38,0,142,15,highway,0,0.0,54.636825949614966,81.0
160,2025-05-13 13:00:00,89,2278,115,16,35,0,129,5,highway,0,0.0,54.644738629801786,82.5
140,2025-05-13 14:00:00,96,1597,105,14,57,0,18,10,city,0,0.0,54.715905562054864,71.5
132,2025-05-13 15:00:00,74,1416,97,51,36,1,243,9,city,0,0.0,54.72633860276062,62.0
149,2025-05-13 16:00:00,73,3054,83,97,51,0,164,10,highway,0,0.02,54.55874230606361,74.5
167,2025-05-13 17:00:00,24,3915,105,57,47,0,96,12,highway,1,0.97,54.451669809744104,76.5
170,2025-05-13 18:00:00,100,1090,75,16,34,0,28,4,highway,0,0.0,54.77001331824675,83.0
185,2025-05-13 19:00:00,47,2399,78,20,16,0,230,4,city,0,0.0,54.61634679319154,92.0
132,2025-05-13 20:00:00,42,3940,90,82,12,1,25,13,highway,0,0.01,54.45778636384136,74.0
180,2025-05-13 21:00:00,116,3737,81,58,5,0,175,14,highway,0,0.01,54.50842947617682,87.5
123,2025-05-13 22:00:00,37,3045,99,39,57,0,161,12,city,0,0.0,54.54495761698509,71.5
160,2025-05-13 23:00:00,40,932,100,50,36,0,30,13,city,0,0.0,54.761908892100934,82.0
160,2025-05-14 00:00:00,44,2626,109,12,47,0,165,13,city,0,0.0,54.59078871297118,76.5
197,2025-05-14 01:00:00,87,3018,73,95,31,0,208,2,highway,0,0.02,54.56884277235616,84.5
127,2025-05-14 02:00:00,39,3831,100,49,10,0,102,19,city,0,0.02,54.467748705694405,95.0
157,2025-05-14 03:00:00,109,2019,96,60,16,0,106,9,city,0,0.0,54.679885912042124,82.0
142,2025-05-14 04:00:00,119,3424,94,93,4,0,69,10,highway,0,0.01,54.541506373643585,88.0
140,2025-05-14 05:00:00,96,1405,74,41,5,0,8,17,city,0,0.0,54.737558713455925,97.5
138,2025-05-14 06:00:00,16,933,75,57,9,0,123,10,highway,0,0.0,54.75327532398246,95.5
185,2025-05-14 07:00:00,87,2091,74,80,52,0,101,13,highway,0,0.0,54.66225769482654,74.0
148,2025-05-14 08:00:00,100,3592,96,80,32,0,1,1,city,0,0.02,54.51564695517277,84.0
116,2025-05-14 09:00:00,56,1955,77,29,29,1,7,2,highway,0,0.0,54.66458251061379,65.5
197,2025-05-14 10:00:00,1,2596,78,98,20,0,111,17,highway,0,0.0,54.577679000598785,90.0
169,2025-05-14 11:00:00,95,3238,84,44,41,0,186,13,highway,0,0.0,54.54927228160766,79.5
169,2025-05-14 12:00:00,61,3250,105,33,16,1,216,17,city,1,0.99,54.53542307578203,72.0
197,2025-05-14 13:00:00,87,1589,110,49,26,0,123,13,highway,0,0.02,54.714373622928484,87.0
164,2025-05-14 14:00:00,8,1291,76,86,2,0,201,17,highway,0,0.0,54.713941701089425,99.0
173,2025-05-14 15:00:00,67,1445,101,61,59,1,8,19,city,0,0.01,54.71963790451987,50.5
184,2025-05-14 16:00:00,80,2419,77,48,28,0,64,14,city,0,0.0,54.62707193916952,86.0
104,2025-05-14 17:00:00,16,1127,116,77,1,0,136,10,highway,0,0.0,54.73387318318275,99.5
101,2025-05-14 18:00:00,116,3444,84,70,28,0,186,2,highway,0,0.02,54.537286108689585,76.0
121,2025-05-14 19:00:00,49,3393,106,85,48,0,127,14,city,1,0.99,54.514753081010994,76.0
156,2025-05-14 20:00:00,111,1431,88,90,35,0,49,17,highway,0,0.0,54.739710085208806,72.5
165,2025-05-14 21:00:00,93,1499,108,74,33,0,166,5,city,0,0.0,54.72564917589527,83.5
173,2025-05-14 22:00:00,39,3111,75,71,36,0,127,18,city,0,0.02,54.53990762644597,82.0
197,2025-05-14 23:00:00,57,901,88,90,41,0,177,3,city,0,0.0,54.771682743624964,79.5
115,2025-05-15 00:00:00,74,3629,97,11,0,0,203,16,highway,0,0.02,54.50275376665483,100.0
150,2025-05-15 01:00:00,84,2893,86,15,59,1,157,19,city,0,0.0,54.57920507759331,50.5
138,2025-05-15 02:00:00,20,1535,111,84,25,0,219,18,city,0,0.0,54.693004731235945,87.5
185,2025-05-15 03:00:00,17,3386,88,52,0,0,285,5,city,0,0.01,54.504580020740875,100.0
175,2025-05-15 04:00:00,54,834,100,91,58,0,289,8,highway,0,0.0,54.77659654445905,71.0
187,2025-05-15 05:00:00,28,3373,80,49,57,0,28,6,highway,0,0.0,54.50798706933284,71.5
139,2025-05-15 06:00:00,23,1987,84,98,3,0,83,15,city,0,0.0,54.64914176802797,98.5
137,2025-05-15 07:00:00,73,2811,79,48,38,0,112,3,city,0,0.0,54.583986686816026,81.0
159,2025-05-15 08:00:00,108,3238,112,37,13,0,154,9,highway,1,0.99,54.555637362534455,83.5
158,2025-05-15 09:00:00,16,740,92,89,45,1,29,11,highway,0,0.0,54.771430377204375,57.5
109,2025-05-15 10:00:00,17,3774,72,72,17,0,213,14,highway,0,0.02,54.46442581560717,91.5
198,2025-05-15 11:00:00,41,1612,72,73,33,0,102,9,city,0,0.0,54.693278546757895,83.5
163,2025-05-15 12:00:00,111,2429,87,21,0,0,214,10,highway,0,0.0,54.63964730579652,90.0
162,2025-05-15 13:00:00,83,1674,94,50,52,1,155,15,city,0,0.0,54.70305966541382,54.0
148,2025-05-15 14:00:00,100,1833,112,38,21,1,200,18,city,0,0.02,54.69498355745288,69.5
163,2025-05-15 15:00:00,44,3992,89,32,15,1,168,19,highway,0,0.01,54.4531783815043,72.5
131,2025-05-15 16:00:00,81,3115,98,94,21,1,238,7,city,0,0.0,54.556978054324446,69.5
106,2025-05-15 17:00:00,16,2159,91,89,49,0,159,19,city,0,0.0,54.62695741252901,75.5
120,2025-05-15 18:00:00,72,3665,119,60,15,0,193,5,highway,1,0.99,54.49767601078003,92.5
119,2025-05-15 19:00:00,13,3775,84,54,27,0,167,18,city,0,0.01,54.46230899110754,86.5
125,2025-05-15 20:00:00,48,2740,108,99,27,0,226,1,city,0,0.01,54.58161934529182,86.5
167,2025-05-15 21:00:00,28,943,79,31,54,0,251,12,highway,0,0.0,54.7552357165887,73.0
185,2025-05-15 22:00:00,94,3649,90,19,21,1,280,6,city,0,0.04,54.50789106040757,69.5
114,2025-05-15 23:00:00,3,865,98,16,55,0,221,13,highway,0,0.0,54.75308937916553,72.5
184,2025-05-16 00:00:00,81,1749,101,82,5,1,23,17,highway,0,0.02,54.69655191093212,77.5
178,2025-05-16 01:00:00,19,2197,79,98,24,1,189,9,city,0,0.0,54.62532010534229,68.0
185,2025-05-16 02:00:00,119,3788,82,24,41,0,272,1,city,0,0.01,54.5029747829302,69.5
191,2025-05-16 03:00:00,119,1427,116,86,1,1,27,12,highway,0,0.01,54.74471982486543,69.5
113,2025-05-16 04:00:00,46,1815,92,55,6,0,210,1,highway,0,0.0,54.675745927010944,97.0
126,2025-05-16 05:00:00,106,1182,119,99,52,0,35,4,city,0,0.0,54.76232987666009,64.0
139,2025-05-16 06:00:00,107,3290,92,94,16,0,198,7,city,0,0.0,54.549824836060175,82.0
157,2025-05-16 07:00:00,8,3976,100,96,34,0,174,5,city,0,0.08,54.439573789753055,83.0
127,2025-05-16 08:00:00,76,3678,73,70,19,1,218,5,highway,0,0.03,54.49779636967447,70.5
125,2025-05-16 09:00:00,78,3147,118,70,43,0,56,7,city,1,1.0,54.55161922797014,78.5
162,2025-05-16 10:00:00,26,1930,72,60,1,0,152,17,city,0,0.0,54.656224906714904,99.5
165,2025-05-16 11:00:00,14,3366,90,47,6,0,38,12,city,0,0.0,54.50516399420742,97.0
124,2025-05-16 12:00:00,91,3917,71,21,31,0,198,15,city,0,0.0,54.47902240803125,84.5
102,2025-05-16 13:00:00,100,3626,73,97,48,0,9,3,highway,0,0.09,54.51153471777367,76.0
171,2025-05-16 14:00:00,118,2848,70,86,18,0,178,17,highway,0,0.0,54.59911016159404,81.0
143,2025-05-16 15:00:00,18,1579,84,75,11,0,176,14,city,0,0.0,54.688299688501836,94.5
196,2025-05-16 16:00:00,89,1529,102,63,8,0,261,15,city,0,0.01,54.722014849020226,96.0
141,2025-05-16 17:00:00,51,2724,75,48,26,0,84,15,highway,0,0.0,54.58449196279992,87.0
198,2025-05-16 18:00:00,25,1458,76,85,13,0,139,15,city,0,0.0,54.70333392533174,93.5
105,2025-05-16 19:00:00,88,862,88,48,1,0,242,19,highway,0,0.01,54.78973218924079,99.5
138,2025-05-16 20:00:00,25,1896,113,87,20,1,155,11,highway,0,0.0,54.658503892319764,70.0
151,2025-05-16 21:00:00,25,3249,70,39,3,0,221,18,highway,0,0.0,54.52160203210653,98.5
122,2025-05-16 22:00:00,45,3294,108,57,59,0,135,10,highway,1,1.0,54.52276514096947,70.5
188,2025-05-16 23:00:00,91,2007,88,92,50,0,188,9,city,0,0.0,54.67248819185849,75.0
149,2025-05-17 00:00:00,48,3128,114,40,20,0,178,3,highway,1,0.99,54.542446902728514,90.0
142,2025-05-17 01:00:00,81,3617,95,34,47,0,67,1,city,0,0.01,54.5048621262225,76.5
118,2025-05-17 02:00:00,95,3652,113,77,21,1,69,11,city,1,1.0,54.507987481383026,69.5
168,2025-05-17 03:00:00,52,2695,81,60,48,0,77,16,highway,0,0.0,54.58694276794671,76.0
150,2025-05-17 04:00:00,2,2634,91,22,1,1,12,3,highway,0,0.01,54.57499322334465,79.5
110,2025-05-17 05:00:00,65,2256,82,72,16,1,283,9,highway,0,0.0,54.63811685947651,72.0
111,2025-05-17 06:00:00,96,3934,97,51,18,1,246,11,city,0,0.02,54.47983290514285,71.0
173,2025-05-17 07:00:00,41,3749,83,63,39,0,237,17,highway,0,0.0,54.47570466749013,80.5
107,2025-05-17 08:00:00,18,3356,91,76,23,1,252,1,highway,0,0.01,54.50709161702622,68.5
123,2025-05-17 09:00:00,16,1006,99,89,19,0,207,9,highway,0,0.0,54.74544230864552,90.5
191,2025-05-17 10:00:00,107,2062,113,99,37,0,108,3,city,0,0.01,54.6738508301385,71.5
140,2025-05-17 11:00:00,32,2802,89,65,11,0,209,10,highway,0,0.0,54.56954434770975,94.5
135,2025-05-17 12:00:00,75,3730,113,28,24,1,293,5,highway,1,0.93,54.49190202965265,68.0
184,2025-05-17 13:00:00,48,1032,96,55,22,0,113,11,highway,0,0.0,54.75552391340108,89.0
171,2025-05-17 14:00:00,55,2874,107,24,49,0,15,5,city,0,0.0,54.569902479005115,75.5
154,2025-05-17 15:00:00,62,3452,111,41,58,1,83,12,highway,1,0.99,54.51356352770786,51.0
108,2025-05-17 16:00:00,2,942,110,58,33,0,65,14,city,0,0.0,54.74575707422744,83.5
146,2025-05-17 17:00:00,106,2584,103,30,31,0,3,12,city,0,0.0,54.6206084458383,74.5
114,2025-05-17 18:00:00,48,3347,108,74,50,0,236,19,city,1,0.93,54.51894785671771,75.0
147,2025-05-17 19:00:00,54,2132,110,79,23,1,129,9,city,0,0.0,54.64602439135115,68.5
181,2025-05-17 20:00:00,25,3250,113,36,41,0,247,7,city,1,0.98,54.519945876791084,79.5
141,2025-05-17 21:00:00,98,3351,106,32,24,0,235,16,highway,1,1.0,54.5396803768069,88.0
159,2025-05-17 22:00:00,71,1002,70,56,2,0,30,7,highway,0,0.0,54.768627824631416,99.0
183,2025-05-17 23:00:00,51,934,84,21,24,0,71,14,city,0,0.0,54.76661303939801,88.0
169,2025-05-18 00:00:00,99,3809,101,94,27,0,148,8,city,1,0.88,54.49338152735602,86.5
111,2025-05-18 01:00:00,116,2886,77,75,11,0,93,18,city,0,0.0,54.59472895891748,84.5
101,2025-05-18 02:00:00,117,894,102,14,25,0,283,3,city,0,0.0,54.797140020136105,77.5
106,2025-05-18 03:00:00,6,2250,87,18,47,0,217,2,highway,0,0.0,54.613769568931424,76.5
179,2025-05-18 04:00:00,45,2492,114,29,43,1,238,5,highway,0,0.0,54.604981375029375,58.5
102,2025-05-18 05:00:00,45,1346,98,91,7,0,227,8,city,0,0.0,54.72299982640226,96.5
102,2025-05-18 06:00:00,99,2748,101,72,4,0,219,19,city,0,0.01,54.60222386812285,98.0
126,2025-05-18 07:00:00,15,1260,102,95,10,0,31,9,city,0,0.0,54.71957768516805,95.0
139,2025-05-18 08:00:00,23,1819,74,81,41,0,114,2,highway,0,0.0,54.66467255989439,79.5
132,2025-05-18 09:00:00,60,1412,87,82,34,1,102,15,city,0,0.0,54.72120600198368,63.0
191,2025-05-18 10:00:00,53,1112,117,80,26,0,93,8,highway,0,0.0,54.74923202688257,87.0
100,2025-05-18 11:00:00,61,1237,79,39,54,0,207,10,highway,0,0.0,54.73858651587654,73.0
107,2025-05-18 12:00:00,0,2578,105,91,40,0,229,7,city,0,0.0,54.57828991283278,80.0
131,2025-05-18 13:00:00,48,3176,102,25,43,0,71,19,highway,1,0.97,54.53662454714058,78.5
147,2025-05-18 14:00:00,24,934,92,94,37,0,136,1,city,0,0.0,54.75524035410396,81.5
103,2025-05-18 15:00:00,9,3096,109,14,18,1,284,2,highway,1,0.97,54.53012397568623,71.0
193,2025-05-18 16:00:00,117,2479,74,38,47,1,17,3,city,0,0.0,54.63504888008802,46.5
169,2025-05-18 17:00:00,79,2593,103,56,52,0,215,14,city,0,0.0,54.60799322514325,74.0
118,2025-05-18 18:00:00,15,2204,93,31,54,0,244,15,city,0,0.0,54.62177495789342,73.0
131,2025-05-18 19:00:00,57,2562,86,87,55,0,95,14,city,0,0.0,54.60218981643079,72.5
108,2025-05-18 20:00:00,71,3143,100,66,31,0,121,8,city,0,0.03,54.549706297917744,84.5
111,2025-05-18 21:00:00,28,2074,76,92,45,0,6,18,city,0,0.0,54.640583538720094,77.5
110,2025-05-18 22:00:00,102,1115,86,44,27,0,268,17,highway,0,0.0,54.768560247279964,76.5
145,2025-05-18 23:00:00,91,2609,97,97,35,0,87,7,highway,0,0.0,54.61187965024911,82.5
115,2025-05-19 00:00:00,5,1615,107,69,17,1,189,1,city,0,0.0,54.67917343175442,71.5
100,2025-05-19 01:00:00,15,3822,91,79,9,0,103,9,highway,0,0.0,54.45906854058118,95.5
162,2025-05-19 02:00:00,19,780,84,69,31,0,104,9,city,0,0.0,54.769139699681595,84.5
120,2025-05-19 03:00:00,79,2783,106,67,17,0,291,11,highway,0,0.0,54.590102358884515,91.5
129,2025-05-19 04:00:00,70,1790,84,12,11,1,67,19,highway,0,0.0,54.687720194047934,74.5
112,2025-05-19 05:00:00,104,3388,119,43,50,0,106,6,city,1,1.0,54.537263066207636,65.0
133,2025-05-19 06:00:00,77,3629,119,54,7,0,248,7,city,1,0.98,54.503671963375695,96.5
103,2025-05-19 07:00:00,42,2390,94,59,32,0,207,15,highway,0,0.0,54.614599992460086,84.0
127,2025-05-19 08:00:00,25,1456,90,11,45,0,205,6,highway,0,0.0,54.70222830439585,77.5
194,2025-05-19 09:00:00,89,3370,107,24,54,0,83,9,highway,1,0.93,54.53290728084815,73.0
158,2025-05-19 10:00:00,77,1167,71,46,37,1,82,15,highway,0,0.0,54.75282502029146,61.5
126,2025-05-19 11:00:00,70,1865,96,24,13,0,287,6,highway,0,0.0,54.6800110370765,93.5
168,2025-05-19 12:00:00,32,3103,118,69,1,0,37,7,highway,1,1.0,54.53934234383947,99.5
124,2025-05-19 13:00:00,25,3456,101,94,8,0,213,17,city,1,0.96,54.50034603038772,96.0
102,2025-05-19 14:00:00,44,2194,90,73,43,0,133,6,highway,0,0.0,54.63488583818795,78.5
196,2025-05-19 15:00:00,83,2344,73,90,4,0,115,9,city,0,0.0,54.63688558930105,98.0
167,2025-05-19 16:00:00,62,1719,113,61,33,1,211,3,highway,0,0.0,54.69082867910041,63.5
124,2025-05-19 17:00:00,66,2314,88,32,18,0,132,14,city,0,0.0,54.6325380817269,91.0
119,2025-05-19 18:00:00,51,1601,71,46,6,1,154,6,city,0,0.0,54.69951685380921,77.0
133,2025-05-19 19:00:00,67,1372,95,50,38,0,294,4,city,0,0.0,54.72792089436824,81.0
125,2025-05-19 20:00:00,25,1138,103,66,41,0,182,16,city,0,0.0,54.734731867608275,79.5
104,2025-05-19 21:00:00,74,3278,83,34,16,0,147,16,highway,0,0.0,54.53779522549844,92.0
198,2025-05-19 22:00:00,1,826,84,46,25,0,222,9,city,0,0.0,54.757479771534136,87.5
160,2025-05-19 23:00:00,13,2952,89,49,45,0,282,4,city,0,0.0,54.54527005101807,77.5
191,2025-05-20 00:00:00,107,2776,103,94,26,0,127,8,highway,0,0.0,54.60168849525434,77.0
192,2025-05-20 01:00:00,29,1144,105,55,42,0,203,8,highway,0,0.0,54.73568683221024,79.0
108,2025-05-20 02:00:00,48,1665,88,69,27,0,118,6,highway,0,0.0,54.690944601034474,86.5
149,2025-05-20 03:00:00,11,1163,78,28,19,0,61,8,city,0,0.0,54.727468162849426,90.5
105,2025-05-20 04:00:00,89,2898,76,18,5,0,231,6,highway,0,0.0,54.58291312737716,97.5
182,2025-05-20 05:00:00,43,2987,99,78,7,1,150,14,city,0,0.0,54.55531052286237,76.5
159,2025-05-20 06:00:00,32,3013,82,14,31,0,145,14,city,0,0.03,54.54726795273517,84.5
143,2025-05-20 07:00:00,12,3876,96,98,18,0,111,18,city,0,0.0,54.45200414821484,91.0
110,2025-05-20 08:00:00,77,1612,113,35,31,0,167,13,highway,0,0.0,54.70781488995221,84.5
165,2025-05-20 09:00:00,87,1196,104,28,18,0,189,15,city,0,0.01,54.75466815665988,91.0
146,2025-05-20 10:00:00,97,2163,82,39,23,0,49,3,city,0,0.0,54.66013688870293,88.5
172,2025-05-20 11:00:00,107,2471,84,57,23,0,107,6,city,0,0.0,54.63282907883286,78.5
184,2025-05-20 12:00:00,25,3432,115,25,55,0,93,17,highway,1,0.95,54.50086416191634,72.5
187,2025-05-20 13:00:00,20,857,78,80,16,0,124,16,highway,0,0.0,54.76232407675196,92.0
197,2025-05-20 14:00:00,27,871,114,27,55,0,140,6,city,0,0.0,54.762115544789474,72.5
185,2025-05-20 15:00:00,47,1193,92,65,55,1,11,8,city,0,0.0,54.73739911127105,52.5
102,2025-05-20 16:00:00,99,1669,105,30,17,1,171,13,city,0,0.0,54.711424127455814,71.5
175,2025-05-20 17:00:00,39,2034,109,40,11,1,36,13,city,0,0.01,54.65045894735743,74.5
191,2025-05-20 18:00:00,65,2126,72,10,40,0,130,17,highway,0,0.0,54.650355825507546,80.0
129,2025-05-20 19:00:00,105,2392,103,12,22,1,61,3,city,0,0.0,54.64010109125499,59.0
189,2025-05-20 20:00:00,72,2493,88,34,55,0,49,13,highway,0,0.0,54.615229693066944,72.5
120,2025-05-20 21:00:00,86,3423,97,17,47,0,186,7,city,0,0.02,54.52659909477439,76.5
127,2025-05-20 22:00:00,78,1358,92,74,17,0,221,5,city,0,0.0,54.73462036922632,91.5
189,2025-05-20 23:00:00,76,3650,109,71,15,0,6,11,highway,1,0.98,54.50080753831446,92.5
161,2025-05-21 00:00:00,22,1365,118,16,15,1,175,18,city,0,0.0,54.71150547349262,72.5
132,2025-05-21 01:00:00,80,1066,114,16,35,0,279,4,city,0,0.0,54.76438286712042,82.5
184,2025-05-21 02:00:00,47,1249,76,17,22,0,204,7,highway,0,0.0,54.7330539517155,89.0
134,2025-05-21 03:00:00,1,1342,110,28,21,0,96,4,city,0,0.0,54.70516727587273,89.5
151,2025-05-21 04:00:00,83,2593,81,26,38,0,282,10,highway,0,0.0,54.61017197882562,81.0
133,2025-05-21 05:00:00,19,954,83,20,32,0,135,1,highway,0,0.0,54.75140335616436,84.0
140,2025-05-21 06:00:00,58,907,115,58,23,1,33,17,city,0,0.0,54.77221039279126,68.5
150,2025-05-21 07:00:00,45,3197,84,20,54,0,82,5,highway,0,0.0,54.53283437233323,73.0
146,2025-05-21 08:00:00,2,794,72,50,19,0,148,17,highway,0,0.0,54.761381060083345,90.5
181,2025-05-21 09:00:00,54,2583,84,71,32,0,95,3,city,0,0.0,54.5997904719315,84.0
157,2025-05-21 10:00:00,11,3586,93,61,30,0,170,9,city,0,0.01,54.480604146789666,85.0
174,2025-05-21 11:00:00,39,1177,115,75,39,0,211,3,city,0,0.0,54.73646866854913,80.5
156,2025-05-21 12:00:00,65,3430,77,77,57,0,191,3,highway,0,0.0,54.517046332689866,71.5
122,2025-05-21 13:00:00,99,1461,74,84,54,0,7,9,city,0,0.0,54.73106374258875,73.0
147,2025-05-21 14:00:00,77,889,73,76,7,0,34,5,highway,0,0.0,54.78232424312907,96.5
121,2025-05-21 15:00:00,15,3458,83,49,9,0,51,10,city,0,0.01,54.49608658066521,95.5
116,2025-05-21 16:00:00,82,2207,85,14,0,0,120,15,city,0,0.0,54.65058031567138,100.0
168,2025-05-21 17:00:00,33,2456,89,94,20,1,138,12,city,0,0.0,54.60476517912055,70.0
110,2025-05-21 18:00:00,43,2259,93,31,24,1,106,6,highway,0,0.0,54.628651187876386,68.0
193,2025-05-21 19:00:00,109,1455,75,46,31,0,282,7,highway,0,0.0,54.7366299329834,74.5
114,2025-05-21 20:00:00,5,2146,100,20,52,0,32,7,highway,0,0.0,54.623740103231334,74.0
190,2025-05-21 21:00:00,76,1535,75,53,45,0,124,4,city,0,0.0,54.714671419655616,77.5
134,2025-05-21 22:00:00,63,2363,104,95,45,0,170,13,city,0,0.0,54.625245856994354,77.5
132,2025-05-21 23:00:00,99,2328,84,62,9,0,12,15,city,0,0.0,54.64473245742789,95.5
183,2025-05-22 00:00:00,21,2535,98,86,59,0,168,18,city,0,0.0,54.59031750332154,70.5
115,2025-05-22 01:00:00,17,832,72,70,50,0,78,18,city,0,0.0,54.76227115011463,75.0
133,2025-05-22 02:00:00,11,754,80,76,56,0,34,7,city,0,0.0,54.767549058358426,72.0
165,2025-05-22 03:00:00,51,1209,72,22,47,0,209,10,city,0,0.0,54.73770525771373,76.5
198,2025-05-22 04:00:00,117,1369,97,20,8,0,8,16,highway,0,0.0,54.74952892693873,86.0
139,2025-05-22 05:00:00,93,3157,79,20,19,0,225,8,city,0,0.0,54.557606732103515,90.5
127,2025-05-22 06:00:00,116,3982,119,94,47,0,227,19,city,1,0.94,54.48179540316053,66.5
146,2025-05-22 07:00:00,50,2389,102,94,19,1,175,11,highway,0,0.0,54.618445596130655,70.5
138,2025-05-22 08:00:00,103,2016,117,16,58,0,81,6,city,0,0.01,54.67606383300642,61.0
169,2025-05-22 09:00:00,70,3734,85,26,39,0,282,10,city,0,0.02,54.488874062834824,80.5
172,2025-05-22 10:00:00,95,1433,79,57,6,0,57,19,highway,0,0.0,54.734268750424825,97.0
119,2025-05-22 11:00:00,47,3886,102,23,10,0,135,14,city,1,0.96,54.465367438216155,95.0
100,2025-05-22 12:00:00,18,2393,105,72,20,0,238,6,highway,0,0.0,54.60514942691047,90.0
171,2025-05-22 13:00:00,5,958,72,73,37,0,217,4,city,0,0.0,54.745170824672506,81.5
186,2025-05-22 14:00:00,83,1845,74,84,46,0,227,15,highway,0,0.0,54.68591476304991,77.0
162,2025-05-22 15:00:00,26,998,81,86,18,0,26,5,city,0,0.0,54.75031194584194,91.0
166,2025-05-22 16:00:00,52,1260,113,74,45,0,187,16,highway,0,0.0,54.733001992445416,77.5
103,2025-05-22 17:00:00,106,2612,82,43,14,1,118,7,city,0,0.0,54.618456319447404,63.0
157,2025-05-22 18:00:00,100,2564,93,18,5,1,197,2,highway,0,0.0,54.62129689192814,77.5
124,2025-05-22 19:00:00,47,996,113,86,55,0,116,13,city,0,0.0,54.757433599997846,72.5
146,2025-05-22 20:00:00,6,3109,101,46,9,0,102,2,city,1,0.95,54.52796551965275,95.5
137,2025-05-22 21:00:00,58,3336,85,39,45,1,163,9,city,0,0.0,54.524286214746155,57.5
114,2025-05-22 22:00:00,68,2161,101,50,15,0,178,5,highway,0,0.0,54.64902361205779,92.5
162,2025-05-22 23:00:00,10,2874,114,54,44,0,280,3,highway,0,0.0,54.55203885081547,78.0
120,2025-05-23 00:00:00,14,896,106,56,10,0,286,2,city,0,0.01,54.75619421053966,95.0
198,2025-05-23 01:00:00,63,2968,105,16,56,0,212,14,city,0,0.05,54.56326864553007,72.0
156,2025-05-23 02:00:00,2,1694,90,23,34,0,54,8,highway,0,0.0,54.669239337389975,83.0
152,2025-05-23 03:00:00,68,2838,116,57,7,1,67,12,highway,0,0.01,54.58050137960813,76.5
145,2025-05-23 04:00:00,22,3158,81,15,27,0,32,17,highway,0,0.02,54.52867023541991,86.5
113,2025-05-23 05:00:00,52,707,90,43,2,0,251,16,highway,0,0.0,54.79099992922964,99.0
199,2025-05-23 06:00:00,36,3291,90,89,1,0,8,6,highway,0,0.01,54.52182919517319,99.5
175,2025-05-23 07:00:00,8,3215,112,55,52,0,215,6,highway,1,0.99,54.51622957909982,74.0
116,2025-05-23 08:00:00,14,1019,75,68,13,1,46,18,city,0,0.0,54.74356264700316,73.5
138,2025-05-23 09:00:00,2,2117,78,79,51,0,80,2,city,0,0.0,54.62552570532511,74.5
108,2025-05-23 10:00:00,92,3016,70,17,28,0,35,8,city,0,0.04,54.57117646206415,86.0
198,2025-05-23 11:00:00,69,3962,81,33,52,0,189,14,highway,0,0.03,54.46475363605477,74.0
176,2025-05-23 12:00:00,16,2398,83,76,53,0,89,2,highway,0,0.0,54.60248798438976,73.5
178,2025-05-23 13:00:00,25,2808,75,13,46,0,136,17,city,0,0.0,54.564691820167134,77.0
181,2025-05-23 14:00:00,20,2161,70,10,2,0,34,16,city,0,0.0,54.63028269392104,99.0
196,2025-05-23 15:00:00,71,1987,91,43,0,0,281,18,highway,0,0.0,54.66853719454498,100.0
105,2025-05-23 16:00:00,20,3544,103,18,14,0,113,6,city,1,0.94,54.489143599899016,93.0
190,2025-05-23 17:00:00,10,1818,80,72,19,0,172,17,city,0,0.0,54.66045451556823,90.5
122,2025-05-23 18:00:00,37,1252,72,85,21,0,43,18,highway,0,0.0,54.728774617628204,89.5
158,2025-05-23 19:00:00,71,3673,111,19,33,0,13,14,city,1,0.98,54.49572459084128,83.5
190,2025-05-23 20:00:00,105,1360,75,19,49,0,174,10,city,0,0.0,54.74394885387624,65.5
197,2025-05-23 21:00:00,87,1415,75,59,32,1,125,4,highway,0,0.0,54.73182361902935,64.0
145,2025-05-23 22:00:00,34,3526,89,53,8,1,207,18,highway,0,0.0,54.4968408089371,76.0
137,2025-05-23 23:00:00,118,2941,90,57,2,0,104,11,highway,0,0.0,54.59030676412866,89.0
113,2025-05-24 00:00:00,13,3229,71,96,1,0,130,16,highway,0,0.03,54.51889962735151,99.5
199,2025-05-24 01:00:00,118,2158,95,15,3,0,40,4,city,0,0.0,54.66989532270048,88.5
171,2025-05-24 02:00:00,13,3967,100,97,15,0,23,19,city,0,0.03,54.44327387322754,92.5
161,2025-05-24 03:00:00,9,1554,95,33,53,0,252,6,highway,0,0.0,54.68551041939991,73.5
134,2025-05-24 04:00:00,11,3245,101,94,32,0,290,8,highway,1,0.89,54.51520132134282,84.0
118,2025-05-24 05:00:00,37,2959,79,67,8,1,202,18,highway,0,0.0,54.55570806935906,76.0
129,2025-05-24 06:00:00,107,1364,92,73,56,0,155,19,city,0,0.0,54.74405874423542,62.0
177,2025-05-24 07:00:00,118,3417,75,65,39,0,55,18,city,0,0.01,54.54038500723558,70.5
183,2025-05-24 08:00:00,109,2597,92,91,37,0,106,16,city,0,0.0,54.62024547647279,71.5
124,2025-05-24 09:00:00,33,2374,97,21,51,0,260,7,highway,0,0.0,54.611836297943924,74.5
139,2025-05-24 10:00:00,40,2968,118,44,17,0,200,17,highway,0,0.01,54.55562917132153,91.5
187,2025-05-24 11:00:00,9,972,99,80,15,1,217,3,city,0,0.0,54.74625306177255,72.5
113,2025-05-24 12:00:00,16,1877,83,98,7,0,47,15,city,0,0.0,54.65735430830109,96.5
125,2025-05-24 13:00:00,16,1972,106,15,22,0,117,4,highway,0,0.0,54.647079405024314,89.0
186,2025-05-24 14:00:00,66,978,101,74,59,0,212,16,highway,0,0.01,54.76672931486032,70.5
121,2025-05-24 15:00:00,61,1515,118,89,35,1,155,14,highway,0,0.01,54.7110917249535,62.5
147,2025-05-24 16:00:00,94,975,103,69,2,0,263,17,highway,0,0.0,54.78060850664947,99.0
182,2025-05-24 17:00:00,114,1704,110,77,14,0,151,9,highway,0,0.0,54.714010141532114,83.0
150,2025-05-24 18:00:00,0,3261,113,38,37,0,212,7,highway,1,0.97,54.50895295904037,81.5
102,2025-05-24 19:00:00,11,3859,91,47,32,0,192,14,highway,0,0.01,54.452758803179115,84.0
141,2025-05-24 20:00:00,102,1622,100,31,17,0,243,12,highway,0,0.0,54.71740847347203,81.5
118,2025-05-24 21:00:00,3,1341,76,17,22,0,98,17,city,0,0.0,54.7060310964361,89.0
172,2025-05-24 22:00:00,41,1204,110,72,42,0,29,9,city,0,0.0,54.73440313402005,79.0
127,2025-05-24 23:00:00,12,3337,90,22,2,1,189,12,city,0,0.0,54.507473831334906,79.0
183,2025-05-25 00:00:00,97,1471,85,36,29,0,172,12,highway,0,0.0,54.7302664033849,85.5
144,2025-05-25 01:00:00,105,1964,89,27,44,0,197,8,city,0,0.0,54.682727848704545,68.0
170,2025-05-25 02:00:00,84,3487,112,27,16,0,155,10,city,1,0.97,54.520555508947936,92.0
177,2025-05-25 03:00:00,85,3422,113,86,49,0,140,12,city,1,0.99,54.526217464426765,75.5
162,2025-05-25 04:00:00,3,1959,116,95,57,0,293,5,highway,0,0.02,54.64175004954129,71.5
172,2025-05-25 05:00:00,81,1713,119,71,57,0,290,1,highway,0,0.02,54.69808588353973,71.5
118,2025-05-25 06:00:00,68,827,88,23,31,0,256,9,highway,0,0.0,54.784034118710736,84.5
146,2025-05-25 07:00:00,18,3250,117,20,45,0,164,15,city,1,0.95,54.51697164670914,77.5
113,2025-05-25 08:00:00,1,1923,101,95,56,1,134,2,city,0,0.05,54.64464905173371,52.0
137,2025-05-25 09:00:00,11,3649,84,26,6,0,266,4,highway,0,0.01,54.47517894088398,97.0
152,2025-05-25 10:00:00,80,3290,74,60,38,0,29,4,city,0,0.0,54.53808398980222,81.0
160,2025-05-25 11:00:00,73,2225,80,23,13,0,139,3,city,0,0.0,54.644604332778975,93.5
135,2025-05-25 12:00:00,97,2373,84,66,57,0,85,16,highway,0,0.0,54.63738949680793,71.5
139,2025-05-25 13:00:00,5,1191,98,15,55,0,249,8,highway,0,0.0,54.72073888917444,72.5
180,2025-05-25 14:00:00,7,3792,119,66,14,0,233,7,highway,1,0.96,54.45870282638263,93.0
129,2025-05-25 15:00:00,50,1957,114,13,43,0,61,12,highway,0,0.0,54.66139733168196,78.5
108,2025-05-25 16:00:00,10,3461,73,20,11,1,273,12,highway,0,0.01,54.49369209981866,74.5
163,2025-05-25 17:00:00,62,3538,118,83,7,0,219,4,highway,1,1.0,54.50690375271054,96.5
132,2025-05-25 18:00:00,56,2366,105,20,15,1,286,15,highway,0,0.0,54.62335736348352,72.5
151,2025-05-25 19:00:00,11,1115,117,88,40,0,249,6,highway,0,0.0,54.731490620391625,80.0
188,2025-05-25 20:00:00,72,2895,92,17,33,1,72,3,highway,0,0.0,54.57524708133767,63.5
113,2025-05-25 21:00:00,1,1669,84,93,45,0,293,7,highway,0,0.0,54.6709302959741,77.5
174,2025-05-25 22:00:00,7,2776,115,68,23,0,198,6,highway,0,0.01,54.56165974433458,88.5
152,2025-05-25 23:00:00,10,2084,113,30,55,0,80,1,highway,0,0.0,54.63193022703585,72.5
198,2025-05-26 00:00:00,52,1007,72,74,28,0,137,8,city,0,0.0,54.75942697941609,86.0
158,2025-05-26 01:00:00,99,2909,101,33,15,0,213,1,highway,0,0.0,54.5854005297281,92.5
177,2025-05-26 02:00:00,9,3616,79,39,4,0,107,16,city,0,0.01,54.477813756113214,98.0
193,2025-05-26 03:00:00,84,3599,109,93,4,0,207,3,city,1,0.99,54.50965622405343,98.0
140,2025-05-26 04:00:00,83,760,107,66,51,0,152,2,city,0,0.0,54.79605246404692,74.5
167,2025-05-26 05:00:00,111,2872,91,89,29,0,133,6,highway,0,0.0,54.59340883420009,75.5
167,2025-05-26 06:00:00,7,2179,83,82,52,0,166,8,highway,0,0.0,54.62118710154964,74.0
191,2025-05-26 07:00:00,35,3842,86,26,49,0,180,7,highway,0,0.01,54.46342860563236,75.5
107,2025-05-26 08:00:00,92,3585,90,68,49,1,121,7,highway,0,0.01,54.51245130770568,55.5
101,2025-05-26 09:00:00,105,2630,117,40,4,0,174,19,city,0,0.01,54.61663331005092,88.0
185,2025-05-26 10:00:00,75,3213,84,73,42,0,68,18,city,0,0.01,54.54374352839364,79.0
140,2025-05-26 11:00:00,13,2990,84,57,12,0,187,3,highway,0,0.0,54.54275545388426,94.0
154,2025-05-26 12:00:00,111,2213,70,32,34,1,138,11,highway,0,0.0,54.66022322454931,53.0
115,2025-05-26 13:00:00,53,3992,93,79,48,1,238,11,highway,0,0.01,54.4554420903817,56.0
192,2025-05-26 14:00:00,113,1172,81,39,24,0,18,3,highway,0,0.0,54.76730284843561,78.0
161,2025-05-26 15:00:00,84,1658,79,64,49,1,76,1,city,0,0.0,54.70521106704463,55.5
147,2025-05-26 16:00:00,85,1232,115,16,13,0,151,10,highway,0,0.0,54.75040853626042,93.5
129,2025-05-26 17:00:00,20,1193,111,84,43,0,108,2,city,0,0.0,54.72704909532116,78.5
111,2025-05-26 18:00:00,107,3646,111,21,45,0,153,17,highway,1,0.96,54.51243408283547,67.5
134,2025-05-26 19:00:00,49,781,100,69,25,0,37,9,highway,0,0.0,54.78132888378419,87.5
110,2025-05-26 20:00:00,93,3603,80,61,17,0,146,18,highway,0,0.0,54.51233127675689,91.5
163,2025-05-26 21:00:00,38,1578,85,36,19,0,126,9,highway,0,0.0,54.69610442647223,90.5
149,2025-05-26 22:00:00,19,2245,78,21,33,0,285,11,highway,0,0.0,54.62007044458709,83.5
184,2025-05-26 23:00:00,87,3670,116,22,6,0,108,17,highway,1,0.99,54.5035584028685,97.0
120,2025-05-27 00:00:00,86,711,83,81,46,0,286,14,city,0,0.0,54.8024447397566,77.0
168,2025-05-27 01:00:00,6,1986,88,89,59,0,240,18,city,0,0.0,54.640126936498376,70.5
147,2025-05-27 02:00:00,8,1148,100,71,9,0,102,18,highway,0,0.0,54.72819815513464,95.5
119,2025-05-27 03:00:00,0,3963,78,38,14,0,220,12,city,0,0.02,54.438501880389246,93.0
166,2025-05-27 04:00:00,25,1461,105,44,16,1,7,18,highway,0,0.0,54.702906111273485,72.0
143,2025-05-27 05:00:00,37,3885,108,69,10,0,216,8,city,1,1.0,54.46145398900437,95.0
132,2025-05-27 06:00:00,37,725,95,38,33,0,169,8,highway,0,0.0,54.78187853613498,83.5
172,2025-05-27 07:00:00,117,2506,77,40,26,0,74,8,city,0,0.0,54.633162078704515,77.0
160,2025-05-27 08:00:00,60,3255,93,86,20,0,293,15,highway,0,0.01,54.53434944441296,90.0
108,2025-05-27 09:00:00,43,2268,77,85,30,1,27,8,city,0,0.0,54.62749046602292,65.0
167,2025-05-27 10:00:00,85,761,88,70,49,0,277,14,city,0,0.0,54.79683560910696,75.5
134,2025-05-27 11:00:00,43,928,116,11,56,0,43,13,highway,0,0.01,54.76270209241211,72.0
180,2025-05-27 12:00:00,73,2538,117,42,3,0,93,8,highway,0,0.0,54.613181953960876,98.5
197,2025-05-27 13:00:00,118,1306,99,81,40,1,71,17,highway,0,0.0,54.75502839336669,50.0
187,2025-05-27 14:00:00,61,1758,91,71,58,0,269,19,highway,0,0.0,54.68543827646341,71.0
195,2025-05-27 15:00:00,5,2428,78,68,59,0,109,6,highway,0,0.0,54.59477494454108,70.5
164,2025-05-27 16:00:00,16,2179,113,49,48,0,181,17,city,0,0.0,54.6249643610564,76.0
107,2025-05-27 17:00:00,50,3638,117,58,16,0,215,4,highway,1,1.0,54.491547623965836,92.0
144,2025-05-27 18:00:00,113,2225,73,41,48,0,114,7,highway,0,0.0,54.659233184193575,66.0
186,2025-05-27 19:00:00,37,1460,106,47,47,0,185,17,city,0,0.01,54.70655787574797,76.5
146,2025-05-27 20:00:00,23,1294,77,88,19,0,125,18,city,0,0.0,54.7189639128846,90.5
139,2025-05-27 21:00:00,50,3796,70,96,24,1,105,6,city,0,0.04,54.47515209962934,68.0
175,2025-05-27 22:00:00,9,2292,97,97,39,0,237,10,highway,0,0.0,54.6110300549414,80.5
153,2025-05-27 23:00:00,119,1755,75,22,22,0,141,18,highway,0,0.0,54.71050386737578,79.0
175,2025-05-28 00:00:00,71,2554,116,94,14,0,293,7,city,0,0.02,54.610301783427516,93.0
145,2025-05-28 01:00:00,20,3783,105,63,32,0,158,14,city,1,0.97,54.464101476927034,84.0
146,2025-05-28 02:00:00,119,2748,80,85,18,0,274,14,highway,0,0.0,54.60968146753833,81.0
114,2025-05-28 03:00:00,69,2158,74,22,56,0,117,10,city,0,0.0,54.64805304278273,72.0
118,2025-05-28 04:00:00,84,2561,119,48,14,0,62,9,highway,0,0.0,54.61480958930263,93.0
125,2025-05-28 05:00:00,56,1859,93,32,40,0,24,10,city,0,0.0,54.673895535684956,80.0
151,2025-05-28 06:00:00,38,1919,116,23,4,0,60,2,city,0,0.0,54.66203903997804,98.0
192,2025-05-28 07:00:00,87,832,87,26,15,1,265,3,highway,0,0.0,54.79180891706521,72.5
121,2025-05-28 08:00:00,32,785,89,33,59,0,180,16,city,0,0.0,54.77270551171587,70.5
120,2025-05-28 09:00:00,58,2199,97,67,44,0,232,10,city,0,0.0,54.63995764782634,78.0
150,2025-05-28 10:00:00,17,2530,82,72,47,0,143,11,highway,0,0.0,54.589710815318696,76.5
137,2025-05-28 11:00:00,55,1903,74,43,31,1,245,10,highway,0,0.0,54.66938747379442,64.5
119,2025-05-28 12:00:00,91,3263,99,60,21,1,81,12,city,0,0.01,54.54594191042538,69.5
128,2025-05-28 13:00:00,56,874,70,95,42,1,126,14,highway,0,0.0,54.77398616577139,59.0
150,2025-05-28 14:00:00,115,3510,91,19,31,0,137,9,highway,0,0.0,54.53004981144284,74.5
103,2025-05-28 15:00:00,95,3792,87,81,12,0,56,13,highway,0,0.02,54.494117934622295,94.0
154,2025-05-28 16:00:00,75,3744,115,30,37,0,213,6,city,1,1.0,54.489946470821224,81.5
170,2025-05-28 17:00:00,47,2675,74,46,25,0,94,11,city,0,0.0,54.58791000842766,87.5
191,2025-05-28 18:00:00,41,3876,100,16,51,0,292,1,city,0,0.01,54.46229815134045,74.5
127,2025-05-28 19:00:00,26,1277,75,99,16,0,128,15,city,0,0.0,54.722020041852545,92.0
103,2025-05-28 20:00:00,73,2498,96,22,4,0,217,7,city,0,0.0,54.61720896367986,98.0
121,2025-05-28 21:00:00,109,2796,94,89,48,1,199,11,city,0,0.0,54.59955761740993,46.0
175,2025-05-28 22:00:00,51,3275,98,39,32,0,20,17,city,0,0.01,54.52821097246969,84.0
144,2025-05-28 23:00:00,41,844,97,40,26,1,55,5,highway,0,0.0,54.77166889083506,67.0
166,2025-05-29 00:00:00,31,1461,85,14,4,0,246,9,highway,0,0.0,54.70580608083315,98.0
185,2025-05-29 01:00:00,105,2077,81,41,36,0,251,16,city,0,0.0,54.67156323880266,72.0
165,2025-05-29 02:00:00,25,3846,89,25,6,0,60,11,city,0,0.0,54.46076565813094,97.0
187,2025-05-29 03:00:00,24,2525,87,82,47,0,163,17,highway,0,0.0,54.59302990786716,76.5
133,2025-05-29 04:00:00,74,1628,103,31,17,0,202,6,city,0,0.0,54.70555587405062,91.5
190,2025-05-29 05:00:00,22,1493,92,73,30,0,227,15,city,0,0.0,54.69787453910932,85.0
154,2025-05-29 06:00:00,97,2301,114,53,5,0,129,3,city,0,0.0,54.64683889873074,97.5
100,2025-05-29 07:00:00,56,2360,96,49,1,1,45,9,highway,0,0.0,54.624540245790165,79.5
171,2025-05-29 08:00:00,51,1018,118,46,12,0,197,12,highway,0,0.0,54.758561296048434,94.0
186,2025-05-29 09:00:00,103,1810,86,87,41,0,166,19,highway,0,0.0,54.69770901809812,69.5
137,2025-05-29 10:00:00,86,2276,117,25,52,0,247,18,city,0,0.0,54.64304206633516,74.0
105,2025-05-29 11:00:00,92,1397,90,52,51,1,226,16,highway,0,0.0,54.734884526311575,54.5
185,2025-05-29 12:00:00,30,1546,119,93,10,0,280,8,highway,0,0.0,54.69651480293105,95.0
124,2025-05-29 13:00:00,63,2501,109,72,25,1,260,19,city,0,0.01,54.6120296805697,67.5
181,2025-05-29 14:00:00,70,1482,100,24,20,0,197,5,city,0,0.0,54.718674990078206,90.0
116,2025-05-29 15:00:00,103,2789,72,53,1,0,107,12,city,0,0.0,54.59978303288872,89.5
160,2025-05-29 16:00:00,32,1816,86,99,39,0,269,6,city,0,0.0,54.66867309959058,80.5
111,2025-05-29 17:00:00,84,2450,119,18,55,0,232,12,highway,0,0.0,54.62442087984558,72.5
105,2025-05-29 18:00:00,1,3276,95,74,53,0,101,15,highway,0,0.0,54.50717449668774,73.5
189,2025-05-29 19:00:00,17,2349,92,53,50,0,160,10,city,0,0.0,54.607995417127086,75.0
126,2025-05-29 20:00:00,46,991,75,29,19,0,95,17,city,0,0.0,54.75901321870263,90.5
107,2025-05-29 21:00:00,32,1668,97,79,16,1,207,7,city,0,0.0,54.68466524641038,72.0
182,2025-05-29 22:00:00,100,2187,77,83,15,0,235,7,city,0,0.0,54.659227937134645,92.5
164,2025-05-29 23:00:00,97,2542,114,42,56,0,154,11,city,0,0.01,54.62024345639983,72.0
156,2025-05-30 00:00:00,83,796,77,89,41,0,100,2,highway,0,0.0,54.79280040694111,79.5
192,2025-05-30 01:00:00,34,1818,88,15,4,0,238,2,city,0,0.0,54.67070447027259,98.0
198,2025-05-30 02:00:00,50,773,107,92,13,0,107,14,highway,0,0.0,54.78303486308035,93.5
139,2025-05-30 03:00:00,113,2059,98,40,23,0,130,18,city,0,0.0,54.67713770698265,78.5
113,2025-05-30 04:00:00,117,1791,92,75,50,0,299,16,highway,0,0.01,54.70489432344202,65.0
134,2025-05-30 05:00:00,17,1457,116,27,3,0,43,11,city,0,0.0,54.70063257328244,98.5
147,2025-05-30 06:00:00,109,2641,101,37,51,0,63,9,city,0,0.0,54.61519807349803,64.5
183,2025-05-30 07:00:00,87,3848,79,77,47,1,73,7,highway,0,0.01,54.48377899675133,56.5
155,2025-05-30 08:00:00,71,907,96,74,23,1,186,4,highway,0,0.0,54.7774300840526,68.5
148,2025-05-30 09:00:00,29,1944,118,89,46,0,117,16,highway,0,0.0,54.65416487526018,77.0
112,2025-05-30 10:00:00,43,1985,70,54,59,1,5,14,highway,0,0.0,54.655084678769896,50.5
160,2025-05-30 11:00:00,52,1109,108,67,8,0,76,11,highway,0,0.0,54.74987192783491,96.0
148,2025-05-30 12:00:00,9,3078,98,56,2,0,291,8,highway,0,0.02,54.53260904648823,99.0
145,2025-05-30 13:00:00,86,3091,114,75,54,0,83,11,highway,1,0.98,54.56007645424785,73.0
161,2025-05-30 14:00:00,51,3736,72,61,8,0,60,17,highway,0,0.0,54.482309997461144,96.0
107,2025-05-30 15:00:00,48,1470,116,45,17,1,107,19,city,0,0.02,54.711184761674296,71.5
142,2025-05-30 16:00:00,10,2543,106,10,35,0,117,10,city,0,0.0,54.586069020756874,82.5
119,2025-05-30 17:00:00,65,773,100,48,18,0,82,12,city,0,0.0,54.78885304989768,91.0
196,2025-05-30 18:00:00,57,2360,80,96,23,0,141,1,highway,0,0.0,54.62404181147971,88.5
189,2025-05-30 19:00:00,89,953,91,99,3,0,222,2,highway,0,0.0,54.78079738038466,98.5
138,2025-05-30 20:00:00,35,3706,87,84,8,1,70,18,city,0,0.01,54.47893669943213,76.0
184,2025-05-30 21:00:00,32,1519,104,10,32,0,12,7,highway,0,0.0,54.69916372696561,84.0
148,2025-05-30 22:00:00,46,1685,75,84,0,0,297,16,city,0,0.0,54.68921209625498,100.0
163,2025-05-30 23:00:00,12,1031,72,97,51,0,105,13,highway,0,0.0,54.73998478522738,74.5
161,2025-05-31 00:00:00,39,2121,74,83,50,0,207,4,highway,0,0.0,54.6400158648088,75.0
153,2025-05-31 01:00:00,88,3494,78,23,34,0,65,10,highway,0,0.0,54.52071336048355,83.0
108,2025-05-31 02:00:00,67,1535,97,87,9,0,63,9,highway,0,0.0,54.712530431099516,95.5
187,2025-05-31 03:00:00,41,2391,88,80,11,0,178,18,city,0,0.0,54.614955822084454,94.5
136,2025-05-31 04:00:00,18,1154,97,32,17,1,8,9,city,0,0.0,54.7312758605947,71.5
148,2025-05-31 05:00:00,81,2629,96,52,13,0,159,10,city,0,0.0,54.60673049390149,93.5
140,2025-05-31 06:00:00,100,1838,82,31,9,1,11,8,highway,0,0.0,54.694965949176485,75.5
116,2025-05-31 07:00:00,93,1012,107,69,9,1,273,11,city,0,0.01,54.7761578217649,75.5
187,2025-05-31 08:00:00,18,1717,112,36,17,1,95,13,city,0,0.0,54.674019935959244,71.5
120,2025-05-31 09:00:00,57,927,90,65,23,0,155,13,city,0,0.0,54.76977491983248,88.5
150,2025-05-31 10:00:00,22,3581,96,11,0,1,206,16,city,0,0.0,54.48675650140077,80.0
158,2025-05-31 11:00:00,53,1557,115,48,29,0,115,13,city,0,0.0,54.70385373557942,85.5
138,2025-05-31 12:00:00,79,1968,75,60,14,0,87,12,city,0,0.0,54.67310887774559,93.0
154,2025-05-31 13:00:00,64,3565,107,28,7,0,197,15,highway,1,0.98,54.504960938502755,96.5
140,2025-05-31 14:00:00,11,1717,118,71,57,0,98,16,highway,0,0.01,54.669573062021705,71.5
138,2025-05-31 15:00:00,23,3275,80,80,34,1,19,8,highway,0,0.0,54.516886746974656,63.0
112,2025-05-31 16:00:00,33,1649,116,85,17,0,16,6,highway,0,0.01,54.68695811468308,91.5
163,2025-05-31 17:00:00,52,1126,110,76,40,0,45,8,city,0,0.0,54.746834046564956,80.0
110,2025-05-31 18:00:00,7,2789,86,72,15,0,155,2,city,0,0.0,54.56066492566456,92.5
118,2025-05-31 19:00:00,17,1164,108,14,20,1,231,18,highway,0,0.0,54.729734646437805,70.0
110,2025-05-31 20:00:00,56,2345,76,81,14,0,157,11,city,0,0.0,54.625533926415976,93.0
176,2025-05-31 21:00:00,111,977,99,87,4,1,113,17,city,0,0.0,54.78714904738828,68.0
145,2025-05-31 22:00:00,4,3583,90,70,44,0,44,10,city,0,0.0,54.47752594270701,78.0
144,2025-05-31 23:00:00,25,718,70,80,53,0,110,2,highway,0,0.0,54.776954109496955,73.5
100,2025-06-01 00:00:00,29,765,94,16,51,0,111,19,city,0,0.0,54.77386218001515,74.5
139,2025-06-01 01:00:00,53,866,101,59,6,0,223,2,highway,0,0.01,54.77506784878831,97.0
118,2025-06-01 02:00:00,12,2308,77,55,47,0,265,6,highway,0,0.0,54.610280178291404,76.5
175,2025-06-01 03:00:00,82,3767,74,81,6,0,271,17,city,0,0.0,54.49168613181153,97.0
171,2025-06-01 04:00:00,28,1102,99,85,26,0,212,12,highway,0,0.0,54.740211138195484,87.0
171,2025-06-01 05:00:00,2,1108,77,83,24,0,258,5,highway,0,0.0,54.72924338174643,88.0
160,2025-06-01 06:00:00,89,2859,118,23,21,0,247,2,highway,0,0.01,54.586224837577326,89.5
111,2025-06-01 07:00:00,103,1296,88,82,47,0,55,9,highway,0,0.0,54.74973630438735,66.5
160,2025-06-01 08:00:00,57,3398,113,78,12,0,72,2,highway,1,1.0,54.51892935300428,94.0
132,2025-06-01 09:00:00,75,1762,99,74,16,0,296,14,city,0,0.0,54.69237077528608,92.0
144,2025-06-01 10:00:00,1,2852,84,74,40,0,213,15,city,0,0.0,54.550826199569855,80.0
189,2025-06-01 11:00:00,74,1023,105,66,43,1,295,2,highway,0,0.03,54.76601953488552,58.5
191,2025-06-01 12:00:00,107,2682,113,71,12,0,171,18,highway,0,0.0,54.61182079384504,84.0
168,2025-06-01 13:00:00,27,3739,96,29,25,0,246,12,highway,0,0.01,54.4716731354723,87.5
107,2025-06-01 14:00:00,81,2137,82,84,8,0,141,7,highway,0,0.0,54.656970400631145,96.0
124,2025-06-01 15:00:00,76,1128,83,35,4,0,104,16,highway,0,0.0,54.757739647693775,98.0
190,2025-06-01 16:00:00,100,3382,106,53,38,0,105,19,highway,1,0.99,54.53675807611711,81.0
145,2025-06-01 17:00:00,85,3477,117,76,32,0,240,3,highway,1,0.95,54.521319494403265,84.0
186,2025-06-01 18:00:00,75,3636,99,79,3,0,280,15,city,0,0.01,54.50232067565971,98.5
129,2025-06-01 19:00:00,1,1784,108,71,27,0,22,15,highway,0,0.02,54.65997135798524,86.5
146,2025-06-01 20:00:00,100,2335,116,54,25,0,78,7,city,0,0.0,54.643767578373804,87.5
186,2025-06-01 21:00:00,6,2077,82,20,3,0,195,8,city,0,0.0,54.6331632058083,98.5
148,2025-06-01 22:00:00,25,1092,85,81,15,0,21,7,highway,0,0.0,54.74047354769287,92.5
146,2025-06-01 23:00:00,89,2951,113,83,36,0,160,3,city,0,0.01,54.5762550280375,82.0
183,2025-06-02 00:00:00,87,3005,76,43,21,1,232,19,highway,0,0.03,54.57057391295397,69.5
181,2025-06-02 01:00:00,75,3233,117,97,35,0,44,19,city,1,0.98,54.54199591756363,82.5
117,2025-06-02 02:00:00,15,2240,96,55,37,0,297,18,city,0,0.0,54.61880924820397,81.5
165,2025-06-02 03:00:00,22,1145,114,90,57,0,180,7,highway,0,0.0,54.73216092970455,71.5
167,2025-06-02 04:00:00,39,1903,104,41,54,1,101,19,city,0,0.0,54.66202238259922,53.0
193,2025-06-02 05:00:00,59,1723,84,84,34,0,115,5,city,0,0.0,54.68917643654014,83.0
132,2025-06-02 06:00:00,72,1041,97,97,24,0,213,13,city,0,0.0,54.764163171740535,88.0
135,2025-06-02 07:00:00,31,832,104,14,7,0,18,2,city,0,0.01,54.769651347360345,96.5
181,2025-06-02 08:00:00,14,3190,76,72,16,0,27,18,highway,0,0.01,54.52265375903785,92.0
118,2025-06-02 09:00:00,100,2559,119,38,17,0,285,4,city,0,0.01,54.621314500204534,91.5
127,2025-06-02 10:00:00,12,3000,115,57,49,0,149,4,highway,0,0.04,54.5398234094193,75.5
139,2025-06-02 11:00:00,4,964,119,25,57,0,285,8,highway,0,0.0,54.74334098701085,71.5
183,2025-06-02 12:00:00,74,792,115,34,56,0,137,11,highway,0,0.0,54.78897996457219,72.0
196,2025-06-02 13:00:00,73,2385,89,81,11,0,189,1,highway,0,0.0,54.62841448035551,94.5
175,2025-06-02 14:00:00,51,2134,101,38,56,0,190,9,city,0,0.0,54.64326652785498,72.0
114,2025-06-02 15:00:00,76,2885,107,61,56,0,199,6,city,0,0.0,54.57692926351387,72.0
140,2025-06-02 16:00:00,40,1931,109,55,32,0,102,4,city,0,0.0,54.66047630478957,84.0
138,2025-06-02 17:00:00,52,1701,101,34,22,0,91,6,city,0,0.0,54.689094068909476,89.0
101,2025-06-02 18:00:00,109,2360,95,32,11,1,224,13,highway,0,0.0,54.64541145781026,64.5
162,2025-06-02 19:00:00,49,2296,108,43,10,1,5,9,highway,0,0.0,54.627870148227785,75.0
128,2025-06-02 20:00:00,14,3054,89,76,12,0,15,14,city,0,0.02,54.53664830220827,94.0
173,2025-06-02 21:00:00,105,965,87,43,34,0,5,12,highway,0,0.0,54.78473313084864,73.0
165,2025-06-02 22:00:00,119,1345,119,41,26,0,230,4,highway,0,0.02,54.752036384331404,77.0
150,2025-06-02 23:00:00,6,3065,84,38,24,0,114,8,highway,0,0.0,54.53182662618828,88.0
174,2025-06-03 00:00:00,39,1836,91,18,39,0,4,17,highway,0,0.0,54.669449744331075,80.5
176,2025-06-03 01:00:00,27,3648,91,75,2,0,184,5,highway,0,0.04,54.48186850128994,99.0
109,2025-06-03 02:00:00,31,2101,90,66,48,0,213,3,highway,0,0.0,54.63891951890342,76.0
113,2025-06-03 03:00:00,98,1153,71,48,24,0,247,4,highway,0,0.0,54.76321238808351,88.0
181,2025-06-03 04:00:00,14,2938,109,16,44,1,34,8,highway,0,0.01,54.54713624327671,58.0
150,2025-06-03 05:00:00,111,2614,112,78,9,1,296,16,highway,0,0.01,54.620465031053655,65.5
172,2025-06-03 06:00:00,99,2163,87,17,16,0,196,11,city,0,0.0,54.661226265544116,92.0
138,2025-06-03 07:00:00,84,1910,92,27,2,0,127,2,city,0,0.0,54.681505811507336,99.0
127,2025-06-03 08:00:00,69,1530,82,91,44,0,142,8,highway,0,0.0,54.7124102130041,78.0
102,2025-06-03 09:00:00,64,2090,110,58,21,1,136,7,city,0,0.0,54.65439266434018,69.5
183,2025-06-03 10:00:00,3,1812,78,25,37,0,128,1,highway,0,0.0,54.65751777812747,81.5
169,2025-06-03 11:00:00,10,2934,118,30,13,0,174,2,highway,0,0.0,54.54720508606311,93.5
126,2025-06-03 12:00:00,107,3566,76,19,26,0,218,13,city,0,0.01,54.52134714452253,77.0
101,2025-06-03 13:00:00,25,2669,110,13,41,0,114,11,city,0,0.01,54.57903236384828,79.5
192,2025-06-03 14:00:00,60,3768,70,53,19,0,12,3,highway,0,0.0,54.48221932216721,90.5
137,2025-06-03 15:00:00,36,2879,71,17,47,1,244,2,highway,0,0.0,54.56184702345526,56.5
102,2025-06-03 16:00:00,22,1571,73,64,17,0,52,16,city,0,0.0,54.690473890007425,91.5
115,2025-06-03 17:00:00,92,1334,83,28,12,0,186,1,highway,0,0.0,54.74288685896455,94.0
193,2025-06-03 18:00:00,84,2099,101,73,41,1,233,7,city,0,0.0,54.660689541902194,59.5
139,2025-06-03 19:00:00,111,1390,105,49,5,1,2,3,highway,0,0.01,54.74510690282687,67.5
101,2025-06-03 20:00:00,108,3439,71,60,9,0,1,16,highway,0,0.06,54.535359709253456,85.5
180,2025-06-03 21:00:00,108,3870,109,18,36,0,239,6,city,1,0.96,54.490423426152375,72.0
140,2025-06-03 22:00:00,112,2565,119,39,28,1,55,14,highway,0,0.0,54.62507251476812,56.0
111,2025-06-03 23:00:00,90,1757,83,65,5,0,220,11,city,0,0.0,54.69935196004526,97.5
134,2025-06-04 00:00:00,102,2655,89,90,38,0,104,19,highway,0,0.0,54.61149548779766,71.0
164,2025-06-04 01:00:00,39,1281,94,53,10,0,277,1,city,0,0.0,54.72707838210721,95.0
154,2025-06-04 02:00:00,76,2918,111,68,47,0,10,13,highway,0,0.0,54.57394139337125,76.5
144,2025-06-04 03:00:00,22,2089,118,24,24,0,104,9,city,0,0.0,54.637508024009946,88.0
178,2025-06-04 04:00:00,15,1483,77,77,43,0,198,11,city,0,0.0,54.69554912718667,78.5
189,2025-06-04 05:00:00,93,3830,97,79,43,0,14,1,city,0,0.01,54.4881822745426,78.5
184,2025-06-04 06:00:00,60,880,115,70,29,0,168,13,city,0,0.0,54.77551382520609,85.5
161,2025-06-04 07:00:00,67,718,90,89,54,1,30,1,city,0,0.0,54.79377682064444,53.0
148,2025-06-04 08:00:00,103,1949,92,99,19,0,14,3,city,0,0.0,54.68447295730867,80.5
194,2025-06-04 09:00:00,79,3866,101,32,57,0,238,17,highway,1,0.87,54.47832724889265,71.5
124,2025-06-04 10:00:00,30,3628,77,86,36,1,62,5,city,0,0.02,54.48371617336548,62.0
122,2025-06-04 11:00:00,52,2316,100,56,15,0,110,6,highway,0,0.0,54.62683620024981,92.5
123,2025-06-04 12:00:00,105,2922,106,26,30,0,160,17,highway,0,0.01,54.585873943535915,75.0
137,2025-06-04 13:00:00,24,1945,85,66,28,0,55,10,city,0,0.0,54.6527919257136,86.0
127,2025-06-04 14:00:00,43,2338,109,63,5,0,249,11,highway,0,0.0,54.62139428150477,97.5
120,2025-06-04 15:00:00,11,753,111,61,28,0,256,13,highway,0,0.0,54.768796145936214,86.0
153,2025-06-04 16:00:00,89,3442,96,31,31,0,22,10,city,0,0.0,54.526525886957835,84.5
117,2025-06-04 17:00:00,100,3610,109,92,8,0,103,14,city,1,1.0,54.51479815532143,96.0
135,2025-06-04 18:00:00,111,2126,110,48,36,0,264,13,city,0,0.0,54.66898912937351,72.0
198,2025-06-04 19:00:00,96,3096,87,22,52,0,236,4,city,0,0.01,54.5636649253579,74.0
144,2025-06-04 20:00:00,91,1142,104,87,22,1,233,17,highway,0,0.01,54.76160227567967,69.0
172,2025-06-04 21:00:00,8,3580,118,75,15,0,168,18,city,1,0.99,54.48062339173284,92.5
152,2025-06-04 22:00:00,11,1279,84,61,17,1,233,11,city,0,0.0,54.71575301856798,71.5
129,2025-06-04 23:00:00,68,981,96,23,18,0,5,10,city,0,0.0,54.76890442827261,91.0
159,2025-06-05 00:00:00,53,3107,86,82,43,0,45,18,highway,0,0.0,54.545649276652625,78.5
197,2025-06-05 01:00:00,115,3662,109,83,1,1,46,19,highway,1,0.97,54.51581893198338,69.5
131,2025-06-05 02:00:00,53,1522,71,72,57,1,164,9,city,0,0.0,54.706267772845116,51.5
166,2025-06-05 03:00:00,27,3639,118,80,9,0,169,5,city,1,1.0,54.48249743508444,95.5
166,2025-06-05 04:00:00,55,3700,119,37,11,1,164,1,city,1,0.99,54.487454460832964,74.5
127,2025-06-05 05:00:00,98,2369,100,98,45,0,256,5,highway,0,0.0,54.63868868445481,77.5
143,2025-06-05 06:00:00,68,1340,106,55,17,0,66,3,highway,0,0.0,54.73243578452395,91.5
178,2025-06-05 07:00:00,97,1731,110,37,18,0,260,1,highway,0,0.01,54.704274920693464,91.0
140,2025-06-05 08:00:00,109,2716,110,11,37,1,88,19,highway,0,0.01,54.60814342490686,51.5
162,2025-06-05 09:00:00,97,1262,103,26,36,1,240,6,city,0,0.0,54.75123491964316,62.0
122,2025-06-05 10:00:00,76,3238,103,68,26,0,59,10,highway,1,0.99,54.54225710367835,87.0
174,2025-06-05 11:00:00,102,1040,72,61,47,0,170,5,city,0,0.0,54.77536945522854,66.5
147,2025-06-05 12:00:00,105,1171,86,13,13,1,258,12,city,0,0.0,54.76464240316008,63.5
131,2025-06-05 13:00:00,108,2410,83,86,44,0,46,12,city,0,0.0,54.63857512394762,68.0
156,2025-06-05 14:00:00,111,2996,83,91,52,0,2,17,city,0,0.0,54.57985743727593,64.0
199,2025-06-05 15:00:00,57,934,115,12,33,0,129,2,highway,0,0.0,54.76865396670858,83.5
132,2025-06-05 16:00:00,77,1806,107,46,1,0,269,14,city,0,0.0,54.68931269817537,99.5
123,2025-06-05 17:00:00,74,1816,104,33,43,0,278,12,highway,0,0.0,54.68537309041676,78.5
138,2025-06-05 18:00:00,41,2608,70,81,32,0,17,13,highway,0,0.0,54.592028332862185,84.0
133,2025-06-05 19:00:00,37,2117,117,44,18,0,187,5,highway,0,0.0,54.640928643793785,91.0
155,2025-06-05 20:00:00,67,1523,98,11,59,0,116,5,city,0,0.0,54.71170546735901,70.5
127,2025-06-05 21:00:00,52,1991,73,42,59,0,259,17,city,0,0.0,54.65808812370768,70.5
136,2025-06-05 22:00:00,32,1331,102,85,26,0,249,5,city,0,0.0,54.71852837512414,87.0
106,2025-06-05 23:00:00,70,1228,86,95,47,0,198,19,city,0,0.0,54.743401776915476,76.5
167,2025-06-06 00:00:00,55,2680,97,86,29,0,227,4,city,0,0.0,54.59045000947029,85.5
136,2025-06-06 01:00:00,104,2869,119,19,6,0,177,7,highway,0,0.01,54.5918441807468,87.0
155,2025-06-06 02:00:00,71,3639,95,90,26,1,243,17,city,0,0.02,54.49946866727648,67.0
164,2025-06-06 03:00:00,100,2757,77,71,20,0,35,11,highway,0,0.0,54.601055593244126,90.0
164,2025-06-06 04:00:00,50,2039,103,52,6,0,135,6,highway,0,0.0,54.654571653501186,97.0
146,2025-06-06 05:00:00,73,3585,87,78,47,0,10,13,highway,0,0.01,54.50490434171741,76.5
119,2025-06-06 06:00:00,42,1996,100,68,24,0,183,12,highway,0,0.0,54.654996224103805,88.0
118,2025-06-06 07:00:00,14,2029,96,18,37,1,202,5,city,0,0.0,54.63986599299082,61.5
128,2025-06-06 08:00:00,37,1933,85,86,17,0,19,10,city,0,0.0,54.6596819664342,91.5
173,2025-06-06 09:00:00,14,2681,79,69,32,0,23,11,city,0,0.0,54.57376348802783,84.0
159,2025-06-06 10:00:00,4,2453,109,72,32,0,95,9,highway,0,0.01,54.5929354649124,84.0
117,2025-06-06 11:00:00,92,3500,81,61,31,0,64,13,highway,0,0.01,54.52183195218058,84.5
191,2025-06-06 12:00:00,82,3633,91,32,57,1,220,3,highway,0,0.02,54.503227406600146,51.5
134,2025-06-06 13:00:00,53,3211,85,39,24,0,96,17,highway,0,0.0,54.53584992247304,88.0
142,2025-06-06 14:00:00,50,3459,81,52,13,0,265,18,highway,0,0.0,54.50987427059219,93.5
194,2025-06-06 15:00:00,9,3475,80,77,37,1,157,5,highway,0,0.0,54.49080323821586,61.5
190,2025-06-06 16:00:00,11,3464,89,30,37,0,207,16,city,0,0.01,54.49272494467618,81.5
110,2025-06-06 17:00:00,117,2648,70,52,3,0,274,16,highway,0,0.0,54.619661830951884,88.5
148,2025-06-06 18:00:00,3,3987,96,82,43,0,246,11,city,0,0.0,54.43607937819159,78.5
137,2025-06-06 19:00:00,94,2827,72,16,17,0,199,4,city,0,0.0,54.59165037142865,91.5
163,2025-06-06 20:00:00,17,3227,81,25,9,1,285,9,city,0,0.01,54.52038182783566,75.5
168,2025-06-06 21:00:00,79,1601,99,32,34,0,83,15,highway,0,0.0,54.70961387609124,83.0
107,2025-06-06 22:00:00,103,1590,78,67,34,1,133,12,city,0,0.0,54.72036890622461,53.0
133,2025-06-06 23:00:00,35,2270,106,96,39,0,105,16,city,0,0.01,54.62370679153509,80.5
147,2025-06-07 00:00:00,24,2524,70,40,53,0,237,4,highway,0,0.0,54.59288616513688,73.5
155,2025-06-07 01:00:00,86,2765,111,78,22,0,69,3,city,0,0.0,54.59453899042429,89.0
175,2025-06-07 02:00:00,75,1888,118,15,24,0,184,4,city,0,0.0,54.67922958414378,88.0
164,2025-06-07 03:00:00,97,2248,73,74,0,0,118,2,highway,0,0.0,54.652433421952466,100.0
130,2025-06-07 04:00:00,35,901,84,68,17,0,180,19,highway,0,0.0,54.763831182522324,91.5
103,2025-06-07 05:00:00,100,1440,96,37,14,1,271,7,highway,0,0.0,54.735237184410515,73.0
149,2025-06-07 06:00:00,66,2069,77,27,24,0,90,2,city,0,0.0,54.657208629602394,88.0
168,2025-06-07 07:00:00,8,2089,92,97,31,0,88,1,city,0,0.0,54.63160047061983,84.5
129,2025-06-07 08:00:00,60,2700,84,86,52,1,83,18,highway,0,0.0,54.589482768989335,54.0
187,2025-06-07 09:00:00,52,2171,96,19,19,1,20,8,city,0,0.0,54.641418770440964,70.5
158,2025-06-07 10:00:00,17,2236,100,16,16,0,107,8,highway,0,0.0,54.62087811152717,92.0
166,2025-06-07 11:00:00,42,1018,108,46,56,1,272,10,highway,0,0.0,54.75314776559101,52.0
174,2025-06-07 12:00:00,34,2964,116,54,10,0,98,18,highway,0,0.02,54.553913222112705,95.0
144,2025-06-07 13:00:00,62,1757,77,95,12,0,232,11,city,0,0.0,54.6878232006814,94.0
103,2025-06-07 14:00:00,118,2594,99,25,24,1,57,1,city,0,0.0,54.62469599068041,58.0
125,2025-06-07 15:00:00,97,3013,111,97,19,0,149,7,city,1,0.97,54.57385729032706,90.5
126,2025-06-07 16:00:00,104,1423,87,23,24,1,235,8,highway,0,0.0,54.738163040031914,58.0
145,2025-06-07 17:00:00,77,3522,73,20,41,1,137,14,highway,0,0.0,54.51316280968574,59.5
163,2025-06-07 18:00:00,3,3851,116,92,44,0,267,19,city,1,0.96,54.44986938749318,78.0
190,2025-06-07 19:00:00,92,2400,112,96,48,0,229,8,city,0,0.0,54.633004240577165,76.0
150,2025-06-07 20:00:00,40,1112,91,43,30,0,282,19,city,0,0.01,54.74384870852616,85.0
149,2025-06-07 21:00:00,44,1975,72,69,52,0,202,4,highway,0,0.0,54.65678952002186,74.0
105,2025-06-07 22:00:00,49,3783,84,22,0,0,232,10,highway,0,0.0,54.47705442034747,100.0
158,2025-06-07 23:00:00,78,1100,104,48,51,0,19,10,city,0,0.0,54.75946760029649,74.5
114,2025-06-08 00:00:00,27,2539,116,53,15,1,16,4,city,0,0.01,54.59411969799246,72.5
129,2025-06-08 01:00:00,41,1423,107,37,47,1,56,8,city,0,0.02,54.71192675735341,56.5
141,2025-06-08 02:00:00,79,3029,102,49,27,0,114,7,city,1,0.86,54.564675604716435,86.5
136,2025-06-08 03:00:00,75,1835,83,25,20,0,68,15,highway,0,0.0,54.684783200591745,90.0
141,2025-06-08 04:00:00,115,3470,117,59,29,0,78,8,city,1,1.0,54.53419954148312,75.5
134,2025-06-08 05:00:00,68,1450,70,37,58,0,30,10,city,0,0.0,54.71957183644446,71.0
186,2025-06-08 06:00:00,97,967,118,77,2,1,7,7,highway,0,0.02,54.782626634085254,79.0
105,2025-06-08 07:00:00,105,3045,95,69,33,0,152,19,highway,0,0.01,54.573242379999414,73.5
167,2025-06-08 08:00:00,0,2040,77,21,5,0,22,3,city,0,0.0,54.6344351267421,97.5
117,2025-06-08 09:00:00,38,1269,119,25,42,1,30,9,highway,0,0.0,54.7265882255821,59.0
172,2025-06-08 10:00:00,95,3256,85,62,28,1,167,16,city,0,0.0,54.54797350724488,66.0
128,2025-06-08 11:00:00,89,2673,107,63,2,0,148,14,city,0,0.0,54.60591787797018,99.0
176,2025-06-08 12:00:00,16,1245,79,58,57,0,49,7,city,0,0.0,54.71958205019821,71.5
158,2025-06-08 13:00:00,111,3522,111,45,32,1,298,12,highway,1,0.97,54.5271824708716,54.0
146,2025-06-08 14:00:00,90,1064,106,71,10,0,262,1,city,0,0.0,54.769624079413326,95.0
116,2025-06-08 15:00:00,87,1246,95,93,44,0,181,16,city,0,0.0,54.748519684926016,78.0
195,2025-06-08 16:00:00,34,970,97,35,4,0,290,3,highway,0,0.0,54.756944299918885,98.0
121,2025-06-08 17:00:00,45,1438,81,65,49,0,122,1,highway,0,0.0,54.711925533970735,75.5
167,2025-06-08 18:00:00,41,3284,89,99,31,0,124,6,highway,0,0.01,54.52332145090848,84.5
168,2025-06-08 19:00:00,117,1957,118,31,46,0,266,2,city,0,0.02,54.688176097092175,67.0
136,2025-06-08 20:00:00,38,758,83,82,17,0,28,7,city,0,0.0,54.77957852812114,91.5
148,2025-06-08 21:00:00,89,1974,115,78,46,0,259,8,city,0,0.01,54.67520482063526,77.0
112,2025-06-08 22:00:00,48,2570,104,90,19,0,77,13,city,0,0.0,54.59923524457614,90.5
133,2025-06-08 23:00:00,61,785,98,58,51,0,194,16,city,0,0.0,54.78467669256592,74.5
185,2025-06-09 00:00:00,37,1462,81,11,51,0,35,10,highway,0,0.0,54.706190852828264,74.5
152,2025-06-09 01:00:00,22,1089,87,62,38,0,114,4,highway,0,0.0,54.73863324149597,81.0
186,2025-06-09 02:00:00,21,1903,113,16,48,1,62,13,city,0,0.01,54.65504055841843,56.0
150,2025-06-09 03:00:00,3,1418,71,86,39,0,52,17,city,0,0.0,54.697504942033525,80.5
102,2025-06-09 04:00:00,48,3603,71,29,27,0,116,8,city,0,0.0,54.49385404696074,86.5
141,2025-06-09 05:00:00,58,848,86,39,12,0,47,8,city,0,0.0,54.7786605441295,94.0
197,2025-06-09 06:00:00,72,1282,79,84,25,1,101,7,city,0,0.0,54.739613068097945,67.5
131,2025-06-09 07:00:00,67,820,87,76,15,0,279,1,city,0,0.0,54.78499899776482,92.5
150,2025-06-09 08:00:00,70,3512,91,68,24,0,107,15,city,0,0.0,54.51206460097608,88.0
184,2025-06-09 09:00:00,86,3352,88,75,9,0,35,15,city,0,0.03,54.53537410395215,95.5
145,2025-06-09 10:00:00,1,3003,70,12,28,0,288,19,highway,0,0.0,54.53596069609492,86.0
120,2025-06-09 11:00:00,48,1465,93,65,45,0,2,4,highway,0,0.0,54.710547861570426,77.5
143,2025-06-09 12:00:00,87,3611,105,88,37,0,239,6,city,1,0.96,54.50829046970854,81.5
110,2025-06-09 13:00:00,103,1499,94,26,19,0,272,10,city,0,0.0,54.73023701785211,80.5
167,2025-06-09 14:00:00,118,2806,105,61,53,0,144,12,city,0,0.01,54.6019497368296,63.5
100,2025-06-09 15:00:00,94,1721,100,16,25,0,92,4,highway,0,0.0,54.70380100826305,87.5
191,2025-06-09 16:00:00,110,3840,100,14,31,0,221,6,highway,0,0.03,54.494481926815595,74.5
162,2025-06-09 17:00:00,30,2169,71,63,38,0,54,14,city,0,0.0,54.632011613891,81.0
123,2025-06-09 18:00:00,110,3135,88,70,37,0,228,13,city,0,0.0,54.56593351435771,71.5
198,2025-06-09 19:00:00,39,1809,81,25,58,0,33,3,city,0,0.0,54.67141835926211,71.0
112,2025-06-09 20:00:00,47,3533,79,76,48,0,214,15,city,0,0.0,54.499712343861546,76.0
197,2025-06-09 21:00:00,50,1950,100,68,52,0,136,3,city,0,0.0,54.66174105610429,74.0
110,2025-06-09 22:00:00,42,3340,114,56,23,1,248,5,highway,1,0.97,54.518355136721176,68.5
199,2025-06-09 23:00:00,97,2349,91,57,30,0,53,13,city,0,0.0,54.64093472959527,85.0
150,2025-06-10 00:00:00,54,3955,92,73,39,0,64,15,city,0,0.02,54.45997458881381,80.5
116,2025-06-10 01:00:00,87,2515,92,59,11,0,37,17,highway,0,0.0,54.62081495772782,94.5
198,2025-06-10 02:00:00,48,2045,84,94,57,0,212,6,city,0,0.0,54.65107219114035,71.5
181,2025-06-10 03:00:00,89,3656,95,50,56,0,12,18,highway,0,0.0,54.50373986437746,72.0
185,2025-06-10 04:00:00,79,2041,72,81,35,0,84,3,highway,0,0.0,54.66482588789722,82.5
123,2025-06-10 05:00:00,56,3313,92,31,9,0,94,9,highway,0,0.0,54.52729488116026,95.5
118,2025-06-10 06:00:00,110,3146,89,63,5,1,207,8,city,0,0.0,54.56612385408274,67.5
136,2025-06-10 07:00:00,76,2432,114,14,6,0,38,11,highway,0,0.0,54.62504375648259,97.0
184,2025-06-10 08:00:00,14,1598,109,26,52,0,203,11,highway,0,0.0,54.68308419159371,74.0
107,2025-06-10 09:00:00,26,3040,108,87,30,0,270,8,highway,1,0.93,54.54215392760186,85.0
127,2025-06-10 10:00:00,67,1184,77,50,26,0,75,1,city,0,0.0,54.74753098316936,87.0
104,2025-06-10 11:00:00,79,1502,87,90,7,0,128,2,highway,0,0.0,54.7207864523025,96.5
116,2025-06-10 12:00:00,63,2415,110,44,2,0,152,4,highway,0,0.0,54.62171655682574,99.0
135,2025-06-10 13:00:00,93,2615,75,49,39,0,10,2,city,0,0.0,54.611908865104944,80.5
118,2025-06-10 14:00:00,107,2457,96,31,46,1,38,2,city,0,0.0,54.63331199380869,47.0
163,2025-06-10 15:00:00,29,2509,105,57,20,0,105,13,highway,0,0.0,54.59776913091802,90.0
190,2025-06-10 16:00:00,35,3637,84,62,0,0,165,6,highway,0,0.0,54.48628110957226,100.0
197,2025-06-10 17:00:00,66,2991,106,19,44,1,32,4,highway,0,0.06,54.56262501896918,58.0
110,2025-06-10 18:00:00,85,2143,74,27,53,0,212,15,city,0,0.0,54.65612546718738,73.5
153,2025-06-10 19:00:00,112,2652,108,89,49,0,14,3,city,0,0.0,54.61536575414729,65.5
144,2025-06-10 20:00:00,85,3707,78,58,14,0,230,4,city,0,0.01,54.498665296497755,93.0
146,2025-06-10 21:00:00,113,3925,76,80,6,0,132,17,city,0,0.0,54.488064817749894,87.0
111,2025-06-10 22:00:00,113,3563,110,39,14,0,152,6,city,1,0.94,54.52455220781915,83.0
120,2025-06-10 23:00:00,118,3020,89,28,24,0,96,2,highway,0,0.02,54.58137268003262,78.0
110,2025-06-11 00:00:00,48,2370,79,64,2,1,10,13,highway,0,0.0,54.620270242193925,79.0
191,2025-06-11 01:00:00,75,2548,95,69,29,0,16,15,city,0,0.0,54.61190442814458,85.5
104,2025-06-11 02:00:00,54,1219,73,96,57,0,167,5,highway,0,0.0,54.7374837549901,71.5
180,2025-06-11 03:00:00,84,1851,107,81,13,1,96,19,city,0,0.01,54.687056013822705,73.5
155,2025-06-11 04:00:00,55,2096,93,90,51,0,18,6,highway,0,0.0,54.64894164124157,74.5
119,2025-06-11 05:00:00,67,3315,83,30,3,1,7,17,highway,0,0.01,54.53175358781474,78.5
140,2025-06-11 06:00:00,94,3385,110,35,35,0,184,1,city,1,0.98,54.53416661442699,82.5
145,2025-06-11 07:00:00,43,2906,70,37,2,1,245,2,city,0,0.0,54.56375258762902,79.0
111,2025-06-11 08:00:00,30,1351,86,48,4,0,82,1,highway,0,0.0,54.7165913364758,98.0
169,2025-06-11 09:00:00,57,2923,114,42,24,1,131,8,highway,0,0.0,54.56674498007049,68.0
116,2025-06-11 10:00:00,86,2650,93,49,30,0,129,4,highway,0,0.0,54.605906996150814,85.0
118,2025-06-11 11:00:00,117,3367,96,92,10,0,289,18,highway,0,0.01,54.54625468457834,85.0
125,2025-06-11 12:00:00,52,910,76,38,7,0,74,9,city,0,0.0,54.77015071916011,96.5
147,2025-06-11 13:00:00,83,3194,78,29,25,0,59,15,highway,0,0.0,54.54958332158102,87.5
151,2025-06-11 14:00:00,78,1285,112,29,1,0,72,16,city,0,0.0,54.74269882520585,99.5
195,2025-06-11 15:00:00,22,866,104,83,27,0,160,3,highway,0,0.0,54.76176185045448,86.5
169,2025-06-11 16:00:00,27,3207,81,21,47,0,87,1,city,0,0.02,54.52487647580301,76.5
154,2025-06-11 17:00:00,15,3663,90,34,56,0,17,13,city,0,0.01,54.47331589027283,72.0
199,2025-06-11 18:00:00,36,1956,72,34,59,0,89,14,city,0,0.0,54.655223315240264,70.5
174,2025-06-11 19:00:00,20,1905,84,13,9,0,149,6,highway,0,0.0,54.65603101205828,95.5
132,2025-06-11 20:00:00,78,2438,90,13,49,0,6,5,highway,0,0.0,54.62347760716154,75.5
161,2025-06-11 21:00:00,16,1752,79,18,38,0,84,5,city,0,0.0,54.66879843735417,81.0
187,2025-06-11 22:00:00,113,1413,102,24,36,1,84,4,highway,0,0.0,54.7423027702816,52.0
122,2025-06-11 23:00:00,36,3864,115,35,38,0,250,12,city,1,0.98,54.462042740785186,81.0
114,2025-06-12 00:00:00,76,3588,75,88,20,0,154,14,city,0,0.0,54.50690827500939,90.0
126,2025-06-12 01:00:00,18,3615,71,99,27,0,72,14,city,0,0.01,54.48058823064059,86.5
174,2025-06-12 02:00:00,29,1387,98,80,37,0,109,11,city,0,0.0,54.71117877338562,81.5
163,2025-06-12 03:00:00,44,1029,109,41,55,0,112,10,city,0,0.0,54.752873024754095,72.5
180,2025-06-12 04:00:00,17,2446,102,85,32,0,172,10,highway,0,0.0,54.59886704155997,84.0
150,2025-06-12 05:00:00,77,1907,73,61,10,0,187,9,city,0,0.0,54.67867304806728,95.0
152,2025-06-12 06:00:00,61,2842,73,41,44,1,285,2,highway,0,0.0,54.575770434342616,58.0
177,2025-06-12 07:00:00,35,1484,98,18,43,0,273,14,highway,0,0.0,54.70347772352257,78.5
190,2025-06-12 08:00:00,99,3396,106,87,0,0,18,7,highway,1,1.0,54.536487248035364,100.0
181,2025-06-12 09:00:00,83,3100,89,22,52,0,168,17,city,0,0.0,54.558038442447284,74.0
191,2025-06-12 10:00:00,51,3677,110,65,46,0,82,8,highway,1,1.0,54.48675571688482,77.0
150,2025-06-12 11:00:00,18,1640,92,53,32,0,75,4,highway,0,0.0,54.68123707360129,84.0
146,2025-06-12 12:00:00,108,3731,114,92,2,0,249,5,highway,1,0.98,54.50595026627275,89.0
103,2025-06-12 13:00:00,43,1988,87,39,25,0,131,13,highway,0,0.0,54.656170415341,87.5
106,2025-06-12 14:00:00,6,2379,118,25,14,1,201,7,city,0,0.01,54.602000461776605,73.0
134,2025-06-12 15:00:00,43,3790,94,21,40,0,296,6,highway,0,0.0,54.47229717573612,80.0
147,2025-06-12 16:00:00,116,3393,70,83,13,0,68,17,highway,0,0.01,54.54308630382434,83.5
172,2025-06-12 17:00:00,67,1325,84,75,22,0,20,6,city,0,0.0,54.733355204627486,89.0
171,2025-06-12 18:00:00,33,838,103,27,59,0,271,19,highway,0,0.02,54.76771703707539,70.5
144,2025-06-12 19:00:00,65,3463,117,22,53,0,93,3,highway,1,0.96,54.513853928678415,73.5
180,2025-06-12 20:00:00,68,1461,89,33,55,0,133,9,highway,0,0.0,54.71857587973025,72.5
180,2025-06-12 21:00:00,54,2533,106,21,7,0,295,15,highway,0,0.0,54.605898036891595,96.5
196,2025-06-12 22:00:00,9,3002,96,69,53,0,296,8,highway,0,0.0,54.538251842362364,73.5
195,2025-06-12 23:00:00,95,3856,91,69,35,1,135,15,city,0,0.02,54.48666841243727,62.5
171,2025-06-13 00:00:00,41,2255,74,95,19,0,33,1,highway,0,0.0,54.62845948396967,90.5
118,2025-06-13 01:00:00,40,1375,103,10,51,1,293,8,highway,0,0.01,54.71624311533723,54.5
162,2025-06-13 02:00:00,76,791,108,52,5,0,32,4,city,0,0.0,54.791970937371424,97.5
137,2025-06-13 03:00:00,102,1792,72,64,32,0,43,10,highway,0,0.0,54.69950622677134,74.0
166,2025-06-13 04:00:00,68,736,86,49,27,0,292,16,highway,0,0.0,54.79345225582681,86.5
158,2025-06-13 05:00:00,9,2487,93,73,49,0,281,18,highway,0,0.0,54.59078989430158,75.5
168,2025-06-13 06:00:00,9,2887,93,43,37,0,108,4,city,0,0.0,54.550601610659285,81.5
112,2025-06-13 07:00:00,101,3614,72,43,29,0,96,8,highway,0,0.02,54.51393383613547,75.5
146,2025-06-13 08:00:00,90,3427,114,57,45,0,66,4,highway,1,1.0,54.52788017552229,77.5
160,2025-06-13 09:00:00,59,1901,76,42,42,0,9,10,highway,0,0.0,54.67074695395727,79.0
130,2025-06-13 10:00:00,50,2536,94,77,16,0,230,4,highway,0,0.0,54.6036187233411,92.0
179,2025-06-13 11:00:00,20,2594,72,39,8,0,221,16,highway,0,0.0,54.58600205724442,96.0
195,2025-06-13 12:00:00,7,836,84,93,27,0,278,12,city,0,0.0,54.75879006713788,86.5
121,2025-06-13 13:00:00,64,2937,98,99,53,0,99,10,highway,0,0.0,54.56694551584567,73.5
192,2025-06-13 14:00:00,91,2363,119,88,6,0,271,11,city,0,0.0,54.63808363311875,97.0
185,2025-06-13 15:00:00,112,3089,98,80,45,0,263,2,highway,0,0.05,54.57108739355906,67.5
142,2025-06-13 16:00:00,102,2282,79,80,27,0,164,16,highway,0,0.0,54.64987878360399,76.5
166,2025-06-13 17:00:00,77,3776,101,38,16,0,16,19,highway,1,0.96,54.48835420930094,92.0
153,2025-06-13 18:00:00,84,1671,92,32,39,0,169,12,city,0,0.0,54.70429806192215,80.5
109,2025-06-13 19:00:00,29,1361,108,43,59,1,21,4,city,0,0.0,54.71292297008304,50.5
141,2025-06-13 20:00:00,84,2990,78,93,47,0,28,17,highway,0,0.0,54.569831261383584,76.5
163,2025-06-13 21:00:00,48,2510,106,24,43,0,83,12,highway,0,0.01,54.60435535674487,78.5
120,2025-06-13 22:00:00,8,1114,109,62,43,0,273,16,city,0,0.0,54.730265053845415,78.5
179,2025-06-13 23:00:00,16,3454,83,26,59,0,36,3,city,0,0.01,54.494849548338564,70.5
175,2025-06-14 00:00:00,68,1042,73,73,59,0,276,2,city,0,0.0,54.76102367789674,70.5
165,2025-06-14 01:00:00,57,3429,89,93,4,0,233,7,highway,0,0.03,54.51610397191253,98.0
140,2025-06-14 02:00:00,56,3400,97,70,4,0,104,6,city,0,0.01,54.518651696657365,98.0
123,2025-06-14 03:00:00,61,845,83,66,13,1,6,1,city,0,0.0,54.780129275229925,73.5
134,2025-06-14 04:00:00,94,1022,113,86,5,0,23,15,city,0,0.0,54.77570598444919,97.5
155,2025-06-14 05:00:00,51,2869,103,97,6,0,170,12,city,0,0.02,54.570563900989036,97.0
129,2025-06-14 06:00:00,60,1975,82,46,54,0,152,13,highway,0,0.0,54.6631319418729,73.0
156,2025-06-14 07:00:00,39,2578,100,16,52,0,244,8,city,0,0.0,54.5934581053316,74.0
193,2025-06-14 08:00:00,37,3058,102,17,16,0,241,9,city,1,0.87,54.54531272184937,92.0
146,2025-06-14 09:00:00,42,1300,108,96,58,0,261,1,highway,0,0.01,54.72438714076959,71.0
134,2025-06-14 10:00:00,62,1174,97,87,8,0,46,5,city,0,0.0,54.7472767106583,96.0
118,2025-06-14 11:00:00,18,3317,94,77,30,1,273,7,highway,0,0.0,54.51077148819028,65.0
107,2025-06-14 12:00:00,99,2215,101,30,21,1,75,18,city,0,0.0,54.65573344023471,69.5
125,2025-06-14 13:00:00,49,1274,78,70,44,0,283,8,highway,0,0.0,54.730414584309486,78.0
170,2025-06-14 14:00:00,32,1046,97,83,8,0,196,10,city,0,0.0,54.74824860206277,96.0
129,2025-06-14 15:00:00,12,3567,100,95,58,1,23,8,highway,0,0.02,54.481792532170665,51.0
106,2025-06-14 16:00:00,77,2210,86,89,15,0,87,12,highway,0,0.0,54.647654046765865,92.5
166,2025-06-14 17:00:00,119,1081,92,84,35,0,121,16,highway,0,0.0,54.77851647221965,72.5
164,2025-06-14 18:00:00,96,2003,82,95,33,1,149,12,highway,0,0.0,54.675597972223855,63.5
135,2025-06-14 19:00:00,61,771,79,38,44,0,150,3,highway,0,0.0,54.78638681075474,78.0
124,2025-06-14 20:00:00,92,3268,85,34,12,0,65,18,highway,0,0.0,54.54620309654009,94.0
136,2025-06-14 21:00:00,42,3680,75,67,18,1,160,5,city,0,0.01,54.483982380401635,71.0
100,2025-06-14 22:00:00,48,1817,117,23,11,1,284,14,highway,0,0.0,54.67614102674229,74.5
114,2025-06-14 23:00:00,35,2096,80,87,35,0,82,16,highway,0,0.0,54.64156585537362,82.5
136,2025-06-15 00:00:00,107,3086,72,75,9,0,7,6,highway,0,0.01,54.57085755758956,85.5
112,2025-06-15 01:00:00,9,2059,97,63,15,0,182,16,highway,0,0.0,54.63570743108207,92.5
107,2025-06-15 02:00:00,94,1363,110,86,27,0,14,14,city,0,0.0,54.74012704732563,86.5
104,2025-06-15 03:00:00,5,2215,84,76,55,0,183,5,highway,0,0.0,54.61660022696004,72.5
159,2025-06-15 04:00:00,56,2591,82,39,18,0,44,14,city,0,0.0,54.6003526128905,91.0
172,2025-06-15 05:00:00,0,739,111,27,39,1,174,11,highway,0,0.0,54.76535328036073,60.5
100,2025-06-15 06:00:00,70,2082,114,63,5,1,14,9,city,0,0.0,54.65826984429346,77.5
135,2025-06-15 07:00:00,57,2730,86,30,3,0,73,7,city,0,0.0,54.5872317193971,98.5
134,2025-06-15 08:00:00,90,3321,76,62,29,0,223,5,city,0,0.01,54.53931466260834,85.5
165,2025-06-15 09:00:00,20,1977,97,92,38,0,2,15,highway,0,0.0,54.64752246593209,81.0
162,2025-06-15 10:00:00,91,1665,107,25,30,1,210,13,city,0,0.0,54.708087013346834,65.0
122,2025-06-15 11:00:00,79,3328,82,37,45,0,261,12,highway,0,0.0,54.53353160700533,77.5
108,2025-06-15 12:00:00,55,2600,86,13,26,1,90,15,highway,0,0.0,54.59870856277709,67.0
133,2025-06-15 13:00:00,109,2917,84,64,44,0,252,19,highway,0,0.01,54.587415797114424,68.0
145,2025-06-15 14:00:00,86,1400,105,24,20,0,47,19,city,0,0.01,54.73343845428692,90.0
177,2025-06-15 15:00:00,115,1210,97,73,36,1,163,10,city,0,0.0,54.76375047590712,52.0
103,2025-06-15 16:00:00,19,1983,84,74,8,0,116,17,highway,0,0.0,54.64773796695877,96.0
129,2025-06-15 17:00:00,101,1283,115,25,34,0,79,16,city,0,0.0,54.75078713588164,73.0
194,2025-06-15 18:00:00,53,1683,80,29,41,0,8,5,highway,0,0.0,54.69054891734206,79.5
174,2025-06-15 19:00:00,24,1158,100,73,46,1,23,4,city,0,0.0,54.73209186078066,57.0
198,2025-06-15 20:00:00,27,3276,73,42,51,0,269,10,highway,0,0.01,54.51769569275795,74.5
171,2025-06-15 21:00:00,4,2605,104,90,20,0,279,6,highway,0,0.0,54.57796826352515,90.0
102,2025-06-15 22:00:00,119,3088,103,78,16,0,31,11,city,1,0.98,54.57518599089749,82.0
113,2025-06-15 23:00:00,20,2804,96,78,54,0,170,11,city,0,0.0,54.562763784064224,73.0
159,2025-06-16 00:00:00,17,2965,79,67,23,0,130,16,highway,0,0.0,54.546453986030436,88.5
176,2025-06-16 01:00:00,46,3366,99,48,30,0,157,14,city,0,0.0,54.51703070243416,85.0
144,2025-06-16 02:00:00,69,1515,114,86,5,1,22,19,city,0,0.02,54.71553104586578,77.5
195,2025-06-16 03:00:00,56,3478,89,45,56,0,126,4,city,0,0.03,54.50859210726064,72.0
133,2025-06-16 04:00:00,92,3211,98,77,34,0,169,5,city,0,0.02,54.55109992851939,83.0
144,2025-06-16 05:00:00,18,946,98,96,49,0,166,19,city,0,0.01,54.75112000959647,75.5
160,2025-06-16 06:00:00,96,1429,92,30,36,0,157,17,highway,0,0.0,54.73384985357352,82.0
182,2025-06-16 07:00:00,64,3120,119,72,12,0,22,18,city,1,0.99,54.55001197561577,94.0
115,2025-06-16 08:00:00,108,1116,90,94,24,0,264,8,city,0,0.0,54.77099035796341,78.0
165,2025-06-16 09:00:00,2,1754,117,15,31,1,263,4,city,0,0.0,54.66326018297215,64.5
139,2025-06-16 10:00:00,41,1067,112,33,58,0,212,18,city,0,0.0,54.74768123962745,71.0
116,2025-06-16 11:00:00,20,3306,79,62,0,0,164,11,highway,0,0.01,54.51392039786361,100.0
133,2025-06-16 12:00:00,98,807,110,92,48,0,136,14,city,0,0.0,54.797418103175396,76.0
115,2025-06-16 13:00:00,104,3331,81,85,57,0,252,13,highway,0,0.01,54.54277349979344,61.5
159,2025-06-16 14:00:00,39,1538,99,87,34,0,205,16,city,0,0.0,54.699960256070895,83.0
165,2025-06-16 15:00:00,66,1117,102,59,57,1,242,12,highway,0,0.0,54.75267511859555,51.5
165,2025-06-16 16:00:00,24,2343,87,21,18,0,279,9,city,0,0.0,54.61272522434841,91.0
189,2025-06-16 17:00:00,108,1520,83,65,52,0,61,7,city,0,0.0,54.72875901172117,64.0
112,2025-06-16 18:00:00,101,2121,91,24,51,0,299,10,city,0,0.0,54.664868870204494,64.5
155,2025-06-16 19:00:00,108,1382,90,92,53,0,95,17,city,0,0.0,54.742752416847395,63.5
130,2025-06-16 20:00:00,54,3887,70,49,11,1,148,18,highway,0,0.0,54.46803543651695,74.5
133,2025-06-16 21:00:00,83,955,118,50,39,0,259,7,city,0,0.0,54.77671225242997,80.5
138,2025-06-16 22:00:00,51,3852,112,78,39,0,30,3,highway,1,1.0,54.469244929645406,80.5
166,2025-06-16 23:00:00,43,3527,84,78,46,0,18,15,highway,0,0.0,54.49879828603335,77.0
107,2025-06-17 00:00:00,108,3899,105,15,42,0,187,16,city,1,0.98,54.48722874605254,69.0
186,2025-06-17 01:00:00,97,1537,116,96,19,0,212,17,highway,0,0.0,54.72396340890953,90.5
177,2025-06-17 02:00:00,84,3662,91,76,32,0,35,13,highway,0,0.02,54.502103865911884,84.0
154,2025-06-17 03:00:00,55,2982,101,42,28,0,147,3,city,0,0.01,54.559778146723794,86.0
126,2025-06-17 04:00:00,54,1252,115,52,15,0,282,5,city,0,0.0,54.73584580838178,92.5
192,2025-06-17 05:00:00,111,880,102,30,13,0,35,9,city,0,0.0,54.7966455839193,83.5
152,2025-06-17 06:00:00,86,856,110,93,6,0,76,18,city,0,0.0,54.78933481342105,97.0
138,2025-06-17 07:00:00,69,2177,108,74,5,1,72,11,city,0,0.0,54.648207027910765,77.5
164,2025-06-17 08:00:00,114,1270,92,26,20,0,249,11,city,0,0.0,54.75790159483585,80.0
116,2025-06-17 09:00:00,116,1556,112,17,35,0,57,16,city,0,0.0,54.72900541973102,72.5
129,2025-06-17 10:00:00,76,2484,71,73,21,0,10,8,highway,0,0.0,54.61914186343552,89.5
152,2025-06-17 11:00:00,112,2427,71,99,39,1,213,2,highway,0,0.0,54.63865685215667,50.5
112,2025-06-17 12:00:00,86,1747,107,37,53,0,237,10,city,0,0.0,54.696799355178015,73.5
120,2025-06-17 13:00:00,72,2196,98,99,18,0,234,6,highway,0,0.0,54.64694752365498,91.0
118,2025-06-17 14:00:00,80,2123,115,22,24,0,223,4,highway,0,0.01,54.657338148310934,88.0
152,2025-06-17 15:00:00,65,3695,72,22,2,0,104,5,highway,0,0.01,54.49234625848256,99.0
118,2025-06-17 16:00:00,18,1291,108,47,35,0,98,11,city,0,0.0,54.71660692467923,82.5
156,2025-06-17 17:00:00,82,2881,76,34,44,0,226,12,highway,0,0.0,54.58023602472281,78.0
124,2025-06-17 18:00:00,119,1120,105,71,52,0,222,16,city,0,0.01,54.77385483848519,64.0
185,2025-06-17 19:00:00,6,2960,98,32,58,0,280,14,highway,0,0.0,54.541114076673686,71.0
130,2025-06-17 20:00:00,117,3647,106,95,33,0,43,14,city,1,0.99,54.51683841333246,73.5
180,2025-06-17 21:00:00,62,3229,118,30,10,0,153,15,highway,1,1.0,54.538205687295736,95.0
154,2025-06-17 22:00:00,41,1047,105,63,47,0,290,8,highway,0,0.01,54.75016517238526,76.5
122,2025-06-17 23:00:00,41,865,92,72,41,0,224,5,city,0,0.0,54.76891963306987,79.5
131,2025-06-18 00:00:00,58,1636,114,39,46,0,119,9,highway,0,0.0,54.69713175891426,77.0
161,2025-06-18 01:00:00,19,1047,85,84,26,1,214,16,city,0,0.0,54.74219089096132,67.0
173,2025-06-18 02:00:00,72,3596,117,77,41,0,53,3,city,1,1.0,54.5036295906121,79.5
109,2025-06-18 03:00:00,16,1097,100,85,1,0,220,12,city,0,0.0,54.73692412055232,99.5
199,2025-06-18 04:00:00,26,1282,103,82,5,1,243,7,highway,0,0.01,54.72196152680239,77.5
171,2025-06-18 05:00:00,46,3473,119,41,45,1,53,17,highway,1,0.99,54.50553542420956,57.5
153,2025-06-18 06:00:00,1,2300,70,84,1,0,117,15,city,0,0.0,54.6085588113467,99.5
151,2025-06-18 07:00:00,62,3992,87,33,41,1,42,15,city,0,0.01,54.459342070209765,59.5
119,2025-06-18 08:00:00,61,1007,109,16,16,0,247,12,city,0,0.0,54.763531493112986,92.0
131,2025-06-18 09:00:00,99,3738,112,81,39,0,291,2,highway,1,0.97,54.500111197845456,80.5
113,2025-06-18 10:00:00,18,3545,84,98,57,0,248,8,highway,0,0.06,54.48647988128991,71.5
149,2025-06-18 11:00:00,16,3466,117,10,47,0,101,5,city,1,0.99,54.49412005467594,76.5
127,2025-06-18 12:00:00,68,3213,118,12,13,0,87,3,highway,1,0.99,54.542119221846,93.5
152,2025-06-18 13:00:00,38,798,86,37,9,0,84,1,highway,0,0.0,54.775837865818524,95.5
123,2025-06-18 14:00:00,81,1965,113,52,44,0,261,16,city,0,0.0,54.67298979769437,78.0
178,2025-06-18 15:00:00,116,857,79,55,32,0,221,10,city,0,0.0,54.80021498076312,74.0
121,2025-06-18 16:00:00,117,3357,89,10,41,1,154,10,highway,0,0.0,54.54600355371476,49.5
129,2025-06-18 17:00:00,70,1253,75,47,53,0,51,11,city,0,0.0,54.74061388846491,73.5
162,2025-06-18 18:00:00,80,1350,77,44,11,0,38,12,city,0,0.0,54.73648242259229,94.5
103,2025-06-18 19:00:00,38,3667,114,83,31,0,259,8,highway,1,0.96,54.483166606353166,84.5
176,2025-06-18 20:00:00,35,2974,103,85,48,0,187,5,city,0,0.03,54.551743300298796,76.0
158,2025-06-18 21:00:00,39,3170,101,83,23,0,13,9,city,1,0.83,54.53443923767813,88.5
186,2025-06-18 22:00:00,44,3843,111,63,13,0,223,11,highway,1,0.97,54.46841318398733,93.5
107,2025-06-18 23:00:00,3,2990,73,33,4,0,87,15,city,0,0.0,54.539067560950286,98.0
181,2025-06-19 00:00:00,101,3277,113,37,50,1,259,17,highway,1,0.95,54.547346990337786,45.0
111,2025-06-19 01:00:00,24,1768,119,31,4,0,181,11,city,0,0.0,54.67177421876442,98.0
130,2025-06-19 02:00:00,68,2195,108,25,46,0,173,13,highway,0,0.0,54.64429777305219,77.0
177,2025-06-19 03:00:00,29,3118,89,22,31,0,195,17,highway,0,0.03,54.53538512780447,84.5
133,2025-06-19 04:00:00,75,2578,93,71,44,0,245,7,city,0,0.0,54.608239889168516,78.0
181,2025-06-19 05:00:00,67,3399,93,52,48,0,196,9,city,0,0.01,54.52137015836047,76.0
197,2025-06-19 06:00:00,87,3436,95,96,32,0,62,18,city,0,0.01,54.52629213823316,84.0
174,2025-06-19 07:00:00,28,1433,94,87,59,0,25,18,highway,0,0.0,54.705199205683684,70.5
175,2025-06-19 08:00:00,72,2650,105,41,45,1,52,10,highway,0,0.01,54.599672188570565,57.5
148,2025-06-19 09:00:00,67,791,76,76,3,0,50,12,city,0,0.0,54.78843911850726,98.5
178,2025-06-19 10:00:00,50,3793,79,92,56,0,295,18,city,0,0.03,54.474148176605766,72.0
156,2025-06-19 11:00:00,23,2919,116,95,29,1,52,9,highway,0,0.03,54.553295737628964,65.5
194,2025-06-19 12:00:00,13,2327,81,66,40,0,40,9,city,0,0.0,54.609035780086124,80.0
192,2025-06-19 13:00:00,68,1915,70,74,16,1,232,10,highway,0,0.0,54.674000391714436,72.0
125,2025-06-19 14:00:00,17,1800,119,78,2,1,60,1,city,0,0.0,54.665791096130874,79.0
117,2025-06-19 15:00:00,41,2004,94,58,12,1,216,11,city,0,0.0,54.65427200737805,74.0
195,2025-06-19 16:00:00,56,2087,85,42,43,0,197,14,city,0,0.0,54.65058569135498,78.5
185,2025-06-19 17:00:00,82,878,74,28,47,0,276,10,highway,0,0.0,54.783814222775966,76.5
137,2025-06-19 18:00:00,11,2985,88,45,35,0,2,14,city,0,0.0,54.5415200582244,82.5
180,2025-06-19 19:00:00,81,3906,73,79,17,0,106,19,highway,0,0.01,54.47669863277538,91.5
186,2025-06-19 20:00:00,16,3624,75,24,22,0,216,10,highway,0,0.01,54.479074453873736,89.0
187,2025-06-19 21:00:00,29,3649,95,33,34,0,265,17,city,0,0.02,54.48126081604191,83.0
149,2025-06-19 22:00:00,87,979,118,36,48,0,167,2,city,0,0.01,54.775509400420056,76.0
107,2025-06-19 23:00:00,74,1742,108,58,32,0,247,14,highway,0,0.0,54.69334871043978,84.0
140,2025-06-20 00:00:00,98,2318,108,84,50,1,210,18,city,0,0.0,54.64367074411424,55.0
105,2025-06-20 01:00:00,22,3487,78,32,53,0,58,2,city,0,0.01,54.49414804614911,73.5
168,2025-06-20 02:00:00,80,1070,114,42,35,0,43,19,highway,0,0.0,54.76397607547114,82.5
143,2025-06-20 03:00:00,0,2500,83,50,16,0,138,8,city,0,0.0,54.58720411256404,92.0
163,2025-06-20 04:00:00,78,3883,117,65,38,0,109,6,highway,1,1.0,54.47697409837238,81.0
128,2025-06-20 05:00:00,31,3617,78,38,33,0,48,7,highway,0,0.01,54.485359085434695,83.5
127,2025-06-20 06:00:00,8,2403,84,40,11,0,126,13,highway,0,0.0,54.60048546162707,94.5
110,2025-06-20 07:00:00,14,3766,106,74,4,0,214,2,highway,1,0.99,54.46456664282745,98.0
164,2025-06-20 08:00:00,27,2968,119,27,47,1,128,7,highway,0,0.02,54.54918227684719,56.5
118,2025-06-20 09:00:00,23,3667,89,91,39,1,198,1,city,0,0.03,54.47681663147687,60.5
108,2025-06-20 10:00:00,59,1003,77,15,54,0,202,6,highway,0,0.0,54.76158079793431,73.0
126,2025-06-20 11:00:00,34,2048,101,61,26,0,192,16,highway,0,0.0,54.64641400141641,87.0
133,2025-06-20 12:00:00,85,2160,116,49,59,0,107,8,city,0,0.01,54.65415116203536,70.5
143,2025-06-20 13:00:00,26,3185,90,74,39,0,194,13,highway,0,0.01,54.52703956935174,80.5
167,2025-06-20 14:00:00,82,1893,110,51,12,0,238,18,highway,0,0.0,54.682022578854266,94.0
199,2025-06-20 15:00:00,108,3122,88,77,25,1,132,14,city,0,0.0,54.56694343907824,57.5
181,2025-06-20 16:00:00,75,3128,98,41,13,0,83,18,city,0,0.01,54.55357414737997,93.5
114,2025-06-20 17:00:00,19,3733,100,19,31,0,284,4,city,0,0.0,54.468825764604325,84.5
150,2025-06-20 18:00:00,64,2761,75,78,10,0,222,15,highway,0,0.0,54.58660333968573,95.0
112,2025-06-20 19:00:00,84,3490,73,18,37,1,106,5,highway,0,0.0,54.51939137296188,61.5
182,2025-06-20 20:00:00,48,1368,112,78,15,0,294,14,highway,0,0.0,54.72163976227834,92.5
148,2025-06-20 21:00:00,108,1199,98,70,54,0,66,16,city,0,0.0,54.76132222802796,63.0
169,2025-06-20 22:00:00,0,2114,111,20,56,0,195,15,highway,0,0.01,54.62482323576841,72.0
155,2025-06-20 23:00:00,9,2272,72,77,21,1,188,11,highway,0,0.0,54.61380033511558,69.5
175,2025-06-21 00:00:00,46,3312,70,83,56,0,47,2,highway,0,0.0,54.52145881358145,72.0
150,2025-06-21 01:00:00,58,1229,113,17,46,0,25,18,city,0,0.01,54.738522809227995,77.0
136,2025-06-21 02:00:00,95,2706,84,58,15,0,66,4,city,0,0.0,54.60443914707916,92.5
116,2025-06-21 03:00:00,61,3239,116,33,12,0,67,15,city,1,0.99,54.536705379912604,94.0
157,2025-06-21 04:00:00,102,1919,90,42,11,0,197,12,city,0,0.0,54.68744963415595,84.5
186,2025-06-21 05:00:00,85,1454,115,28,17,1,246,3,highway,0,0.0,54.72766797263059,71.5
189,2025-06-21 06:00:00,17,3047,100,11,28,0,296,4,highway,0,0.02,54.53791022335147,86.0
128,2025-06-21 07:00:00,111,1514,76,64,17,0,100,16,highway,0,0.0,54.732005480414145,81.5
132,2025-06-21 08:00:00,45,3294,86,20,45,0,178,6,city,0,0.0,54.5233378358022,77.5
159,2025-06-21 09:00:00,31,1426,88,26,1,1,115,2,highway,0,0.0,54.709488228085604,79.5
190,2025-06-21 10:00:00,26,1430,108,51,53,1,168,9,highway,0,0.01,54.70494671063842,53.5
188,2025-06-21 11:00:00,91,1527,72,70,1,0,119,12,highway,0,0.0,54.723307621686054,99.5
154,2025-06-21 12:00:00,17,3349,99,12,2,0,165,12,highway,0,0.01,54.50826102994914,99.0
109,2025-06-21 13:00:00,38,2031,104,95,28,0,219,14,city,0,0.01,54.64966711122794,86.0
146,2025-06-21 14:00:00,48,2746,98,44,55,0,197,17,highway,0,0.0,54.57986376815244,72.5
122,2025-06-21 15:00:00,92,3779,119,94,7,0,237,9,city,1,1.0,54.494439997214045,96.5
184,2025-06-21 16:00:00,81,3515,83,98,10,0,169,12,highway,0,0.04,54.516748863908376,95.0
120,2025-06-21 17:00:00,43,1574,104,75,11,0,76,10,city,0,0.0,54.698846045873694,94.5
112,2025-06-21 18:00:00,71,3979,97,10,31,0,287,11,city,0,0.01,54.46468684321927,84.5
132,2025-06-21 19:00:00,53,3684,99,16,3,0,33,2,city,0,0.03,54.48860585219538,98.5
123,2025-06-21 20:00:00,94,2878,95,29,8,1,299,16,highway,0,0.0,54.58683193886429,76.0
110,2025-06-21 21:00:00,33,2703,76,52,23,0,230,1,city,0,0.0,54.57952307445652,88.5
116,2025-06-21 22:00:00,70,2377,108,15,48,0,195,1,city,0,0.01,54.62650996888746,76.0
167,2025-06-21 23:00:00,35,1307,100,64,55,0,294,2,highway,0,0.0,54.72098737271779,72.5
146,2025-06-22 00:00:00,17,2773,74,30,15,0,297,12,highway,0,0.0,54.56630723938577,92.5
124,2025-06-22 01:00:00,37,2177,104,60,16,0,278,18,highway,0,0.0,54.63490858260219,92.0
193,2025-06-22 02:00:00,58,1334,119,55,46,0,230,12,highway,0,0.01,54.727844528434524,77.0
172,2025-06-22 03:00:00,8,1909,116,44,51,0,96,1,city,0,0.0,54.64908795936188,74.5
120,2025-06-22 04:00:00,72,1183,83,17,57,0,171,11,city,0,0.0,54.74837214465697,71.5
183,2025-06-22 05:00:00,109,3427,105,77,21,0,32,2,highway,1,1.0,54.536490717628496,79.5
182,2025-06-22 06:00:00,71,1774,96,25,6,0,45,12,city,0,0.0,54.68995340922628,97.0
182,2025-06-22 07:00:00,50,2614,93,76,9,0,72,2,city,0,0.0,54.5959726335966,95.5
111,2025-06-22 08:00:00,34,2752,109,80,28,0,20,17,city,0,0.0,54.57473685759648,86.0
136,2025-06-22 09:00:00,81,1288,98,73,35,0,239,6,city,0,0.0,54.742207445298064,82.5
141,2025-06-22 10:00:00,4,3931,114,11,23,1,199,16,city,1,0.96,54.44299411146919,68.5
116,2025-06-22 11:00:00,13,2955,91,10,55,1,65,19,highway,0,0.01,54.54455588954345,52.5
147,2025-06-22 12:00:00,91,3004,77,67,45,0,188,6,highway,0,0.02,54.57129990714553,77.5
127,2025-06-22 13:00:00,29,1928,84,10,13,0,89,7,highway,0,0.0,54.657141965391574,93.5
140,2025-06-22 14:00:00,3,2673,118,16,13,0,201,19,highway,0,0.01,54.57093763819143,93.5
198,2025-06-22 15:00:00,38,2758,74,97,24,0,23,17,highway,0,0.0,54.575896356067275,88.0
146,2025-06-22 16:00:00,83,1648,73,78,45,0,296,6,highway,0,0.0,54.70599015855047,77.5
117,2025-06-22 17:00:00,63,2755,80,94,21,0,130,15,highway,0,0.0,54.5863620379358,89.5
177,2025-06-22 18:00:00,24,3683,87,27,51,0,154,9,city,0,0.0,54.47510009830699,74.5
198,2025-06-22 19:00:00,27,2779,111,97,49,0,78,2,highway,0,0.01,54.5683213687279,75.5
170,2025-06-22 20:00:00,75,2707,118,41,46,0,190,5,city,0,0.01,54.595039044931866,77.0
112,2025-06-22 21:00:00,65,3287,99,54,22,0,154,5,city,0,0.0,54.53302087123328,89.0
181,2025-06-22 22:00:00,106,2441,84,42,31,0,113,12,city,0,0.0,54.63515124729988,74.5
112,2025-06-22 23:00:00,77,3752,75,83,25,0,117,10,city,0,0.0,54.49042679823269,87.5
199,2025-06-23 00:00:00,21,1086,85,82,50,1,5,4,city,0,0.0,54.73804593923531,55.0
130,2025-06-23 01:00:00,30,1951,116,58,26,0,35,12,highway,0,0.0,54.65467264006169,87.0
101,2025-06-23 02:00:00,22,3387,109,42,44,0,272,15,city,1,0.96,54.50468599834488,78.0
115,2025-06-23 03:00:00,47,2490,78,80,11,0,159,10,highway,0,0.0,54.60729681703936,94.5
108,2025-06-23 04:00:00,19,2198,112,77,18,0,210,18,highway,0,0.0,54.62546384807257,91.0
172,2025-06-23 05:00:00,37,906,103,37,18,0,14,5,highway,0,0.0,54.76408481561179,91.0
137,2025-06-23 06:00:00,54,2518,96,96,51,1,25,13,city,0,0.0,54.60562360753065,54.5
174,2025-06-23 07:00:00,67,2480,82,62,33,0,218,4,city,0,0.0,54.6154441413879,83.5
153,2025-06-23 08:00:00,78,3304,105,53,31,1,254,9,highway,1,1.0,54.5361435370213,64.5
155,2025-06-23 09:00:00,87,3095,96,89,28,1,203,18,highway,0,0.0,54.56113475342892,66.0
185,2025-06-23 10:00:00,88,1492,78,64,20,0,101,3,highway,0,0.0,54.72488527577841,90.0
196,2025-06-23 11:00:00,0,2981,74,19,34,0,229,11,highway,0,0.0,54.53755109481092,83.0
199,2025-06-23 12:00:00,6,2424,91,23,41,1,199,4,highway,0,0.0,54.596319572830566,59.5
186,2025-06-23 13:00:00,56,3815,100,45,4,0,178,9,city,0,0.02,54.476447063045086,98.0
144,2025-06-23 14:00:00,94,1705,72,43,11,0,276,12,highway,0,0.0,54.706000869692886,94.5
133,2025-06-23 15:00:00,11,3484,99,97,6,0,130,10,highway,0,0.0,54.49195909641657,97.0
108,2025-06-23 16:00:00,105,1641,90,27,40,0,279,10,highway,0,0.0,54.71573990147857,70.0
187,2025-06-23 17:00:00,4,1865,104,25,1,0,288,9,highway,0,0.03,54.654001947342586,99.5
107,2025-06-23 18:00:00,107,2923,75,46,24,0,141,10,city,0,0.0,54.58682071569102,78.0
106,2025-06-23 19:00:00,49,2377,97,50,9,1,13,9,highway,0,0.0,54.61967352410374,75.5
135,2025-06-23 20:00:00,41,1148,101,34,37,0,217,1,highway,0,0.01,54.74030275097873,81.5
117,2025-06-23 21:00:00,101,1291,111,17,43,1,186,16,city,0,0.0,54.74960539161919,48.5
102,2025-06-23 22:00:00,11,781,106,97,5,0,27,14,highway,0,0.02,54.76688946018792,97.5
127,2025-06-23 23:00:00,102,2882,94,93,26,0,218,13,city,0,0.0,54.588900942986506,77.0
169,2025-06-24 00:00:00,17,3603,101,93,34,1,14,6,city,1,0.93,54.48112074345964,63.0
143,2025-06-24 01:00:00,65,3948,104,27,9,0,142,14,highway,1,0.97,54.46633033924955,95.5
120,2025-06-24 02:00:00,73,2106,91,77,8,0,55,8,highway,0,0.0,54.65691091821374,96.0
127,2025-06-24 03:00:00,78,3912,93,57,19,0,191,18,city,0,0.0,54.4748020876167,90.5
153,2025-06-24 04:00:00,93,2180,108,79,36,0,285,1,city,0,0.01,54.6562701772849,82.0
153,2025-06-24 05:00:00,107,3187,99,76,34,1,89,12,highway,0,0.02,54.55956339910121,53.0
164,2025-06-24 06:00:00,16,1779,119,27,36,0,45,11,highway,0,0.0,54.6661344072691,82.0
199,2025-06-24 07:00:00,67,3444,101,27,39,0,132,13,city,1,0.78,54.51716191327002,80.5
120,2025-06-24 08:00:00,70,1118,100,65,7,0,66,4,highway,0,0.0,54.7562248182212,96.5
198,2025-06-24 09:00:00,61,787,92,32,45,0,279,6,city,0,0.0,54.784718737383876,77.5
112,2025-06-24 10:00:00,40,3403,109,44,55,0,148,13,highway,1,0.98,54.50983612205974,72.5
156,2025-06-24 11:00:00,94,3779,102,15,53,0,145,13,highway,1,0.99,54.493361315045604,73.5
148,2025-06-24 12:00:00,114,914,94,35,30,0,6,6,city,0,0.0,54.79369698388366,75.0
153,2025-06-24 13:00:00,118,2458,105,94,48,0,82,4,city,0,0.0,54.63754514418536,66.0
109,2025-06-24 14:00:00,102,3299,93,70,42,0,123,3,highway,0,0.0,54.54583840516932,69.0
152,2025-06-24 15:00:00,118,2220,100,97,57,0,167,15,city,0,0.0,54.66138108635332,61.5
143,2025-06-24 16:00:00,33,2417,108,24,15,1,237,11,highway,0,0.0,54.60893593156982,72.5
146,2025-06-24 17:00:00,69,3250,115,41,27,0,105,2,highway,1,0.98,54.538185218969886,86.5
152,2025-06-24 18:00:00,113,3446,82,21,5,1,290,17,city,0,0.01,54.53681902452434,67.5
173,2025-06-24 19:00:00,101,2992,79,14,31,0,238,2,highway,0,0.0,54.5771081240502,74.5
145,2025-06-24 20:00:00,44,2201,92,73,27,0,82,1,highway,0,0.0,54.63482846118198,86.5
112,2025-06-24 21:00:00,57,1008,87,80,10,0,94,5,city,0,0.0,54.76206917699362,95.0
136,2025-06-24 22:00:00,50,930,101,95,41,0,285,17,city,0,0.0,54.76592290118084,79.5
123,2025-06-24 23:00:00,33,854,102,36,22,0,297,1,city,0,0.01,54.76760342110765,89.0
101,2025-06-25 00:00:00,43,1898,105,88,29,0,66,7,highway,0,0.01,54.66515960035462,85.5
185,2025-06-25 01:00:00,14,3595,97,54,8,0,112,3,city,0,0.0,54.48179335873889,96.0
180,2025-06-25 02:00:00,77,814,85,44,27,0,171,16,highway,0,0.0,54.78913345107764,86.5
199,2025-06-25 03:00:00,69,2113,85,35,23,0,247,16,city,0,0.0,54.65397937237137,88.5
113,2025-06-25 04:00:00,49,1010,87,32,58,0,66,12,highway,0,0.0,54.756690138328906,71.0
109,2025-06-25 05:00:00,100,1692,77,22,27,0,68,9,highway,0,0.0,54.709077522447224,86.5
134,2025-06-25 06:00:00,113,3047,111,99,23,0,34,14,city,1,0.99,54.57666016961173,78.5
124,2025-06-25 07:00:00,31,1741,85,12,14,0,1,12,highway,0,0.0,54.676921597646235,93.0
102,2025-06-25 08:00:00,66,3531,80,38,38,0,151,16,highway,0,0.01,54.50795358695965,81.0
116,2025-06-25 09:00:00,2,711,75,75,49,0,272,17,city,0,0.0,54.7685947835928,75.5
111,2025-06-25 10:00:00,85,2127,70,73,32,0,258,12,highway,0,0.0,54.65861167603358,84.0
153,2025-06-25 11:00:00,85,2979,81,37,46,0,238,4,highway,0,0.0,54.57139235990527,77.0
123,2025-06-25 12:00:00,73,3702,107,96,33,0,116,17,highway,1,0.97,54.493578380808856,83.5
128,2025-06-25 13:00:00,50,2713,97,45,21,0,76,1,highway,0,0.0,54.58541365899185,89.5
142,2025-06-25 14:00:00,66,1429,114,15,28,0,283,17,highway,0,0.0,54.72213166639133,86.0
124,2025-06-25 15:00:00,75,2001,86,20,33,0,19,11,highway,0,0.0,54.66736955908787,83.5
199,2025-06-25 16:00:00,92,2076,70,47,41,0,284,19,city,0,0.0,54.666240711584805,79.5
159,2025-06-25 17:00:00,47,3765,101,43,51,1,35,18,city,1,0.96,54.4759957078823,54.5
189,2025-06-25 18:00:00,16,2736,77,90,46,0,241,2,city,0,0.0,54.56840043744239,77.0
164,2025-06-25 19:00:00,6,3746,109,76,9,0,7,9,highway,1,0.98,54.46318394950571,95.5
183,2025-06-25 20:00:00,12,3050,112,55,50,1,37,9,city,1,0.96,54.53469760702959,55.0
127,2025-06-25 21:00:00,119,1240,115,95,53,0,153,12,city,0,0.0,54.76161018223317,63.5
115,2025-06-25 22:00:00,65,3217,93,38,59,0,245,13,highway,0,0.01,54.53862617446623,70.5
146,2025-06-25 23:00:00,3,3560,79,69,59,1,250,16,city,0,0.0,54.478849878371435,50.5
180,2025-06-26 00:00:00,9,776,116,63,44,1,115,13,city,0,0.0,54.76499955614779,58.0
191,2025-06-26 01:00:00,102,3767,108,78,29,0,41,14,highway,1,0.98,54.49877557026311,75.5
157,2025-06-26 02:00:00,87,723,108,83,55,0,62,7,city,0,0.0,54.80125771855729,72.5
175,2025-06-26 03:00:00,16,1738,79,83,10,0,169,2,city,0,0.01,54.6713675977921,95.0
126,2025-06-26 04:00:00,51,1375,105,18,53,0,142,12,city,0,0.0,54.72057796362621,73.5
152,2025-06-26 05:00:00,5,3272,94,94,33,1,258,17,city,0,0.01,54.51000548266199,63.5
141,2025-06-26 06:00:00,82,3094,119,86,20,0,88,5,city,1,1.0,54.559556131969316,90.0
158,2025-06-26 07:00:00,68,871,79,19,58,1,48,10,city,0,0.0,54.77845492767701,51.0
146,2025-06-26 08:00:00,95,2592,88,84,12,0,12,18,highway,0,0.0,54.6161554294048,94.0
193,2025-06-26 09:00:00,73,3459,115,77,53,0,211,3,highway,1,0.98,54.517472838026976,73.5
133,2025-06-26 10:00:00,8,1188,114,67,24,0,244,13,city,0,0.0,54.72351663703539,88.0
136,2025-06-26 11:00:00,90,2185,84,61,53,0,239,13,city,0,0.0,54.65386172843205,73.5
105,2025-06-26 12:00:00,76,3125,85,43,57,0,197,10,city,0,0.01,54.55248085778361,71.5
106,2025-06-26 13:00:00,82,3935,71,44,20,1,257,2,highway,0,0.0,54.474028187709244,70.0
195,2025-06-26 14:00:00,20,3119,98,42,0,0,235,16,city,0,0.01,54.532937907467215,100.0
195,2025-06-26 15:00:00,23,3747,73,81,57,0,187,4,highway,0,0.0,54.467944476563574,71.5
124,2025-06-26 16:00:00,101,3724,119,41,4,1,201,19,highway,1,0.99,54.50376973512457,68.0
132,2025-06-26 17:00:00,3,1456,98,64,52,1,103,5,city,0,0.0,54.69310863330645,54.0
154,2025-06-26 18:00:00,23,3224,100,17,21,1,290,7,highway,0,0.03,54.52260512856188,69.5
157,2025-06-26 19:00:00,58,3129,86,55,6,0,221,9,city,0,0.01,54.546933046773034,97.0
106,2025-06-26 20:00:00,98,854,79,23,12,0,187,5,highway,0,0.0,54.79411094515201,94.0
156,2025-06-26 21:00:00,2,956,96,17,44,0,99,8,city,0,0.0,54.74388332894355,78.0
111,2025-06-26 22:00:00,67,2479,110,80,51,0,245,2,city,0,0.0,54.61480951737242,74.5
115,2025-06-26 23:00:00,100,1373,84,86,22,1,22,7,highway,0,0.0,54.74172369034574,69.0
179,2025-06-27 00:00:00,39,2815,113,63,20,0,68,4,city,0,0.01,54.570664716872585,90.0
142,2025-06-27 01:00:00,47,3091,100,30,5,0,65,15,highway,0,0.0,54.5464218123784,97.5
199,2025-06-27 02:00:00,53,1372,90,84,19,0,292,18,city,0,0.0,54.72307691709606,90.5
176,2025-06-27 03:00:00,34,3138,110,23,11,1,217,2,highway,1,0.99,54.53617687859548,74.5
106,2025-06-27 04:00:00,94,2172,115,84,39,1,29,14,city,0,0.0,54.65736255497456,60.5
199,2025-06-27 05:00:00,55,958,114,11,8,0,193,10,city,0,0.03,54.76643285673227,96.0
150,2025-06-27 06:00:00,107,1006,95,70,49,0,56,5,city,0,0.0,54.7807529442619,65.5
172,2025-06-27 07:00:00,88,1818,107,26,27,0,212,12,highway,0,0.0,54.69144540894614,86.5
131,2025-06-27 08:00:00,39,3697,105,87,10,0,238,10,highway,1,0.98,54.48137622594511,95.0
174,2025-06-27 09:00:00,76,3717,86,98,51,0,200,18,city,0,0.02,54.49252113433351,74.5
107,2025-06-27 10:00:00,67,945,72,57,31,0,178,6,city,0,0.0,54.77163225034471,84.5
196,2025-06-27 11:00:00,45,3480,83,17,10,0,153,12,city,0,0.02,54.505853761192746,95.0
186,2025-06-27 12:00:00,77,2358,118,65,23,0,44,1,highway,0,0.0,54.63227550155256,88.5
188,2025-06-27 13:00:00,12,886,82,26,55,0,168,7,city,0,0.0,54.75456735541853,72.5
171,2025-06-27 14:00:00,26,2497,110,78,14,1,287,12,city,0,0.0,54.59803040237121,73.0
144,2025-06-27 15:00:00,5,1624,96,21,40,1,197,7,city,0,0.0,54.67731729474692,60.0
185,2025-06-27 16:00:00,16,1484,70,47,34,1,74,9,highway,0,0.0,54.69621710495066,63.0
158,2025-06-27 17:00:00,35,2295,86,27,16,1,171,15,city,0,0.0,54.62210519952376,72.0
103,2025-06-27 18:00:00,103,3155,117,35,24,0,183,12,city,1,0.98,54.561620741183425,78.0
166,2025-06-27 19:00:00,112,3896,119,46,48,0,16,13,highway,1,0.98,54.48889445799654,66.0
128,2025-06-27 20:00:00,98,2060,103,79,34,0,68,4,city,0,0.0,54.67056331387274,83.0
128,2025-06-27 21:00:00,80,1040,83,50,18,0,42,10,highway,0,0.0,54.767722427994734,91.0
197,2025-06-27 22:00:00,104,1262,86,88,40,0,110,3,highway,0,0.0,54.75388189553497,70.0
197,2025-06-27 23:00:00,1,3949,72,51,30,0,41,5,highway,0,0.02,54.43967265749385,85.0
127,2025-06-28 00:00:00,76,1350,103,99,16,0,6,4,highway,0,0.0,54.73467182987381,92.0
176,2025-06-28 01:00:00,51,3699,109,85,54,0,181,19,highway,1,0.99,54.484191108623676,73.0
178,2025-06-28 02:00:00,65,1893,94,50,49,0,273,15,city,0,0.0,54.67368327811392,75.5
186,2025-06-28 03:00:00,51,3810,71,56,22,0,185,7,city,0,0.0,54.474211657116825,89.0
143,2025-06-28 04:00:00,91,768,103,23,46,0,144,3,city,0,0.0,54.79865553231649,77.0
189,2025-06-28 05:00:00,42,2283,95,10,0,0,100,16,city,0,0.0,54.62679068583872,100.0
103,2025-06-28 06:00:00,89,3128,100,26,57,0,90,15,city,0,0.06,54.55739545530799,71.5
189,2025-06-28 07:00:00,21,2804,78,64,9,0,246,18,city,0,0.0,54.56500610359613,95.5
108,2025-06-28 08:00:00,110,2000,99,62,7,0,239,3,city,0,0.0,54.68258784805249,86.5
104,2025-06-28 09:00:00,106,3597,89,40,41,0,212,14,city,0,0.01,54.51717939292174,69.5
155,2025-06-28 10:00:00,54,1822,90,71,25,0,81,1,highway,0,0.0,54.67746893062243,87.5
195,2025-06-28 11:00:00,66,1615,98,17,33,0,115,7,city,0,0.0,54.70301132083121,83.5
183,2025-06-28 12:00:00,98,3072,94,39,18,1,276,2,city,0,0.0,54.56829953498643,71.0
149,2025-06-28 13:00:00,59,1160,107,86,13,0,80,10,highway,0,0.0,54.7472914034247,93.5
174,2025-06-28 14:00:00,57,2926,113,89,7,0,56,16,city,0,0.0,54.56713530148756,96.5
114,2025-06-28 15:00:00,11,1543,94,75,50,0,179,12,highway,0,0.0,54.687554846181534,75.0
131,2025-06-28 16:00:00,87,1273,78,54,0,0,49,18,city,0,0.0,54.74757373933914,100.0
127,2025-06-28 17:00:00,68,818,108,27,47,1,260,6,city,0,0.0,54.784294891541336,56.5
121,2025-06-28 18:00:00,83,3296,113,54,24,0,274,17,highway,1,0.98,54.53925104129827,88.0
116,2025-06-28 19:00:00,102,1345,95,28,23,0,292,8,city,0,0.0,54.74533335454172,78.5
158,2025-06-28 20:00:00,38,2178,106,86,46,0,291,9,highway,0,0.0,54.63398119618929,77.0
189,2025-06-28 21:00:00,12,2773,85,77,19,0,30,19,highway,0,0.0,54.56413603872865,90.5
170,2025-06-28 22:00:00,40,2213,106,92,55,0,252,2,highway,0,0.01,54.63085663771905,72.5
156,2025-06-28 23:00:00,56,2731,81,59,29,0,63,7,city,0,0.0,54.585664930654445,85.5
125,2025-06-29 00:00:00,52,1731,93,34,4,0,82,11,highway,0,0.0,54.686779453467715,98.0
124,2025-06-29 01:00:00,108,1668,95,47,2,0,169,13,highway,0,0.0,54.71575305938632,89.0
109,2025-06-29 02:00:00,11,2710,89,45,31,0,158,10,city,0,0.0,54.56965061120712,84.5
144,2025-06-29 03:00:00,12,2239,78,77,16,0,56,15,highway,0,0.0,54.61856544422816,92.0
182,2025-06-29 04:00:00,119,3280,92,65,41,0,142,7,highway,0,0.0,54.554637322388125,69.5
110,2025-06-29 05:00:00,73,2896,108,48,4,0,149,6,city,0,0.0,54.576733194576995,98.0
176,2025-06-29 06:00:00,96,2211,98,72,10,1,226,12,city,0,0.0,54.65538566225818,75.0
152,2025-06-29 07:00:00,56,1748,100,16,37,0,25,3,city,0,0.0,54.68530672427364,81.5
171,2025-06-29 08:00:00,39,1354,88,67,3,0,178,16,highway,0,0.0,54.71994078192431,98.5
167,2025-06-29 09:00:00,117,2654,89,89,38,0,95,9,highway,0,0.0,54.617619906396136,71.0
194,2025-06-29 10:00:00,79,3692,92,68,18,0,53,10,city,0,0.01,54.497618049813006,91.0
127,2025-06-29 11:00:00,44,1254,112,57,38,0,70,13,highway,0,0.0,54.730686409636405,81.0
174,2025-06-29 12:00:00,34,1124,96,14,45,0,176,8,highway,0,0.0,54.739605643697374,77.5
164,2025-06-29 13:00:00,2,992,99,96,48,0,132,6,city,0,0.0,54.740058577005,76.0
148,2025-06-29 14:00:00,119,1908,90,45,22,1,213,3,city,0,0.0,54.69494408679101,59.0
146,2025-06-29 15:00:00,4,3301,113,97,16,0,211,12,city,1,0.99,54.50735014364636,92.0
151,2025-06-29 16:00:00,89,1130,104,34,12,0,64,9,highway,0,0.0,54.762428688940346,94.0
187,2025-06-29 17:00:00,10,3351,118,54,26,0,35,9,city,1,0.98,54.504265268567224,87.0
153,2025-06-29 18:00:00,70,1016,76,28,0,0,12,11,highway,0,0.0,54.76688435269408,100.0
159,2025-06-29 19:00:00,116,1097,91,16,1,0,248,6,city,0,0.0,54.777075591793384,89.5
156,2025-06-29 20:00:00,55,2047,79,67,17,0,112,2,highway,0,0.0,54.655315669253255,91.5
146,2025-06-29 21:00:00,9,2288,92,90,35,0,91,7,city,0,0.0,54.61160047368575,82.5
130,2025-06-29 22:00:00,105,1295,84,75,44,0,294,9,highway,0,0.0,54.75076375204579,68.0
145,2025-06-29 23:00:00,115,3293,99,89,32,0,29,19,highway,0,0.05,54.55207735164224,74.0
125,2025-06-30 00:00:00,33,2823,103,48,35,0,12,18,highway,0,0.02,54.56682844369307,82.5
104,2025-06-30 01:00:00,66,3612,82,27,1,0,147,12,highway,0,0.0,54.5012296066912,99.5
183,2025-06-30 02:00:00,71,2643,73,10,3,1,137,11,highway,0,0.0,54.60170064374258,78.5
151,2025-06-30 03:00:00,30,1615,87,72,15,1,157,10,highway,0,0.0,54.68929311311222,72.5
174,2025-06-30 04:00:00,74,3456,92,12,3,0,259,3,highway,0,0.02,54.52022478516467,98.5
153,2025-06-30 05:00:00,108,3233,102,30,56,1,87,12,city,1,0.99,54.55438686082409,42.0
132,2025-06-30 06:00:00,70,3859,103,39,8,0,158,4,highway,1,0.99,54.47742993378174,96.0
149,2025-06-30 07:00:00,108,3494,103,20,48,0,186,10,highway,1,0.96,54.52817095989903,66.0
137,2025-06-30 08:00:00,65,1955,105,31,20,0,229,2,highway,0,0.0,54.668564303989385,90.0
126,2025-06-30 09:00:00,69,3778,104,66,22,0,4,12,highway,1,0.99,54.48469325513442,89.0
197,2025-06-30 10:00:00,40,3297,86,98,51,0,57,11,highway,0,0.0,54.52077972786059,74.5
114,2025-06-30 11:00:00,62,1675,97,12,59,0,28,14,city,0,0.0,54.69423981112451,70.5
195,2025-06-30 12:00:00,31,1775,83,39,52,0,16,15,city,0,0.0,54.67190941122427,74.0
160,2025-06-30 13:00:00,19,3689,103,97,1,0,13,14,city,1,0.96,54.47452767595935,99.5
120,2025-06-30 14:00:00,56,3666,117,54,2,0,200,12,highway,1,0.96,54.49168186552811,99.0
145,2025-06-30 15:00:00,97,1944,80,45,22,1,184,2,highway,0,0.01,54.682449638274505,69.0
168,2025-06-30 16:00:00,49,2151,82,96,25,1,281,2,highway,0,0.0,54.64200274390751,67.5
105,2025-06-30 17:00:00,79,1866,102,81,46,1,158,1,city,0,0.01,54.68217304804158,57.0
137,2025-06-30 18:00:00,24,2728,71,73,6,1,259,15,city,0,0.0,54.57406240939089,77.0
161,2025-06-30 19:00:00,11,1062,103,63,35,0,157,10,city,0,0.0,54.737085143613356,82.5
185,2025-06-30 20:00:00,70,3129,98,77,43,0,94,1,highway,0,0.01,54.550237672692596,78.5
161,2025-06-30 21:00:00,38,3018,106,59,32,0,267,1,highway,1,0.95,54.54912764467427,84.0
181,2025-06-30 22:00:00,16,3785,73,40,48,1,21,1,highway,0,0.0,54.46163751387249,56.0
177,2025-06-30 23:00:00,44,3045,81,38,35,0,127,11,highway,0,0.0,54.54866816899483,82.5
173,2025-07-01 00:00:00,10,3751,95,68,3,0,112,12,city,0,0.01,54.464526959436355,98.5
145,2025-07-01 01:00:00,69,933,97,45,53,0,234,15,city,0,0.0,54.77275570569449,73.5
112,2025-07-01 02:00:00,22,3322,72,86,22,0,34,14,city,0,0.01,54.51219631166846,89.0
194,2025-07-01 03:00:00,90,2431,89,82,24,0,80,1,city,0,0.0,54.63003033844086,88.0
193,2025-07-01 04:00:00,109,726,79,94,40,0,83,1,city,0,0.0,54.810399550099866,70.0
102,2025-07-01 05:00:00,69,2194,87,76,25,0,29,6,highway,0,0.0,54.64566002792601,87.5
193,2025-07-01 06:00:00,37,792,96,98,27,0,131,3,city,0,0.0,54.77531021665223,86.5
105,2025-07-01 07:00:00,1,3364,100,98,27,1,11,14,highway,0,0.02,54.49928865652162,66.5
192,2025-07-01 08:00:00,85,1008,96,85,20,0,62,6,highway,0,0.0,54.772902521203456,90.0
107,2025-07-01 09:00:00,83,751,111,20,9,0,33,8,city,0,0.0,54.79868582975598,95.5
143,2025-07-01 10:00:00,88,1018,70,20,26,1,136,15,city,0,0.0,54.7728446455749,67.0
132,2025-07-01 11:00:00,78,2692,75,35,50,0,88,17,highway,0,0.0,54.59760543065881,75.0
180,2025-07-01 12:00:00,112,880,80,62,50,0,17,9,highway,0,0.0,54.795533548002346,65.0
174,2025-07-01 13:00:00,92,2292,103,23,14,0,91,16,highway,0,0.02,54.64537844541566,93.0
176,2025-07-01 14:00:00,71,3891,108,73,53,0,299,1,highway,1,0.97,54.47273631048046,73.5
149,2025-07-01 15:00:00,36,3622,89,89,16,0,253,16,city,0,0.0,54.487553584589186,92.0
110,2025-07-01 16:00:00,48,3814,90,19,38,0,73,19,highway,0,0.0,54.471945812950054,81.0
194,2025-07-01 17:00:00,51,1346,90,40,34,0,206,9,city,0,0.0,54.72430443178502,83.0
127,2025-07-01 18:00:00,32,2661,87,45,4,0,261,17,city,0,0.0,54.58417010076306,98.0
169,2025-07-01 19:00:00,21,1983,90,19,15,0,178,6,city,0,0.0,54.648254648967225,92.5
140,2025-07-01 20:00:00,113,2944,88,35,22,0,220,14,city,0,0.0,54.587175961354326,79.0
115,2025-07-01 21:00:00,110,3392,73,29,38,0,173,18,highway,0,0.0,54.539756244118024,71.0
167,2025-07-01 22:00:00,4,3718,82,53,47,0,165,14,highway,0,0.0,54.46367400422268,76.5
198,2025-07-01 23:00:00,102,3002,87,71,8,0,220,7,city,0,0.0,54.57743351543605,86.0
147,2025-07-02 00:00:00,17,2724,98,82,32,0,292,10,highway,0,0.0,54.570595021935354,84.0
155,2025-07-02 01:00:00,37,3479,94,88,34,1,161,16,city,0,0.0,54.501761578835385,63.0
163,2025-07-02 02:00:00,117,1035,82,18,56,0,248,7,city,0,0.0,54.7815325045124,62.0
158,2025-07-02 03:00:00,116,2276,96,80,39,0,71,6,highway,0,0.0,54.65561929576645,70.5
189,2025-07-02 04:00:00,36,2225,88,99,49,0,92,6,highway,0,0.0,54.628275644564184,75.5
161,2025-07-02 05:00:00,93,1689,118,33,23,0,245,7,highway,0,0.0,54.70673564029237,88.5
175,2025-07-02 06:00:00,114,3647,70,21,23,1,24,17,highway,0,0.01,54.51604293693289,58.5
110,2025-07-02 07:00:00,94,1978,107,69,49,0,45,8,city,0,0.0,54.676682882226736,75.5
188,2025-07-02 08:00:00,63,1213,88,93,23,0,189,2,city,0,0.0,54.74309840518378,88.5
117,2025-07-02 09:00:00,9,2729,70,87,18,1,286,19,city,0,0.0,54.56744710950721,71.0
118,2025-07-02 10:00:00,78,941,109,95,38,0,83,7,highway,0,0.0,54.77616935641414,81.0
186,2025-07-02 11:00:00,41,2896,86,25,24,0,222,12,highway,0,0.0,54.56306658830452,88.0
154,2025-07-02 12:00:00,47,2433,90,38,51,0,219,3,city,0,0.0,54.61145732709087,74.5
181,2025-07-02 13:00:00,43,3504,91,41,30,0,218,4,highway,0,0.01,54.50179184639694,85.0
125,2025-07-02 14:00:00,81,3367,84,92,58,0,190,11,city,0,0.0,54.52983662979076,71.0
105,2025-07-02 15:00:00,86,3200,119,44,37,0,67,12,city,1,0.98,54.549686796959136,81.5
103,2025-07-02 16:00:00,96,2959,108,52,24,0,31,19,city,0,0.02,54.57874292901103,88.0
128,2025-07-02 17:00:00,15,1367,117,62,26,0,250,19,highway,0,0.01,54.70804150016968,87.0
158,2025-07-02 18:00:00,53,1293,108,29,31,0,54,11,highway,0,0.0,54.73062017088404,84.5
197,2025-07-02 19:00:00,101,2878,101,93,10,0,10,13,city,0,0.0,54.58956072830363,85.0
116,2025-07-02 20:00:00,34,3359,118,17,4,0,166,1,highway,1,0.97,54.5139879873894,98.0
142,2025-07-02 21:00:00,97,955,73,51,43,0,285,6,highway,0,0.0,54.78216983130865,78.5
179,2025-07-02 22:00:00,27,2202,113,86,32,0,153,16,highway,0,0.0,54.62769647928985,84.0
165,2025-07-02 23:00:00,1,1260,114,79,18,0,32,2,city,0,0.0,54.71362922500417,91.0
133,2025-07-03 00:00:00,93,2810,101,25,42,0,17,14,highway,0,0.0,54.59195505188149,79.0
107,2025-07-03 01:00:00,12,2034,73,78,46,0,146,18,highway,0,0.0,54.63818631304051,77.0
112,2025-07-03 02:00:00,40,1106,70,62,56,0,75,17,highway,0,0.0,54.74339531988214,72.0
107,2025-07-03 03:00:00,79,3549,102,54,15,0,124,18,city,1,0.95,54.51228357159589,92.5
193,2025-07-03 04:00:00,58,3876,76,60,34,1,52,19,city,0,0.03,54.46981931660547,63.0
195,2025-07-03 05:00:00,68,2560,78,15,10,0,190,15,city,0,0.0,54.608650678911445,95.0
199,2025-07-03 06:00:00,118,2762,70,42,10,0,141,2,highway,0,0.0,54.60818343624359,85.0
193,2025-07-03 07:00:00,91,2410,85,88,9,0,88,4,city,0,0.0,54.633181110918464,95.5
164,2025-07-03 08:00:00,52,958,87,24,33,0,84,1,highway,0,0.0,54.764205643250875,83.5
142,2025-07-03 09:00:00,102,1422,116,23,51,0,243,8,city,0,0.0,54.736357225627714,64.5
138,2025-07-03 10:00:00,44,1982,75,48,4,0,106,14,highway,0,0.0,54.658041159776424,98.0
180,2025-07-03 11:00:00,19,1313,71,72,22,1,92,11,city,0,0.0,54.7153028733796,69.0
158,2025-07-03 12:00:00,23,2394,78,14,54,0,21,14,city,0,0.0,54.605664472252144,73.0
183,2025-07-03 13:00:00,60,3816,73,99,24,0,6,16,highway,0,0.07,54.477133288507076,88.0
187,2025-07-03 14:00:00,90,2678,114,90,28,0,221,10,city,0,0.0,54.60474732700307,86.0
185,2025-07-03 15:00:00,93,1512,92,61,39,1,87,7,highway,0,0.0,54.72408166239253,60.5
192,2025-07-03 16:00:00,57,2486,112,25,12,1,180,16,highway,0,0.0,54.611677849038976,74.0
185,2025-07-03 17:00:00,108,1030,114,47,46,0,246,4,highway,0,0.0,54.77883642939996,67.0
143,2025-07-03 18:00:00,26,2912,112,62,31,0,174,12,highway,0,0.01,54.555130353604895,84.5
108,2025-07-03 19:00:00,25,1916,77,96,33,0,113,12,highway,0,0.0,54.65593814601443,83.5
136,2025-07-03 20:00:00,6,2244,108,86,11,0,71,2,highway,0,0.0,54.615852400260934,94.5
173,2025-07-03 21:00:00,41,2097,94,62,23,0,158,6,city,0,0.0,54.64436412702097,88.5
135,2025-07-03 22:00:00,46,3836,85,55,39,0,299,15,city,0,0.01,54.468864522680455,80.5
191,2025-07-03 23:00:00,52,1086,104,24,20,0,237,15,city,0,0.0,54.75172009853304,90.0
127,2025-07-04 00:00:00,58,2218,86,68,28,0,187,16,city,0,0.0,54.63867989587255,86.0
141,2025-07-04 01:00:00,37,2517,87,59,50,0,243,3,city,0,0.0,54.59894046210575,75.0
142,2025-07-04 02:00:00,68,2517,96,18,56,0,166,1,city,0,0.0,54.61114197754789,72.0
184,2025-07-04 03:00:00,86,2514,84,35,59,0,34,12,highway,0,0.0,54.618551615786934,70.5
187,2025-07-04 04:00:00,91,3801,86,12,22,0,255,15,highway,0,0.02,54.49118752682412,89.0
141,2025-07-04 05:00:00,97,3075,112,56,32,0,220,19,highway,1,0.98,54.56702023170433,84.0
165,2025-07-04 06:00:00,52,2215,74,14,7,0,32,6,city,0,0.0,54.63743494358414,96.5
154,2025-07-04 07:00:00,14,1940,85,71,41,0,257,19,highway,0,0.0,54.648753480092125,79.5
171,2025-07-04 08:00:00,95,1019,84,93,12,0,233,17,highway,0,0.0,54.77612624548219,94.0
147,2025-07-04 09:00:00,25,1098,111,93,4,0,215,9,highway,0,0.0,54.740313334730395,98.0
190,2025-07-04 10:00:00,47,2614,115,14,53,1,242,13,highway,0,0.0,54.59296819141364,53.5
121,2025-07-04 11:00:00,94,804,103,19,40,1,245,15,city,0,0.0,54.796444392252845,60.0
126,2025-07-04 12:00:00,18,1395,117,89,9,0,20,16,highway,0,0.0,54.70709391791602,95.5
192,2025-07-04 13:00:00,8,3764,88,72,13,0,210,13,highway,0,0.01,54.46199278941373,93.5
166,2025-07-04 14:00:00,63,1029,77,34,23,0,210,2,highway,0,0.0,54.761810821050425,88.5
112,2025-07-04 15:00:00,92,1359,116,53,10,0,72,2,city,0,0.01,54.740426224704116,95.0
144,2025-07-04 16:00:00,53,3818,79,34,45,0,162,11,city,0,0.0,54.47326024744647,77.5
109,2025-07-04 17:00:00,50,3346,74,39,2,0,178,16,highway,0,0.0,54.52181610919565,99.0
199,2025-07-04 18:00:00,38,1520,117,23,28,0,11,17,highway,0,0.0,54.70163474442282,86.0
108,2025-07-04 19:00:00,3,2672,95,95,52,1,299,3,city,0,0.01,54.56944397192685,54.0
153,2025-07-04 20:00:00,2,3388,91,52,47,1,266,1,city,0,0.0,54.496431285863046,56.5
126,2025-07-04 21:00:00,119,2493,113,37,51,1,8,18,highway,0,0.02,54.63426451164531,44.5
133,2025-07-04 22:00:00,63,3061,92,28,29,0,275,14,city,0,0.0,54.55491522257613,85.5
100,2025-07-04 23:00:00,28,3918,82,51,48,1,193,9,city,0,0.01,54.452929868083025,56.0
131,2025-07-05 00:00:00,115,1161,78,29,36,0,259,9,city,0,0.0,54.76873367361074,72.0
188,2025-07-05 01:00:00,10,2307,118,95,57,0,53,12,highway,0,0.0,54.60916977904124,71.5
192,2025-07-05 02:00:00,96,3233,89,88,6,0,96,3,city,0,0.0,54.55161402296349,97.0
170,2025-07-05 03:00:00,101,2375,97,20,16,0,92,2,city,0,0.0,54.64046933755736,82.0
166,2025-07-05 04:00:00,57,3157,113,63,19,1,144,1,highway,1,1.0,54.54315220245673,70.5
183,2025-07-05 05:00:00,74,2774,106,33,53,0,18,9,highway,0,0.0,54.587537422677734,73.5
119,2025-07-05 06:00:00,26,3800,93,79,10,0,126,13,highway,0,0.01,54.465681649714945,95.0
193,2025-07-05 07:00:00,96,970,113,26,43,0,154,16,city,0,0.0,54.78024284791145,78.5
134,2025-07-05 08:00:00,20,3433,102,37,24,1,6,19,city,1,0.95,54.500023000428726,68.0
198,2025-07-05 09:00:00,38,3248,89,59,58,0,88,10,highway,0,0.0,54.52467354872302,71.0
190,2025-07-05 10:00:00,94,1084,117,64,23,0,269,5,highway,0,0.0,54.76866439195763,88.5
189,2025-07-05 11:00:00,101,759,99,82,1,0,65,14,highway,0,0.0,54.80542676547096,89.5
177,2025-07-05 12:00:00,45,1830,113,19,26,0,166,15,highway,0,0.0,54.67300080813842,87.0
116,2025-07-05 13:00:00,65,919,78,30,18,0,64,3,highway,0,0.0,54.77400515469915,91.0
117,2025-07-05 14:00:00,90,2164,114,67,57,0,270,9,city,0,0.0,54.65583375749567,71.5
144,2025-07-05 15:00:00,35,3518,118,43,28,0,145,1,city,1,0.98,54.497237771472726,86.0
192,2025-07-05 16:00:00,74,2606,86,52,36,1,269,1,highway,0,0.0,54.60531808710131,62.0
183,2025-07-05 17:00:00,110,3311,105,20,10,1,6,19,city,1,0.97,54.54913916468131,65.0
152,2025-07-05 18:00:00,81,2295,83,42,54,0,121,6,highway,0,0.0,54.63902041889152,73.0
190,2025-07-05 19:00:00,64,3293,88,67,18,0,132,11,city,0,0.0,54.53217279614202,91.0
181,2025-07-05 20:00:00,62,795,76,55,27,0,290,18,city,0,0.0,54.785042990725536,86.5
167,2025-07-05 21:00:00,98,1688,72,70,38,0,189,14,highway,0,0.0,54.708231310160244,81.0
164,2025-07-05 22:00:00,34,1812,102,71,20,0,209,16,highway,0,0.0,54.670660149366235,90.0
100,2025-07-05 23:00:00,30,3575,113,10,25,0,42,1,highway,1,0.93,54.489556137229805,87.5
157,2025-07-06 00:00:00,27,2645,101,30,21,1,78,10,highway,0,0.0,54.583094278644076,69.5
125,2025-07-06 01:00:00,102,2978,116,71,5,0,145,10,city,0,0.0,54.579996985653004,87.5
119,2025-07-06 02:00:00,0,1667,80,73,10,0,286,13,city,0,0.0,54.67216391416816,95.0
186,2025-07-06 03:00:00,24,3022,111,96,58,1,171,1,highway,1,0.93,54.542036070933314,51.0
109,2025-07-06 04:00:00,42,945,71,82,13,0,93,3,city,0,0.0,54.762330704462244,93.5
158,2025-07-06 05:00:00,101,2858,95,65,59,0,263,14,highway,0,0.0,54.589590254635446,60.5
174,2025-07-06 06:00:00,83,933,73,10,35,0,23,16,highway,0,0.0,54.77911323359604,82.5
140,2025-07-06 07:00:00,66,3164,86,30,59,0,292,6,highway,0,0.0,54.54441767853153,70.5
104,2025-07-06 08:00:00,62,3425,86,31,39,0,142,1,highway,0,0.01,54.51708660004203,80.5
164,2025-07-06 09:00:00,50,1851,97,63,40,0,148,5,highway,0,0.0,54.672300030709046,80.0
116,2025-07-06 10:00:00,1,1960,99,13,1,0,116,8,city,0,0.0,54.64313610153507,99.5
121,2025-07-06 11:00:00,81,1502,109,74,56,0,81,12,city,0,0.0,54.71958504981276,72.0
197,2025-07-06 12:00:00,107,3366,92,60,42,0,25,1,city,0,0.0,54.54103221860602,69.0
140,2025-07-06 13:00:00,63,3899,115,83,59,0,115,13,highway,1,0.98,54.46846516884002,70.5
192,2025-07-06 14:00:00,73,3454,93,72,19,0,94,9,highway,0,0.01,54.51937215789663,90.5
167,2025-07-06 15:00:00,68,3598,98,24,21,1,185,8,city,0,0.01,54.50263827141315,69.5
168,2025-07-06 16:00:00,8,2117,73,45,38,0,283,13,city,0,0.0,54.62846658165854,81.0
110,2025-07-06 17:00:00,1,3222,107,38,3,0,155,2,highway,1,0.96,54.51471152264128,98.5
155,2025-07-06 18:00:00,33,1354,98,61,55,0,174,15,city,0,0.0,54.71540454141398,72.5
150,2025-07-06 19:00:00,59,3142,88,55,28,0,173,14,highway,0,0.01,54.545112539602435,86.0
120,2025-07-06 20:00:00,101,810,96,78,45,0,154,19,highway,0,0.0,54.79844027389697,67.5
198,2025-07-06 21:00:00,60,789,98,38,57,0,14,9,highway,0,0.0,54.78362294556163,71.5
175,2025-07-06 22:00:00,30,1462,105,56,23,0,128,19,city,0,0.0,54.704525639506855,88.5
125,2025-07-06 23:00:00,9,2003,104,34,0,0,92,14,highway,0,0.01,54.64201611577842,100.0
118,2025-07-07 00:00:00,113,2056,75,89,23,0,271,8,highway,0,0.0,54.677442800719604,78.5
159,2025-07-07 01:00:00,75,3995,92,25,57,1,222,5,city,0,0.0,54.46360215935388,51.5
170,2025-07-07 02:00:00,35,3872,108,98,29,0,108,7,highway,1,0.98,54.46119580373813,85.5
146,2025-07-07 03:00:00,117,2879,115,50,11,0,28,4,highway,0,0.01,54.59584235901612,84.5
170,2025-07-07 04:00:00,84,1736,113,74,18,1,197,8,city,0,0.0,54.69854673987053,71.0
125,2025-07-07 05:00:00,48,3204,117,78,36,0,200,4,city,1,0.99,54.53406335301202,82.0
139,2025-07-07 06:00:00,110,2164,77,29,57,0,154,1,highway,0,0.0,54.663864051743886,61.5
104,2025-07-07 07:00:00,69,797,71,78,39,0,70,8,city,0,0.0,54.787159316602576,80.5
120,2025-07-07 08:00:00,111,1843,82,45,42,0,160,7,city,0,0.0,54.69752419791711,69.0
177,2025-07-07 09:00:00,48,992,109,67,53,0,103,11,highway,0,0.0,54.75832371990706,73.5
103,2025-07-07 10:00:00,2,2539,90,57,3,0,236,16,highway,0,0.0,54.584572711467395,98.5
122,2025-07-07 11:00:00,73,2434,100,91,14,1,189,17,highway,0,0.0,54.62330856233059,73.0
183,2025-07-07 12:00:00,4,1724,117,11,19,0,109,5,highway,0,0.0,54.667605031051735,90.5
114,2025-07-07 13:00:00,109,3319,105,89,43,1,255,7,highway,1,0.99,54.546574143136056,48.5
192,2025-07-07 14:00:00,89,2997,117,38,19,0,193,10,highway,0,0.06,54.572272339224874,90.5
107,2025-07-07 15:00:00,60,1351,107,25,53,0,71,13,city,0,0.0,54.72663234593356,73.5
140,2025-07-07 16:00:00,84,2896,96,44,54,0,269,15,highway,0,0.0,54.579104517725185,73.0
118,2025-07-07 17:00:00,108,2791,105,71,20,0,209,6,city,0,0.0,54.60080998192457,80.0
145,2025-07-07 18:00:00,89,2606,117,90,9,0,176,2,city,0,0.01,54.61244529067917,95.5
127,2025-07-07 19:00:00,101,2421,92,13,29,0,239,4,highway,0,0.0,54.63525944553174,75.5
190,2025-07-07 20:00:00,107,1767,90,77,23,0,98,14,city,0,0.0,54.70442440910526,78.5
167,2025-07-07 21:00:00,25,3849,82,60,47,0,89,15,highway,0,0.01,54.45878338666955,76.5
114,2025-07-07 22:00:00,71,3997,106,98,54,0,252,14,city,1,0.94,54.4619154250009,73.0
198,2025-07-07 23:00:00,4,2909,116,42,39,0,99,4,city,0,0.0,54.54627486947868,80.5
136,2025-07-08 00:00:00,14,2516,95,87,51,1,154,6,city,0,0.0,54.58976641485886,54.5
100,2025-07-08 01:00:00,15,952,109,33,39,0,295,7,city,0,0.02,54.74971434572299,80.5
166,2025-07-08 02:00:00,0,831,76,84,37,0,283,13,city,0,0.0,54.75607888597494,81.5
123,2025-07-08 03:00:00,15,2607,115,34,2,0,296,17,city,0,0.0,54.58291785146483,99.0
126,2025-07-08 04:00:00,36,2610,108,37,28,0,31,17,highway,0,0.01,54.58998099057057,86.0
139,2025-07-08 05:00:00,2,3221,91,16,7,0,131,4,city,0,0.03,54.515051108170944,96.5
162,2025-07-08 06:00:00,51,2379,108,45,28,0,216,19,highway,0,0.0,54.619495929002355,86.0
160,2025-07-08 07:00:00,46,1832,92,19,54,0,15,13,highway,0,0.0,54.672053537360725,73.0
135,2025-07-08 08:00:00,94,3453,99,45,9,0,267,9,city,0,0.01,54.52831473250724,95.5
197,2025-07-08 09:00:00,12,1758,87,92,4,1,286,2,city,0,0.01,54.66797302133868,78.0
192,2025-07-08 10:00:00,119,2625,111,27,10,0,291,18,city,0,0.03,54.62251756494367,85.0
123,2025-07-08 11:00:00,79,3022,87,15,3,0,43,17,highway,0,0.0,54.56636925267306,98.5
123,2025-07-08 12:00:00,54,886,115,16,48,0,168,7,city,0,0.0,54.771717320756146,76.0
103,2025-07-08 13:00:00,106,1648,79,21,57,0,255,17,highway,0,0.0,54.71473411565072,61.5
166,2025-07-08 14:00:00,20,2990,108,50,34,0,170,10,city,0,0.01,54.54466610784827,83.0
133,2025-07-08 15:00:00,65,963,99,72,49,0,259,14,city,0,0.0,54.76826233657035,75.5
156,2025-07-08 16:00:00,53,2697,95,34,39,0,78,12,highway,0,0.0,54.587509047798385,80.5
148,2025-07-08 17:00:00,26,1221,76,90,55,0,85,12,city,0,0.0,54.7261197607655,72.5
186,2025-07-08 18:00:00,37,3710,76,62,11,1,149,17,highway,0,0.0,54.47921021688638,74.5
152,2025-07-08 19:00:00,89,2264,74,42,20,0,201,19,city,0,0.0,54.64677600218075,90.0
122,2025-07-08 20:00:00,57,1482,70,96,15,0,77,14,city,0,0.0,54.7136598326857,92.5
168,2025-07-08 21:00:00,61,3858,115,82,13,0,250,17,city,1,1.0,54.47371346541353,93.5
194,2025-07-08 22:00:00,101,1234,87,15,20,0,53,15,city,0,0.0,54.75634302841799,80.0
152,2025-07-08 23:00:00,45,909,82,71,47,0,293,6,city,0,0.0,54.76580554313489,76.5
161,2025-07-09 00:00:00,88,2793,94,75,26,0,294,19,highway,0,0.0,54.59233085120912,87.0
140,2025-07-09 01:00:00,10,2263,109,18,35,0,109,6,highway,0,0.0,54.614544436206124,82.5
156,2025-07-09 02:00:00,71,725,77,76,0,0,88,6,highway,0,0.0,54.79687995989124,100.0
159,2025-07-09 03:00:00,7,874,79,25,0,0,166,4,highway,0,0.0,54.75603002936147,100.0
153,2025-07-09 04:00:00,96,2239,101,98,21,1,267,1,highway,0,0.0,54.65208814620183,69.5
169,2025-07-09 05:00:00,116,2034,86,97,14,0,93,19,city,0,0.0,54.68125285989175,83.0
156,2025-07-09 06:00:00,70,1021,107,64,51,0,173,11,city,0,0.0,54.764289617670386,74.5
109,2025-07-09 07:00:00,63,2302,84,49,19,0,64,7,city,0,0.0,54.63251300576373,90.5
139,2025-07-09 08:00:00,101,1858,84,35,2,0,126,2,city,0,0.0,54.69361985305889,89.0
106,2025-07-09 09:00:00,20,754,117,47,13,0,230,4,city,0,0.01,54.77292168204209,93.5
137,2025-07-09 10:00:00,71,2266,109,44,8,0,105,6,highway,0,0.0,54.63983622281792,96.0
184,2025-07-09 11:00:00,114,2309,89,96,18,0,209,5,highway,0,0.0,54.65231927748421,81.0
160,2025-07-09 12:00:00,117,3927,84,77,39,0,62,9,highway,0,0.02,54.48811755724061,70.5
183,2025-07-09 13:00:00,62,2572,104,68,33,0,240,11,highway,0,0.0,54.60408035989252,83.5
102,2025-07-09 14:00:00,84,3415,75,23,3,0,61,18,highway,0,0.01,54.52840954669385,98.5
150,2025-07-09 15:00:00,63,2894,99,56,32,0,12,17,city,0,0.0,54.57177605361206,84.0
185,2025-07-09 16:00:00,119,2208,77,80,42,1,137,13,city,0,0.0,54.663616577620054,49.0
146,2025-07-09 17:00:00,19,3346,100,81,36,0,195,17,city,0,0.01,54.50797832280285,82.0
167,2025-07-09 18:00:00,7,2767,117,51,1,0,74,10,city,0,0.0,54.56347497456831,99.5
191,2025-07-09 19:00:00,57,1032,116,60,26,0,136,18,highway,0,0.0,54.75897391871771,87.0
175,2025-07-09 20:00:00,45,2278,101,28,44,0,43,17,highway,0,0.0,54.626703821491816,78.0
137,2025-07-09 21:00:00,30,1606,114,75,16,1,39,12,city,0,0.0,54.690167487549324,72.0
135,2025-07-09 22:00:00,113,3691,84,56,48,0,31,15,city,0,0.02,54.51014404473429,66.0
140,2025-07-09 23:00:00,92,1610,87,74,49,0,142,19,city,0,0.0,54.71330468453521,75.5
168,2025-07-10 00:00:00,111,1100,82,51,52,0,44,15,city,0,0.0,54.77267667903228,64.0
112,2025-07-10 01:00:00,8,1649,93,47,59,0,188,13,city,0,0.0,54.67520216237462,70.5
186,2025-07-10 02:00:00,14,2029,109,22,30,0,2,7,city,0,0.01,54.64015234040719,85.0
157,2025-07-10 03:00:00,93,2775,83,53,40,0,292,11,highway,0,0.0,54.59559629236018,80.0
149,2025-07-10 04:00:00,25,3214,97,33,5,0,296,8,highway,0,0.01,54.52507964549015,97.5
129,2025-07-10 05:00:00,9,3729,80,39,59,0,24,16,highway,0,0.01,54.464072019464034,70.5
161,2025-07-10 06:00:00,28,2610,75,79,51,0,104,11,highway,0,0.0,54.58582801707465,74.5
124,2025-07-10 07:00:00,117,800,94,47,30,1,62,5,city,0,0.0,54.80649509002523,55.0
126,2025-07-10 08:00:00,79,1250,70,32,2,0,153,7,city,0,0.0,54.74661886007565,99.0
150,2025-07-10 09:00:00,35,3549,94,83,39,0,263,16,city,0,0.01,54.493635161679414,80.5
177,2025-07-10 10:00:00,83,3100,71,66,2,1,294,16,city,0,0.03,54.56008378113561,79.0
156,2025-07-10 11:00:00,108,2405,101,88,32,1,243,17,highway,0,0.0,54.63957449479441,54.0
146,2025-07-10 12:00:00,117,3043,82,32,51,0,121,19,city,0,0.01,54.57752763044518,64.5
199,2025-07-10 13:00:00,36,1052,102,45,58,0,173,15,city,0,0.02,54.747199134750176,71.0
138,2025-07-10 14:00:00,85,3655,101,66,12,0,103,15,highway,1,0.93,54.50403540148586,94.0
115,2025-07-10 15:00:00,70,3901,93,10,20,0,160,15,city,0,0.01,54.472667740179155,90.0
121,2025-07-10 16:00:00,22,1718,96,81,36,1,257,3,highway,0,0.0,54.674747068195,62.0
184,2025-07-10 17:00:00,40,1879,73,12,15,0,202,12,city,0,0.0,54.666460011384174,92.5
153,2025-07-10 18:00:00,103,1797,93,23,20,0,45,6,highway,0,0.0,54.699890133207354,80.0
120,2025-07-10 19:00:00,92,3861,92,90,55,1,64,5,highway,0,0.0,54.48413724326311,52.5
171,2025-07-10 20:00:00,79,3202,98,43,47,0,196,11,city,0,0.02,54.54626373040996,76.5
115,2025-07-10 21:00:00,101,3459,103,79,55,1,70,12,city,1,0.98,54.528633436426944,42.5
158,2025-07-10 22:00:00,27,1679,90,78,43,1,181,7,highway,0,0.0,54.680434512921124,58.5
130,2025-07-10 23:00:00,47,2055,99,60,12,0,247,9,city,0,0.0,54.65149450212425,94.0
141,2025-07-11 00:00:00,37,1438,95,38,3,0,158,18,highway,0,0.0,54.710595127864714,98.5
173,2025-07-11 01:00:00,30,1676,89,91,30,0,186,14,city,0,0.0,54.682475938854274,85.0
131,2025-07-11 02:00:00,13,2071,85,57,8,1,231,4,highway,0,0.0,54.63637946240026,76.0
158,2025-07-11 03:00:00,116,2980,72,88,47,1,73,8,city,0,0.0,54.583696711303915,46.5
133,2025-07-11 04:00:00,96,2501,118,88,32,0,55,16,highway,0,0.0,54.62499331866288,84.0
108,2025-07-11 05:00:00,72,3771,106,25,36,0,243,4,highway,1,0.96,54.48603698982515,82.0
180,2025-07-11 06:00:00,90,2849,109,66,52,0,215,19,city,0,0.0,54.58637522142616,74.0
110,2025-07-11 07:00:00,87,1652,113,19,36,0,15,6,city,0,0.0,54.707557586714735,82.0
195,2025-07-11 08:00:00,76,1180,94,28,23,0,147,19,highway,0,0.0,54.75167412755164,88.5
109,2025-07-11 09:00:00,89,1937,92,76,24,0,144,15,highway,0,0.0,54.67986759241391,88.0
185,2025-07-11 10:00:00,28,807,113,45,50,0,25,12,highway,0,0.01,54.76923025975912,75.0
116,2025-07-11 11:00:00,50,3936,70,13,40,0,99,12,city,0,0.03,54.46025988352445,80.0
167,2025-07-11 12:00:00,48,1672,102,84,28,1,179,2,highway,0,0.0,54.69019180887448,66.0
147,2025-07-11 13:00:00,42,2326,84,42,58,0,174,9,highway,0,0.0,54.620045082730556,71.0
151,2025-07-11 14:00:00,91,1403,86,37,39,0,263,3,city,0,0.0,54.73436370541045,80.5
124,2025-07-11 15:00:00,91,3082,103,89,50,0,290,1,highway,1,0.96,54.56316293611584,75.0
120,2025-07-11 16:00:00,71,2833,86,18,49,1,58,14,city,0,0.0,54.580496328808756,55.5
164,2025-07-11 17:00:00,86,3481,110,84,46,0,279,13,highway,1,0.99,54.52074152263367,77.0
162,2025-07-11 18:00:00,92,1574,113,15,35,0,145,5,city,0,0.0,54.71753850421142,82.5
188,2025-07-11 19:00:00,4,2147,73,58,14,0,122,7,city,0,0.0,54.62479134800974,93.0
150,2025-07-11 20:00:00,41,3111,82,85,44,0,27,14,city,0,0.0,54.54038340168066,78.0
135,2025-07-11 21:00:00,6,2807,73,31,59,0,66,16,city,0,0.0,54.55663295048468,70.5
180,2025-07-11 22:00:00,41,1973,76,57,17,0,101,18,city,0,0.0,54.657220108791094,91.5
187,2025-07-11 23:00:00,35,1259,115,30,19,0,94,14,city,0,0.01,54.72734151636468,90.5
165,2025-07-12 00:00:00,104,816,78,42,4,0,67,1,highway,0,0.0,54.800711808284724,88.0
114,2025-07-12 01:00:00,26,1573,92,90,17,0,250,6,city,0,0.0,54.69187655303243,91.5
195,2025-07-12 02:00:00,57,3662,102,65,59,0,142,10,highway,1,0.98,54.4901584857851,70.5
138,2025-07-12 03:00:00,45,1667,102,38,39,0,267,6,city,0,0.0,54.689045779787406,80.5
169,2025-07-12 04:00:00,65,3746,89,62,0,0,40,2,city,0,0.0,54.487241478501836,100.0
100,2025-07-12 05:00:00,24,2268,73,49,18,0,215,7,highway,0,0.0,54.620352567772315,91.0
122,2025-07-12 06:00:00,72,743,70,83,22,1,131,17,city,0,0.0,54.794550963159054,69.0
138,2025-07-12 07:00:00,116,1208,111,27,25,0,1,14,highway,0,0.02,54.764805360955606,77.5
156,2025-07-12 08:00:00,26,2711,103,56,48,0,9,7,highway,0,0.0,54.57487621882693,76.0
180,2025-07-12 09:00:00,0,1888,96,22,28,0,144,9,highway,0,0.0,54.648952353617915,86.0
133,2025-07-12 10:00:00,86,2015,90,36,58,1,138,19,city,0,0.0,54.66933978080775,51.0
140,2025-07-12 11:00:00,73,1548,93,71,33,0,297,11,highway,0,0.0,54.71263568394344,83.5
192,2025-07-12 12:00:00,41,2579,84,83,18,0,179,3,highway,0,0.0,54.59555026715216,91.0
172,2025-07-12 13:00:00,51,1616,104,54,47,0,278,4,highway,0,0.0,54.69631420739999,76.5
112,2025-07-12 14:00:00,24,3645,94,12,17,0,144,5,city,0,0.01,54.48035544928316,91.5
169,2025-07-12 15:00:00,53,1498,78,31,1,0,190,4,city,0,0.0,54.71099930207169,99.5
105,2025-07-12 16:00:00,66,1575,86,36,59,0,270,13,city,0,0.0,54.706015661206024,70.5
183,2025-07-12 17:00:00,5,2460,90,64,26,1,187,9,city,0,0.0,54.59287053488118,67.0
151,2025-07-12 18:00:00,57,3033,82,76,5,0,154,14,city,0,0.01,54.55633543841699,97.5
102,2025-07-12 19:00:00,69,3975,72,42,38,1,172,16,highway,0,0.02,54.46400425802736,61.0
180,2025-07-12 20:00:00,52,3431,73,11,5,0,247,6,highway,0,0.02,54.51385209575207,97.5
162,2025-07-12 21:00:00,65,1518,73,84,58,1,11,10,highway,0,0.0,54.71145183426955,51.0
148,2025-07-12 22:00:00,57,2868,112,55,5,0,47,13,highway,0,0.0,54.57311559394958,97.5
175,2025-07-12 23:00:00,81,1644,97,83,30,0,266,3,city,0,0.0,54.706207522381426,85.0
146,2025-07-13 00:00:00,86,3765,76,42,40,0,111,11,city,0,0.01,54.492104756177746,80.0
154,2025-07-13 01:00:00,1,3959,95,67,39,1,279,3,city,0,0.01,54.43828751740676,60.5
163,2025-07-13 02:00:00,75,1606,80,16,29,0,292,7,city,0,0.0,54.707703861548836,85.5
164,2025-07-13 03:00:00,21,712,93,24,55,0,252,10,highway,0,0.0,54.77587642457369,72.5
180,2025-07-13 04:00:00,36,1302,112,35,53,0,76,1,highway,0,0.01,54.72197919053932,73.5
166,2025-07-13 05:00:00,19,899,79,20,20,1,175,4,highway,0,0.0,54.757487622627096,70.0
189,2025-07-13 06:00:00,102,3333,106,47,40,0,109,8,city,1,0.99,54.54246248969802,70.0
114,2025-07-13 07:00:00,23,2491,82,36,43,0,14,17,highway,0,0.0,54.59624974926866,78.5
199,2025-07-13 08:00:00,111,1147,113,16,17,1,181,5,highway,0,0.01,54.76932861423513,61.5
131,2025-07-13 09:00:00,83,2511,111,10,22,1,272,17,city,0,0.0,54.61916571601602,69.0
195,2025-07-13 10:00:00,64,1540,108,83,37,0,43,9,city,0,0.0,54.70967200773522,81.5
167,2025-07-13 11:00:00,64,3842,88,30,22,1,102,8,highway,0,0.01,54.476177015183964,69.0
117,2025-07-13 12:00:00,80,1289,88,88,27,0,113,7,city,0,0.0,54.74203148686347,86.5
182,2025-07-13 13:00:00,0,1853,81,39,35,0,193,5,highway,0,0.0,54.652225433132706,82.5
142,2025-07-13 14:00:00,116,3636,91,17,24,1,9,4,highway,0,0.02,54.51792373661945,58.0
134,2025-07-13 15:00:00,115,2790,116,97,6,0,149,3,highway,0,0.02,54.6042949776565,87.0
177,2025-07-13 16:00:00,108,1219,106,92,17,0,224,8,highway,0,0.0,54.76080182041095,81.5
157,2025-07-13 17:00:00,93,1736,99,12,19,0,110,5,highway,0,0.0,54.70211946550846,90.5
132,2025-07-13 18:00:00,104,1424,115,64,4,0,84,5,city,0,0.0,54.73887947759493,88.0
113,2025-07-13 19:00:00,110,3370,81,24,17,0,43,17,city,0,0.01,54.54285264043814,81.5
133,2025-07-13 20:00:00,2,1687,98,45,41,1,66,15,city,0,0.0,54.66966487535984,59.5
160,2025-07-13 21:00:00,45,1502,90,15,39,0,109,8,highway,0,0.0,54.70582593532,80.5
103,2025-07-13 22:00:00,54,3282,80,51,32,1,102,7,highway,0,0.0,54.528703631220694,64.0
187,2025-07-13 23:00:00,74,3049,106,59,14,0,135,17,city,1,0.99,54.56116586096697,93.0
158,2025-07-14 00:00:00,87,1226,117,27,34,0,86,12,city,0,0.0,54.75096271091006,83.0
128,2025-07-14 01:00:00,85,2365,87,92,46,0,84,4,city,0,0.0,54.63383487806898,77.0
182,2025-07-14 02:00:00,63,1838,113,59,45,0,227,18,highway,0,0.01,54.67863726096169,77.5
105,2025-07-14 03:00:00,107,1159,96,39,0,0,260,4,city,0,0.0,54.76719759559169,90.0
196,2025-07-14 04:00:00,44,3579,106,86,20,1,20,10,city,1,0.97,54.494975085423114,70.0
148,2025-07-14 05:00:00,25,3252,117,48,7,0,35,3,highway,1,1.0,54.52113331127451,96.5
139,2025-07-14 06:00:00,76,1631,81,21,6,0,243,5,city,0,0.0,54.70650378424991,97.0
182,2025-07-14 07:00:00,64,2686,92,68,40,1,270,12,city,0,0.0,54.59300347989664,60.0
164,2025-07-14 08:00:00,23,1024,103,85,49,0,223,5,highway,0,0.0,54.74519514599766,75.5
168,2025-07-14 09:00:00,73,1278,107,53,43,0,158,5,highway,0,0.0,54.73968505253183,78.5
126,2025-07-14 10:00:00,34,3508,92,97,39,0,285,4,city,0,0.07,54.49740326137207,80.5
179,2025-07-14 11:00:00,23,3946,94,13,39,1,36,6,highway,0,0.03,54.44844291393994,60.5
105,2025-07-14 12:00:00,27,3598,73,45,29,0,298,10,city,0,0.01,54.48584891401418,85.5
112,2025-07-14 13:00:00,99,2237,99,57,37,0,29,6,city,0,0.0,54.652841577783434,81.5
163,2025-07-14 14:00:00,79,3943,99,23,34,0,255,1,city,0,0.0,54.471437365440735,83.0
161,2025-07-14 15:00:00,103,3707,82,90,1,1,142,16,city,0,0.01,54.50642434938011,69.5
198,2025-07-14 16:00:00,15,3249,111,58,45,0,134,11,highway,1,0.97,54.51586880048423,77.5
118,2025-07-14 17:00:00,58,2700,118,76,7,0,144,6,highway,0,0.0,54.590520544384006,96.5
175,2025-07-14 18:00:00,80,3081,83,96,37,0,297,18,highway,0,0.04,54.55937976025061,81.5
179,2025-07-14 19:00:00,114,3031,116,86,3,0,245,6,city,1,0.94,54.57950698639657,88.5
142,2025-07-14 20:00:00,53,1174,77,18,36,0,254,17,city,0,0.0,54.74251768858114,82.0
173,2025-07-14 21:00:00,78,1777,93,30,20,1,5,12,city,0,0.0,54.691886223643465,70.0
188,2025-07-14 22:00:00,15,2181,87,81,12,0,266,17,highway,0,0.0,54.62583209437495,94.0
119,2025-07-14 23:00:00,14,2302,104,90,8,0,239,18,city,0,0.02,54.61328875936704,96.0
194,2025-07-15 00:00:00,97,2143,94,25,44,1,250,10,city,0,0.0,54.661311804700205,58.0
167,2025-07-15 01:00:00,10,1331,86,25,28,0,291,12,city,0,0.0,54.70961323790357,86.0
143,2025-07-15 02:00:00,64,1402,101,37,40,0,31,4,highway,0,0.0,54.72358359931391,80.0
122,2025-07-15 03:00:00,78,3156,93,60,55,1,120,10,city,0,0.01,54.550213065474075,52.5
101,2025-07-15 04:00:00,89,1681,76,65,23,0,79,5,city,0,0.0,54.70594316474128,88.5
121,2025-07-15 05:00:00,114,2027,82,89,15,0,9,4,highway,0,0.0,54.681120809079395,82.5
156,2025-07-15 06:00:00,67,2658,96,66,11,0,44,16,highway,0,0.0,54.59824186201803,94.5
171,2025-07-15 07:00:00,42,1258,117,61,1,0,222,5,city,0,0.01,54.730990139191675,99.5
106,2025-07-15 08:00:00,68,921,74,55,18,0,144,19,city,0,0.0,54.775006303011736,91.0
177,2025-07-15 09:00:00,98,2256,105,87,29,0,120,6,highway,0,0.01,54.6508350569271,85.5
155,2025-07-15 10:00:00,12,2905,95,47,15,1,53,7,highway,0,0.0,54.550875541397644,72.5
166,2025-07-15 11:00:00,9,1047,111,93,23,0,65,10,highway,0,0.0,54.73829846415851,88.5
115,2025-07-15 12:00:00,74,1882,114,57,12,1,176,7,city,0,0.0,54.67992913819048,74.0
182,2025-07-15 13:00:00,81,1588,100,50,4,0,70,14,highway,0,0.0,54.7129661815892,98.0
150,2025-07-15 14:00:00,97,1621,79,68,22,0,121,10,city,0,0.0,54.715298063953455,89.0
181,2025-07-15 15:00:00,102,1958,115,76,55,0,203,11,highway,0,0.0,54.6816835175298,62.5
179,2025-07-15 16:00:00,40,3409,95,83,37,0,289,14,city,0,0.02,54.509962256513624,81.5
171,2025-07-15 17:00:00,105,1104,91,93,30,0,180,12,city,0,0.0,54.7707607481314,75.0
196,2025-07-15 18:00:00,49,1980,81,75,52,0,81,4,highway,0,0.0,54.65828860402232,74.0
111,2025-07-15 19:00:00,86,1376,101,36,55,0,55,13,highway,0,0.0,54.734447467100736,72.5
152,2025-07-15 20:00:00,70,1288,96,41,16,0,179,3,city,0,0.0,54.738568012163114,92.0
174,2025-07-15 21:00:00,58,2320,102,65,48,1,98,13,highway,0,0.0,54.627488573340706,56.0
104,2025-07-15 22:00:00,38,3305,89,19,48,1,110,19,city,0,0.01,54.519285835458525,56.0
126,2025-07-15 23:00:00,2,3652,108,49,2,0,153,15,city,1,0.99,54.47142384183039,99.0
111,2025-07-16 00:00:00,75,3818,110,26,25,0,125,19,highway,1,0.98,54.482911706594834,87.5
116,2025-07-16 01:00:00,6,3984,109,67,12,0,91,4,city,1,0.98,54.43885712605255,94.0
105,2025-07-16 02:00:00,48,3226,82,15,43,0,294,6,highway,0,0.0,54.531539651524646,78.5
196,2025-07-16 03:00:00,25,3234,83,48,37,0,37,15,city,0,0.03,54.52173667048325,81.5
104,2025-07-16 04:00:00,32,2294,113,27,21,0,5,4,city,0,0.01,54.62079781943001,89.5
156,2025-07-16 05:00:00,100,1265,109,82,20,0,150,6,highway,0,0.0,54.7527888784237,90.0
127,2025-07-16 06:00:00,47,3271,91,81,28,0,172,2,city,0,0.0,54.527175332364386,86.0
177,2025-07-16 07:00:00,78,1403,87,98,44,0,262,4,city,0,0.0,54.728939480280275,78.0
168,2025-07-16 08:00:00,1,3777,117,51,45,0,27,18,city,1,0.99,54.45655109680618,77.5
158,2025-07-16 09:00:00,104,3568,98,13,38,1,55,15,highway,0,0.0,54.51944832327546,51.0
132,2025-07-16 10:00:00,70,3915,112,29,4,1,249,12,highway,1,0.99,54.47189847778696,78.0
161,2025-07-16 11:00:00,31,1557,85,37,13,0,273,8,city,0,0.0,54.69567492028665,93.5
149,2025-07-16 12:00:00,3,1984,115,49,17,0,259,12,city,0,0.0,54.64084387268398,91.5
118,2025-07-16 13:00:00,19,1284,104,74,3,0,266,9,city,0,0.0,54.71902934153841,98.5
185,2025-07-16 14:00:00,113,3433,103,53,32,0,191,7,highway,1,0.97,54.53703661449279,74.0
168,2025-07-16 15:00:00,116,931,72,32,38,0,63,8,city,0,0.0,54.79244389460893,71.0
165,2025-07-16 16:00:00,35,3017,73,66,19,0,104,10,city,0,0.03,54.54855658650832,90.5
193,2025-07-16 17:00:00,31,3687,74,56,12,0,288,11,highway,0,0.01,54.47909927382148,94.0
146,2025-07-16 18:00:00,27,3621,79,22,35,0,259,2,highway,0,0.03,54.48326442138825,82.5
138,2025-07-16 19:00:00,76,1945,98,25,44,0,161,4,city,0,0.0,54.673016182378696,78.0
167,2025-07-16 20:00:00,0,751,101,99,3,0,171,9,highway,0,0.01,54.7656055492685,98.5
132,2025-07-16 21:00:00,59,2863,100,64,34,0,109,8,city,0,0.0,54.573240816496764,83.0
112,2025-07-16 22:00:00,55,1237,71,74,7,0,140,5,highway,0,0.0,54.738100045969105,96.5
183,2025-07-16 23:00:00,34,1240,81,90,51,0,93,14,highway,0,0.0,54.727563245225795,74.5
153,2025-07-17 00:00:00,111,1742,96,25,39,0,103,2,highway,0,0.0,54.70791840738261,70.5
106,2025-07-17 01:00:00,29,1514,74,46,56,0,226,17,highway,0,0.0,54.69748590981958,72.0
178,2025-07-17 02:00:00,53,2115,106,61,48,0,160,8,city,0,0.0,54.646329071804,76.0
186,2025-07-17 03:00:00,35,3538,96,19,46,0,195,2,city,0,0.0,54.49446749129856,77.0
113,2025-07-17 04:00:00,54,2352,92,47,35,1,145,15,highway,0,0.0,54.623159969355825,62.5
186,2025-07-17 05:00:00,88,3365,102,53,5,0,242,2,city,1,0.96,54.535018687611895,97.5
118,2025-07-17 06:00:00,79,1118,73,83,55,1,132,11,city,0,0.0,54.7578749254921,52.5
153,2025-07-17 07:00:00,57,3056,90,63,21,1,93,14,city,0,0.01,54.553341878053395,69.5
192,2025-07-17 08:00:00,82,1563,93,60,59,1,273,10,highway,0,0.0,54.71366027155242,50.5
119,2025-07-17 09:00:00,64,885,113,61,5,0,192,7,highway,0,0.0,54.77759315706454,97.5
128,2025-07-17 10:00:00,68,960,100,79,41,0,22,14,city,0,0.0,54.77009922863468,79.5
123,2025-07-17 11:00:00,50,2251,113,68,35,0,194,13,city,0,0.0,54.63182539965038,82.5
181,2025-07-17 12:00:00,21,1996,117,22,8,0,170,2,city,0,0.01,54.64721892352345,96.0
162,2025-07-17 13:00:00,87,2907,93,50,15,0,11,10,city,0,0.0,54.58078574900381,92.5
173,2025-07-17 14:00:00,106,3617,118,21,38,0,181,1,highway,1,1.0,54.51526815499667,71.0
156,2025-07-17 15:00:00,108,1461,79,59,45,1,232,1,city,0,0.0,54.735045535964346,47.5
107,2025-07-17 16:00:00,115,923,118,66,58,1,29,3,city,0,0.0,54.79203782771974,41.0
189,2025-07-17 17:00:00,100,1979,118,59,37,0,20,11,city,0,0.0,54.67948115387408,81.5
161,2025-07-17 18:00:00,52,879,119,66,32,0,5,19,city,0,0.0,54.772280685097826,84.0
128,2025-07-17 19:00:00,99,2767,71,63,17,0,34,9,city,0,0.0,54.599759819729826,91.5
173,2025-07-17 20:00:00,35,2347,100,75,11,0,140,13,highway,0,0.0,54.61702144195201,94.5
116,2025-07-17 21:00:00,67,1331,94,17,53,1,28,4,highway,0,0.0,54.73147690716681,53.5
165,2025-07-17 22:00:00,35,3981,73,72,26,0,98,6,highway,0,0.0,54.45023345161668,87.0
105,2025-07-17 23:00:00,51,2236,80,18,46,0,262,2,highway,0,0.0,54.63330240853614,77.0
157,2025-07-18 00:00:00,52,2805,86,69,0,1,246,9,highway,0,0.0,54.577719522732444,80.0
168,2025-07-18 01:00:00,81,3864,113,72,14,0,19,18,city,1,1.0,54.48109266541407,93.0
127,2025-07-18 02:00:00,49,3992,71,81,46,1,12,4,highway,0,0.0,54.453917845079594,57.0
161,2025-07-18 03:00:00,79,3470,75,12,26,0,25,1,highway,0,0.0,54.519867732157635,87.0
140,2025-07-18 04:00:00,40,2663,78,82,15,1,13,1,highway,0,0.0,54.58672884812628,72.5
168,2025-07-18 05:00:00,17,1314,74,22,20,0,76,17,city,0,0.0,54.714479959589994,90.0
181,2025-07-18 06:00:00,21,1261,89,18,0,0,259,19,city,0,0.01,54.72229414326786,100.0
189,2025-07-18 07:00:00,65,3121,98,98,28,0,24,3,city,0,0.02,54.54965728403559,86.0
183,2025-07-18 08:00:00,20,1321,90,61,2,0,8,17,city,0,0.0,54.71570894026879,99.0
140,2025-07-18 09:00:00,99,2835,78,71,11,1,228,3,highway,0,0.0,54.59308980233475,74.5
148,2025-07-18 10:00:00,43,3791,97,17,59,0,123,4,highway,0,0.01,54.47141824912223,70.5
190,2025-07-18 11:00:00,102,1713,77,54,27,1,90,13,highway,0,0.0,54.707744895713354,56.5
148,2025-07-18 12:00:00,46,2761,100,62,38,1,224,15,city,0,0.0,54.57823068519687,61.0
175,2025-07-18 13:00:00,38,2880,89,72,36,0,224,12,highway,0,0.0,54.56299832947919,82.0
170,2025-07-18 14:00:00,28,2660,96,90,30,0,257,3,highway,0,0.0,54.58160216370781,85.0
102,2025-07-18 15:00:00,53,1757,77,66,59,0,3,8,city,0,0.0,54.682286949902675,70.5
109,2025-07-18 16:00:00,89,3639,90,63,30,0,271,1,city,0,0.0,54.506532305004804,85.0
197,2025-07-18 17:00:00,84,3979,97,28,57,0,148,18,highway,0,0.09,54.46884295836268,71.5
188,2025-07-18 18:00:00,16,3970,92,76,32,0,189,13,highway,0,0.01,54.44347790847379,84.0
134,2025-07-18 19:00:00,79,1291,75,55,32,0,187,7,highway,0,0.0,54.741222042457586,84.0
179,2025-07-18 20:00:00,59,1282,72,19,46,0,188,13,highway,0,0.0,54.73353433458751,77.0
101,2025-07-18 21:00:00,30,3926,74,27,39,0,124,17,highway,0,0.02,54.45328747517319,80.5
123,2025-07-18 22:00:00,114,2313,78,21,10,1,37,13,highway,0,0.0,54.65223974002507,65.0
173,2025-07-18 23:00:00,72,1801,76,58,45,0,149,13,city,0,0.0,54.68601371612918,77.5
137,2025-07-19 00:00:00,94,3943,73,32,28,0,106,11,city,0,0.0,54.47770552676949,86.0
121,2025-07-19 01:00:00,77,988,108,71,24,0,103,14,highway,0,0.0,54.77156073465548,88.0
125,2025-07-19 02:00:00,48,2268,74,20,54,0,232,10,city,0,0.0,54.628516277014576,73.0
142,2025-07-19 03:00:00,100,3760,80,82,12,0,146,8,highway,0,0.0,54.499379841378556,94.0
154,2025-07-19 04:00:00,1,3626,84,65,50,0,17,6,highway,0,0.0,54.47170294769747,75.0
138,2025-07-19 05:00:00,115,2143,103,97,43,0,159,19,city,0,0.0,54.668579976297366,68.5
190,2025-07-19 06:00:00,47,706,82,98,53,0,282,19,city,0,0.0,54.787007808117814,73.5
128,2025-07-19 07:00:00,109,1883,117,64,18,0,278,12,highway,0,0.0,54.69363501456994,81.0
119,2025-07-19 08:00:00,13,939,76,34,57,0,125,7,city,0,0.0,54.749497067230514,71.5
190,2025-07-19 09:00:00,58,2686,109,18,35,0,173,18,highway,0,0.0,54.59079892549101,82.5
140,2025-07-19 10:00:00,96,2146,75,21,27,0,163,18,city,0,0.0,54.66130061140487,86.5
153,2025-07-19 11:00:00,98,3283,108,20,3,1,203,3,highway,1,1.0,54.54745487709367,78.5
119,2025-07-19 12:00:00,57,2449,119,47,2,1,155,9,city,0,0.0,54.615849739532436,79.0
118,2025-07-19 13:00:00,102,2817,99,37,57,0,261,6,highway,0,0.0,54.59424319730046,61.5
183,2025-07-19 14:00:00,57,2603,91,17,37,0,186,1,city,0,0.0,54.59875652395352,81.5
198,2025-07-19 15:00:00,110,2963,94,83,36,0,57,10,city,0,0.0,54.5834664620503,72.0
165,2025-07-19 16:00:00,50,3875,97,98,42,1,217,8,city,0,0.0,54.46638164262836,59.0
129,2025-07-19 17:00:00,83,1777,89,56,24,0,208,17,highway,0,0.0,54.69373017011045,88.0
152,2025-07-19 18:00:00,1,3553,108,45,40,0,202,3,city,1,0.99,54.47953596303441,80.0
133,2025-07-19 19:00:00,114,3077,72,59,34,0,74,3,city,0,0.01,54.573560772443145,73.0
121,2025-07-19 20:00:00,40,1547,74,18,28,0,85,3,highway,0,0.0,54.69969193021504,86.0
166,2025-07-19 21:00:00,82,3974,70,69,40,0,120,7,highway,0,0.02,54.469243833653486,80.0
105,2025-07-19 22:00:00,100,2011,84,81,28,0,14,11,city,0,0.0,54.67659498164378,86.0
178,2025-07-19 23:00:00,81,2792,95,76,11,0,129,18,city,0,0.0,54.59023554774107,94.5
126,2025-07-20 00:00:00,15,3576,72,62,34,0,282,5,city,0,0.0,54.48306355766743,83.0
109,2025-07-20 01:00:00,3,2945,109,91,19,0,49,2,city,0,0.0,54.54303036539813,90.5
172,2025-07-20 02:00:00,11,1939,110,26,16,0,242,14,highway,0,0.0,54.648673303211375,92.0
196,2025-07-20 03:00:00,28,2204,116,62,52,0,53,1,city,0,0.0,54.62707646270229,74.0
195,2025-07-20 04:00:00,6,2032,111,37,11,0,265,4,highway,0,0.0,54.63741235767251,94.5
147,2025-07-20 05:00:00,13,3643,103,72,56,0,69,14,highway,1,0.98,54.474546819094385,72.0
169,2025-07-20 06:00:00,118,3079,74,24,49,0,40,15,city,0,0.01,54.574349833861646,65.5
158,2025-07-20 07:00:00,11,1395,100,28,35,0,184,17,highway,0,0.0,54.70321973881121,82.5
199,2025-07-20 08:00:00,98,726,82,95,9,0,133,3,city,0,0.0,54.80725099825011,95.5
158,2025-07-20 09:00:00,4,3937,112,79,17,0,56,4,highway,1,1.0,54.442629364637874,91.5
101,2025-07-20 10:00:00,80,3065,70,56,29,0,255,18,highway,0,0.02,54.561334181037836,85.5
128,2025-07-20 11:00:00,105,3112,91,80,7,0,5,1,highway,0,0.05,54.56749219599199,86.5
167,2025-07-20 12:00:00,31,3874,84,57,40,0,69,5,city,0,0.02,54.458936374552415,80.0
164,2025-07-20 13:00:00,73,1659,95,82,50,0,52,18,highway,0,0.0,54.700651800522024,75.0
182,2025-07-20 14:00:00,42,2226,87,29,12,1,98,13,highway,0,0.0,54.63209658555569,74.0
125,2025-07-20 15:00:00,80,2568,117,46,30,0,161,14,highway,0,0.0,54.61183713668649,85.0
188,2025-07-20 16:00:00,68,1072,78,84,56,0,271,3,highway,0,0.0,54.75809546084848,72.0
109,2025-07-20 17:00:00,44,2649,70,11,5,0,65,6,highway,0,0.0,54.59016774548605,97.5
152,2025-07-20 18:00:00,105,944,112,73,53,0,243,11,highway,0,0.0,54.78609155830577,63.5
178,2025-07-20 19:00:00,8,2540,78,95,6,0,262,9,city,0,0.0,54.58675738150824,97.0
158,2025-07-20 20:00:00,48,3940,92,45,59,1,212,19,highway,0,0.02,54.458272833748794,50.5
121,2025-07-20 21:00:00,32,2376,112,14,20,0,154,7,highway,0,0.0,54.61249949739364,90.0
150,2025-07-20 22:00:00,99,3225,114,73,37,0,234,10,city,1,0.99,54.552364040412506,81.5
147,2025-07-20 23:00:00,99,824,71,16,42,0,140,7,highway,0,0.0,54.79633619402099,79.0
120,2025-07-21 00:00:00,17,1236,83,79,48,0,115,5,highway,0,0.0,54.72126700708539,76.0
121,2025-07-21 01:00:00,8,3453,107,31,50,1,130,4,city,1,0.98,54.492107289515495,55.0
199,2025-07-21 02:00:00,61,2619,109,83,27,0,178,17,city,0,0.0,54.59914448394373,86.5
197,2025-07-21 03:00:00,56,2335,87,55,56,0,95,5,highway,0,0.0,54.62483282104097,72.0
129,2025-07-21 04:00:00,28,2125,85,49,43,0,101,17,highway,0,0.0,54.635478758739374,78.5
124,2025-07-21 05:00:00,113,2240,98,70,20,0,196,17,highway,0,0.0,54.65885310517426,80.0
127,2025-07-21 06:00:00,77,1230,113,55,20,0,290,17,highway,0,0.0,54.74711346696941,90.0
164,2025-07-21 07:00:00,24,3533,80,93,23,0,208,1,city,0,0.0,54.49150017482026,88.5
144,2025-07-21 08:00:00,14,953,75,37,26,0,95,2,highway,0,0.0,54.74974292115723,87.0
167,2025-07-21 09:00:00,5,2868,72,96,26,0,103,19,city,0,0.0,54.55137778665513,87.0
106,2025-07-21 10:00:00,119,3803,83,44,12,0,8,9,highway,0,0.01,54.50263561068465,84.0
148,2025-07-21 11:00:00,41,1360,71,10,49,0,136,15,city,0,0.0,54.71825191228196,75.5
108,2025-07-21 12:00:00,28,2501,101,38,28,0,98,19,highway,0,0.01,54.59785394531402,86.0
135,2025-07-21 13:00:00,78,1760,100,18,38,0,261,5,city,0,0.0,54.692878766225085,81.0
182,2025-07-21 14:00:00,92,2065,80,18,56,0,147,13,city,0,0.0,54.66674578701382,72.0
100,2025-07-21 15:00:00,3,1736,91,31,54,0,185,4,city,0,0.0,54.66455140430966,73.0
109,2025-07-21 16:00:00,81,1906,72,72,27,0,232,13,city,0,0.0,54.679685389675214,86.5
135,2025-07-21 17:00:00,113,2835,119,75,36,0,101,6,city,0,0.02,54.59768833896434,72.0
172,2025-07-21 18:00:00,56,2793,100,89,28,1,147,12,highway,0,0.0,54.57940056686444,66.0
145,2025-07-21 19:00:00,48,1842,102,67,47,0,205,9,highway,0,0.0,54.672125935078725,76.5
131,2025-07-21 20:00:00,43,3680,93,79,21,0,46,15,highway,0,0.01,54.48426117479274,89.5
131,2025-07-21 21:00:00,102,2254,70,64,35,0,104,15,city,0,0.0,54.65239907095878,72.5
105,2025-07-21 22:00:00,79,2455,113,22,29,1,222,17,city,0,0.01,54.622968392839866,65.5
147,2025-07-21 23:00:00,74,2665,84,28,27,0,118,5,highway,0,0.0,54.5996860712384,86.5
137,2025-07-22 00:00:00,13,1444,106,88,22,0,5,5,city,0,0.01,54.69957135859138,89.0
116,2025-07-22 01:00:00,2,2329,96,42,32,0,211,5,city,0,0.0,54.6047429766151,84.0
173,2025-07-22 02:00:00,114,1666,107,83,3,1,55,14,city,0,0.02,54.718324636711664,68.5
126,2025-07-22 03:00:00,113,1462,117,74,2,0,19,2,city,0,0.0,54.73871040288604,89.0
153,2025-07-22 04:00:00,61,3509,96,69,31,0,88,9,highway,0,0.0,54.508469714884974,84.5
149,2025-07-22 05:00:00,105,1493,113,21,3,0,247,14,highway,0,0.0,54.73230474313111,88.5
134,2025-07-22 06:00:00,63,1443,81,52,0,1,117,15,highway,0,0.0,54.720648741147095,80.0
184,2025-07-22 07:00:00,101,1769,72,26,11,0,170,4,city,0,0.01,54.70230280629136,84.5
124,2025-07-22 08:00:00,44,2231,99,77,12,0,150,6,highway,0,0.0,54.63239112541892,94.0
127,2025-07-22 09:00:00,105,1257,101,38,33,0,295,14,city,0,0.02,54.755078247225335,73.5
114,2025-07-22 10:00:00,81,2694,92,64,59,0,208,5,highway,0,0.0,54.598238418007504,70.5
103,2025-07-22 11:00:00,57,1225,71,16,58,0,283,11,highway,0,0.0,54.73803720487966,71.0
192,2025-07-22 12:00:00,19,3344,76,53,28,0,174,14,city,0,0.0,54.50850897281762,86.0
172,2025-07-22 13:00:00,57,1539,103,86,8,1,127,7,highway,0,0.01,54.7081493990999,76.0
126,2025-07-22 14:00:00,111,702,101,14,30,0,156,14,city,0,0.01,54.81405239715801,75.0
125,2025-07-22 15:00:00,88,1751,108,69,6,1,180,13,highway,0,0.0,54.69911821132059,77.0
118,2025-07-22 16:00:00,56,2104,101,15,12,0,87,18,highway,0,0.01,54.65012493683233,94.0
191,2025-07-22 17:00:00,101,856,112,16,53,0,267,2,highway,0,0.02,54.79343491574018,63.5
116,2025-07-22 18:00:00,76,3602,112,55,1,0,82,9,highway,1,0.97,54.50626173293849,99.5
142,2025-07-22 19:00:00,67,2637,83,66,32,0,64,11,highway,0,0.0,54.599518475927624,84.0
140,2025-07-22 20:00:00,118,2654,72,63,49,0,119,11,highway,0,0.0,54.61757144659712,65.5
141,2025-07-22 21:00:00,77,1210,115,55,6,0,163,6,city,0,0.0,54.749720120048515,97.0
149,2025-07-22 22:00:00,96,1386,101,19,17,1,293,1,highway,0,0.02,54.73900009250479,71.5
183,2025-07-22 23:00:00,91,1837,112,13,50,0,178,5,highway,0,0.0,54.68977683695268,75.0
139,2025-07-23 00:00:00,51,2112,105,76,7,1,30,14,city,0,0.0,54.64750831384056,76.5
138,2025-07-23 01:00:00,36,2210,86,34,54,0,161,16,city,0,0.0,54.629596579380134,73.0
122,2025-07-23 02:00:00,7,1270,117,96,11,0,3,9,highway,0,0.01,54.71530768157181,94.5
195,2025-07-23 03:00:00,43,1414,72,87,42,0,24,19,highway,0,0.0,54.71384960185793,79.0
151,2025-07-23 04:00:00,97,2038,79,70,58,0,59,8,city,0,0.0,54.67141739066094,71.0
146,2025-07-23 05:00:00,107,2986,116,47,29,0,237,8,highway,0,0.04,54.58020921334611,75.5
162,2025-07-23 06:00:00,4,3050,109,41,58,0,240,16,highway,1,0.9,54.531158235140175,71.0
196,2025-07-23 07:00:00,117,3354,87,32,8,1,160,18,highway,0,0.0,54.54765857098601,66.0
168,2025-07-23 08:00:00,68,1690,72,46,27,0,60,8,city,0,0.0,54.69643244747472,86.5
142,2025-07-23 09:00:00,30,1033,108,12,3,1,240,9,highway,0,0.0,54.74897217936693,78.5
147,2025-07-23 10:00:00,44,2860,79,22,38,0,59,5,city,0,0.0,54.567359562452495,81.0
133,2025-07-23 11:00:00,8,2344,78,43,16,0,53,2,highway,0,0.0,54.60628110458505,92.0
139,2025-07-23 12:00:00,105,1061,115,97,10,0,64,14,city,0,0.0,54.77595189383644,85.0
174,2025-07-23 13:00:00,31,2580,115,74,58,0,121,18,city,0,0.01,54.58979715116507,71.0
160,2025-07-23 14:00:00,32,3548,80,85,1,0,119,13,highway,0,0.0,54.494086772857635,99.5
149,2025-07-23 15:00:00,66,2844,102,17,22,0,286,12,city,0,0.0,54.578474561102894,89.0
166,2025-07-23 16:00:00,29,2681,105,92,49,0,18,15,city,0,0.0,54.579090793559956,75.5
161,2025-07-23 17:00:00,113,2763,95,18,21,0,5,15,highway,0,0.0,54.605624190257785,79.5
157,2025-07-23 18:00:00,75,3303,96,37,25,0,160,1,city,0,0.0,54.53528613143899,87.5
132,2025-07-23 19:00:00,28,2677,107,87,11,0,142,7,city,0,0.0,54.580650527899955,94.5
174,2025-07-23 20:00:00,2,1075,91,27,31,0,18,13,city,0,0.0,54.73231306543658,84.5
115,2025-07-23 21:00:00,89,1441,95,51,8,0,68,18,city,0,0.0,54.73096426530428,96.0
181,2025-07-23 22:00:00,56,1089,91,50,42,1,114,1,highway,0,0.0,54.75212111462286,59.0
193,2025-07-23 23:00:00,29,3367,74,79,4,0,22,11,highway,0,0.0,54.51116683052879,98.0
147,2025-07-24 00:00:00,8,1940,104,42,25,0,20,13,highway,0,0.01,54.64699890019793,87.5
109,2025-07-24 01:00:00,25,1523,71,98,6,0,263,9,city,0,0.01,54.69700990844739,97.0
181,2025-07-24 02:00:00,1,3067,104,86,28,0,98,16,highway,1,0.94,54.52945202970652,86.0
137,2025-07-24 03:00:00,61,2943,78,63,32,0,105,11,city,0,0.0,54.56598982648362,84.0
118,2025-07-24 04:00:00,2,1117,118,96,23,0,286,3,highway,0,0.02,54.728369007309325,88.5
135,2025-07-24 05:00:00,45,1306,87,45,24,0,5,17,city,0,0.0,54.726372327740975,88.0
158,2025-07-24 06:00:00,67,1267,112,94,30,0,129,2,highway,0,0.0,54.73892642935184,85.0
162,2025-07-24 07:00:00,24,1243,81,65,28,0,159,9,city,0,0.0,54.72418386016137,86.0
176,2025-07-24 08:00:00,50,2978,72,26,4,0,251,9,city,0,0.0,54.55915912738141,98.0
145,2025-07-24 09:00:00,12,1583,87,19,37,0,276,16,city,0,0.0,54.68442023246016,81.5
102,2025-07-24 10:00:00,102,3268,107,96,44,1,83,1,city,1,0.95,54.54890922690367,48.0
173,2025-07-24 11:00:00,43,1402,76,53,10,0,118,17,highway,0,0.0,54.71637899356629,95.0
164,2025-07-24 12:00:00,34,1923,102,11,31,1,29,10,city,0,0.0,54.65892170658742,64.5
190,2025-07-24 13:00:00,54,3593,75,23,7,0,138,5,city,0,0.0,54.498098249833724,96.5
107,2025-07-24 14:00:00,86,3420,87,50,19,0,157,8,city,0,0.0,54.52804957817681,90.5
150,2025-07-24 15:00:00,8,2322,114,11,33,0,31,13,highway,0,0.0,54.60782304350203,83.5
180,2025-07-24 16:00:00,1,2768,91,28,46,0,286,5,highway,0,0.0,54.55912338356203,77.0
172,2025-07-24 17:00:00,60,3335,108,89,41,1,153,4,highway,1,0.99,54.52535456917836,59.5
105,2025-07-24 18:00:00,117,3645,78,98,7,0,58,8,city,0,0.03,54.51810538527502,86.5
188,2025-07-24 19:00:00,40,2486,104,10,1,0,87,7,city,0,0.0,54.60530207343943,99.5
138,2025-07-24 20:00:00,43,2319,92,11,20,0,123,5,highway,0,0.0,54.622712940232326,90.0
159,2025-07-24 21:00:00,63,2157,81,36,14,0,191,10,city,0,0.0,54.64746373691878,93.0
127,2025-07-24 22:00:00,30,3118,93,11,5,0,293,17,highway,0,0.05,54.536850218634804,97.5
196,2025-07-24 23:00:00,107,2283,119,60,4,0,28,6,city,0,0.01,54.65272551505035,88.0
153,2025-07-25 00:00:00,46,2614,109,19,53,0,155,10,city,0,0.01,54.59256667670123,73.5
136,2025-07-25 01:00:00,1,777,78,28,53,1,230,16,highway,0,0.0,54.76131757957229,53.5
108,2025-07-25 02:00:00,95,2008,82,89,2,1,37,10,city,0,0.0,54.67595607793661,79.0
181,2025-07-25 03:00:00,81,1347,109,22,42,1,6,4,city,0,0.01,54.73592092105489,59.0
155,2025-07-25 04:00:00,76,2887,111,57,42,0,225,2,city,0,0.0,54.57729856252197,79.0
158,2025-07-25 05:00:00,109,1252,86,65,15,0,33,1,highway,0,0.0,54.75792911756437,82.5
184,2025-07-25 06:00:00,68,1697,76,81,34,0,89,3,city,0,0.0,54.695434214672126,83.0
101,2025-07-25 07:00:00,57,981,86,65,8,1,40,13,city,0,0.0,54.76489683417376,76.0
160,2025-07-25 08:00:00,105,1981,119,59,34,1,169,12,city,0,0.0,54.68140805193279,53.0
157,2025-07-25 09:00:00,43,2546,93,54,18,0,298,1,city,0,0.0,54.599709327683506,91.0
159,2025-07-25 10:00:00,73,2083,71,98,42,0,18,10,highway,0,0.0,54.657859139889005,79.0
139,2025-07-25 11:00:00,55,3187,104,68,45,1,15,6,highway,1,0.99,54.538234659544415,57.5
135,2025-07-25 12:00:00,42,3017,97,48,33,0,132,9,highway,0,0.03,54.55079449466246,83.5
136,2025-07-25 13:00:00,88,1857,88,30,38,0,290,1,city,0,0.0,54.687029215854274,81.0
178,2025-07-25 14:00:00,33,3493,102,64,9,1,294,12,highway,1,0.94,54.499754418557444,75.5
191,2025-07-25 15:00:00,100,803,90,66,9,1,209,5,highway,0,0.0,54.800223288426395,75.5
117,2025-07-25 16:00:00,29,1465,79,50,19,1,279,1,city,0,0.0,54.703982658152555,70.5
197,2025-07-25 17:00:00,70,2842,115,79,0,0,276,2,city,0,0.0,54.58118396480004,100.0
162,2025-07-25 18:00:00,69,3476,114,91,5,0,277,14,city,1,1.0,54.516101439808715,97.5
121,2025-07-25 19:00:00,117,2296,78,58,52,0,76,2,highway,0,0.0,54.65345506417352,64.0
110,2025-07-25 20:00:00,54,1179,107,53,45,0,298,5,city,0,0.02,54.742042552768055,77.5
157,2025-07-25 21:00:00,66,3527,75,44,58,0,112,10,highway,0,0.02,54.50754224313359,71.0
156,2025-07-25 22:00:00,12,2760,111,14,1,1,266,6,city,0,0.02,54.56619443351659,79.5
176,2025-07-25 23:00:00,2,3918,104,80,37,1,72,5,highway,1,0.98,54.442940460071775,61.5
103,2025-07-26 00:00:00,25,2663,87,83,32,0,21,2,city,0,0.0,54.58001071228609,84.0
185,2025-07-26 01:00:00,56,3348,88,83,2,0,188,9,city,0,0.0,54.524021801645475,99.0
106,2025-07-26 02:00:00,23,2842,74,60,35,0,121,10,highway,0,0.0,54.56088103623491,82.5
160,2025-07-26 03:00:00,52,3040,94,66,12,0,141,8,city,0,0.0,54.55332963205234,94.0
153,2025-07-26 04:00:00,69,2772,80,67,34,0,204,6,highway,0,0.0,54.58651047364188,83.0
187,2025-07-26 05:00:00,42,1995,79,45,14,0,209,5,city,0,0.0,54.65550698975379,93.0
167,2025-07-26 06:00:00,59,2228,86,19,44,0,9,18,highway,0,0.01,54.637409923081506,78.0
191,2025-07-26 07:00:00,57,1889,105,59,21,1,185,18,highway,0,0.0,54.67202334172937,69.5
178,2025-07-26 08:00:00,48,1638,95,46,42,0,296,2,city,0,0.0,54.69307684306058,79.0
100,2025-07-26 09:00:00,41,1461,100,29,3,0,201,12,city,0,0.0,54.709862134731026,98.5
154,2025-07-26 10:00:00,75,3858,101,22,16,0,64,8,city,1,0.89,54.479211951065984,92.0
102,2025-07-26 11:00:00,112,1353,90,84,4,0,25,4,highway,0,0.0,54.74931214706884,88.0
177,2025-07-26 12:00:00,99,2369,87,28,20,1,156,4,highway,0,0.0,54.64011286851139,70.0
137,2025-07-26 13:00:00,65,3732,87,65,56,0,221,9,highway,0,0.0,54.48637446994337,72.0
100,2025-07-26 14:00:00,10,3385,70,54,23,1,292,9,highway,0,0.01,54.50093025986969,68.5
137,2025-07-26 15:00:00,102,3238,83,69,30,0,139,12,highway,0,0.0,54.55253285910596,75.0
184,2025-07-26 16:00:00,97,2631,77,77,39,0,21,14,highway,0,0.0,54.611887757357486,80.5
128,2025-07-26 17:00:00,89,3912,71,66,52,0,154,3,highway,0,0.0,54.47786882591892,74.0
104,2025-07-26 18:00:00,17,1826,84,63,55,1,68,6,city,0,0.0,54.66097889140096,52.5
173,2025-07-26 19:00:00,84,3997,103,46,29,0,41,15,highway,1,0.99,54.46815778560641,85.5
191,2025-07-26 20:00:00,99,2625,105,92,41,0,15,19,city,0,0.0,54.61321916070869,79.5
120,2025-07-26 21:00:00,103,1274,70,46,6,0,279,4,highway,0,0.0,54.75365083618279,87.0
170,2025-07-26 22:00:00,51,3041,90,23,48,0,169,1,highway,0,0.01,54.55135377557201,76.0
166,2025-07-26 23:00:00,45,3643,111,53,59,0,134,9,highway,1,0.98,54.48727256957023,70.5
146,2025-07-27 00:00:00,43,2029,70,92,6,1,199,16,city,0,0.0,54.652778029637496,77.0
183,2025-07-27 01:00:00,21,1977,101,51,26,1,238,9,highway,0,0.01,54.6484148619297,67.0
182,2025-07-27 02:00:00,52,1903,89,10,23,0,112,12,highway,0,0.0,54.668510183847324,88.5
134,2025-07-27 03:00:00,58,739,116,32,18,0,52,14,highway,0,0.0,54.789500175929646,91.0
167,2025-07-27 04:00:00,93,3523,105,73,40,0,137,15,city,1,0.97,54.519526253945756,80.0
168,2025-07-27 05:00:00,113,1219,108,37,55,0,255,16,city,0,0.0,54.76125493656987,62.5
100,2025-07-27 06:00:00,106,2339,99,13,33,0,115,8,highway,0,0.0,54.64544262080886,73.5
167,2025-07-27 07:00:00,29,3293,76,50,21,0,158,10,highway,0,0.02,54.51799706088635,89.5
111,2025-07-27 08:00:00,7,2983,91,69,51,0,264,14,highway,0,0.0,54.53946288681913,74.5
159,2025-07-27 09:00:00,97,1162,119,27,50,0,99,17,city,0,0.0,54.7608320160423,75.0
126,2025-07-27 10:00:00,56,1951,114,72,26,0,121,3,highway,0,0.0,54.66511202258437,87.0
155,2025-07-27 11:00:00,110,2548,79,70,5,0,90,4,highway,0,0.0,54.62693920564935,87.5
122,2025-07-27 12:00:00,72,1182,77,58,9,0,30,16,highway,0,0.0,54.750437367710084,95.5
124,2025-07-27 13:00:00,114,3177,96,56,44,0,230,14,city,0,0.02,54.5629819134736,68.0
120,2025-07-27 14:00:00,19,3793,79,48,30,0,139,14,highway,0,0.0,54.46276479663897,85.0
160,2025-07-27 15:00:00,103,1042,83,98,24,0,254,16,highway,0,0.0,54.776508429912944,78.0
162,2025-07-27 16:00:00,24,3811,115,91,1,0,31,8,city,1,0.99,54.46412810421852,99.5
151,2025-07-27 17:00:00,18,1896,80,15,9,0,162,18,highway,0,0.0,54.65614326384432,95.5
187,2025-07-27 18:00:00,4,2162,75,92,9,0,156,7,highway,0,0.0,54.623470413193786,95.5
124,2025-07-27 19:00:00,74,1902,90,62,25,0,117,3,highway,0,0.0,54.677363391885144,87.5
154,2025-07-27 20:00:00,78,2321,102,85,4,0,191,6,city,0,0.0,54.63721706772233,98.0
145,2025-07-27 21:00:00,71,2880,88,34,21,0,176,16,city,0,0.0,54.57686191659524,89.5
131,2025-07-27 22:00:00,82,3098,108,74,3,0,5,4,highway,1,0.95,54.55984475547407,98.5
154,2025-07-27 23:00:00,86,3253,93,14,54,0,12,19,city,0,0.02,54.54360139245221,73.0
195,2025-07-28 00:00:00,26,2831,87,74,33,1,59,2,highway,0,0.0,54.56328607095518,63.5
104,2025-07-28 01:00:00,39,1692,104,17,6,1,299,4,highway,0,0.01,54.685444167239275,77.0
135,2025-07-28 02:00:00,95,3577,112,48,49,1,250,2,city,1,0.99,54.514469435141464,55.5
148,2025-07-28 03:00:00,25,3608,106,52,16,0,93,7,city,1,0.98,54.48456069352513,92.0
157,2025-07-28 04:00:00,26,3090,88,91,10,0,111,15,city,0,0.02,54.53788716746126,95.0
138,2025-07-28 05:00:00,61,3613,93,82,52,0,295,17,highway,0,0.0,54.49703408975473,74.0
179,2025-07-28 06:00:00,82,1889,103,14,49,0,17,14,highway,0,0.01,54.68091581987417,75.5
196,2025-07-28 07:00:00,49,3040,91,13,7,0,220,11,highway,0,0.01,54.55232962178394,96.5
